-- phpMyAdmin SQL Dump
-- version 5.2.1
-- https://www.phpmyadmin.net/
--
-- Host: localhost
-- Generation Time: Feb 18, 2025 at 03:48 PM
-- Server version: 10.4.28-MariaDB
-- PHP Version: 8.2.4

SET SQL_MODE = "NO_AUTO_VALUE_ON_ZERO";
START TRANSACTION;
SET time_zone = "+00:00";


/*!40101 SET @OLD_CHARACTER_SET_CLIENT=@@CHARACTER_SET_CLIENT */;
/*!40101 SET @OLD_CHARACTER_SET_RESULTS=@@CHARACTER_SET_RESULTS */;
/*!40101 SET @OLD_COLLATION_CONNECTION=@@COLLATION_CONNECTION */;
/*!40101 SET NAMES utf8mb4 */;

--
-- Database: `formula2015maj2020`
--

-- --------------------------------------------------------

--
-- Table structure for table `jezyki`
--

CREATE TABLE `jezyki` (
  `Jezyk` varchar(255) NOT NULL,
  `Rodzina` varchar(255) NOT NULL
) ENGINE=InnoDB DEFAULT CHARSET=utf8mb4 COLLATE=utf8mb4_polish_ci;

--
-- Dumping data for table `jezyki`
--

INSERT INTO `jezyki` (`Jezyk`, `Rodzina`) VALUES
('aceh', 'austronezyjska'),
('acholi', 'nilo-saharyjska'),
('adhola', 'nilo-saharyjska'),
('adi', 'sino-tybetanska'),
('adygejski', 'abchasko-adygijska'),
('afar', 'afroazjatycka'),
('afrikaans', 'indoeuropejska'),
('aimaq', 'indoeuropejska'),
('akha', 'sino-tybetanska'),
('aklanon', 'austronezyjska'),
('albanski', 'indoeuropejska'),
('altajski', 'abchasko-adygijska'),
('alur', 'nilo-saharyjska'),
('alzacki', 'indoeuropejska'),
('ama', 'nilo-saharyjska'),
('ambonski', 'austronezyjska'),
('amharski', 'afroazjatycka'),
('angami', 'sino-tybetanska'),
('angielski', 'indoeuropejska'),
('ao', 'sino-tybetanska'),
('arabski', 'afroazjatycka'),
('aringa', 'nilo-saharyjska'),
('armenski', 'indoeuropejska'),
('assamski', 'indoeuropejska'),
('asu', 'nigero-kongijska'),
('asyryjski', 'afroazjatycka'),
('awarski', 'polnocno-wschodniokaukaska'),
('azerski', 'turecka'),
('bacama', 'afroazjatycka'),
('bahnar', 'austroazjatycka'),
('bai', 'sino-tybetanska'),
('bali', 'austronezyjska'),
('bandzarski', 'austronezyjska'),
('bangka', 'austronezyjska'),
('basasemawa', 'austronezyjska'),
('baskijski', 'jezyk izolowany'),
('baszkirski', 'turecka'),
('bata', 'afroazjatycka'),
('batakangkola', 'austronezyjska'),
('batakdairi', 'austronezyjska'),
('batakkaro', 'austronezyjska'),
('batakmandailing', 'austronezyjska'),
('bataksimalungun', 'austronezyjska'),
('bataktoba', 'austronezyjska'),
('bedawiyet', 'afroazjatycka'),
('beja', 'afroazjatycka'),
('beludzi', 'indoeuropejska'),
('bemba', 'nigero-kongijska'),
('bembe', 'nigero-kongijska'),
('bena', 'nigero-kongijska'),
('bengalski', 'indoeuropejska'),
('berta', 'nilo-saharyjska'),
('betawi', 'austronezyjska'),
('bhili', 'indoeuropejska'),
('bialoruski', 'indoeuropejska'),
('bikol', 'austronezyjska'),
('bima', 'austronezyjska'),
('birmanski', 'sino-tybetanska'),
('blang', 'austroazjatycka'),
('bodo', 'sino-tybetanska'),
('borana', 'afroazjatycka'),
('brahui', 'drawidyjska'),
('bretonski', 'indoeuropejska'),
('budu', 'nigero-kongijska'),
('bugis', 'austronezyjska'),
('bulgarski', 'indoeuropejska'),
('buriacki', 'mongolska'),
('buyei', 'dajska'),
('caolan', 'dajska'),
('cebuano', 'austronezyjska'),
('ch\'ol', 'majanska'),
('chaldejski', 'afroazjatycka'),
('cham', 'austronezyjska'),
('chavacano', 'indoeuropejska'),
('chidigo', 'nigero-kongijska'),
('chiduruma', 'nigero-kongijska'),
('chiga', 'nigero-kongijska'),
('chin', 'sino-tybetanska'),
('chinantec', 'otomang'),
('chokwe', 'nigero-kongijska'),
('coorgi', 'drawidyjska'),
('czeczenski', 'polnocno-wschodniokaukaska'),
('czuwaski', 'turecka'),
('dargwa', 'polnocno-wschodniokaukaska'),
('dari', 'indoeuropejska'),
('daur', 'mongolska'),
('dawida', 'nigero-kongijska'),
('dholuo', 'nilo-saharyjska'),
('dimasa', 'sino-tybetanska'),
('dogri', 'indoeuropejska'),
('domari', 'indoeuropejska'),
('dongxiang', 'mongolska'),
('edo', 'nigero-kongijska'),
('ekegusii', 'nigero-kongijska'),
('fipa', 'nigero-kongijska'),
('francuski', 'indoeuropejska'),
('friulski', 'indoeuropejska'),
('fula', 'nigero-kongijska'),
('fuliiru', 'nigero-kongijska'),
('fumbira', 'nigero-kongijska'),
('fur', 'nilo-saharyjska'),
('galicyjski', 'indoeuropejska'),
('gamo', 'afroazjatycka'),
('ganda', 'nigero-kongijska'),
('garo', 'sino-tybetanska'),
('gayo', 'austronezyjska'),
('gedeo', 'afroazjatycka'),
('gikuyu', 'nigero-kongijska'),
('gilaki', 'indoeuropejska'),
('gogo', 'nigero-kongijska'),
('gondi', 'drawidyjska'),
('gorontalo', 'austronezyjska'),
('grecki', 'indoeuropejska'),
('guarani', 'tupi'),
('gudzaracki', 'indoeuropejska'),
('gungu', 'nigero-kongijska'),
('gurage', 'afroazjatycka'),
('gurani', 'indoeuropejska'),
('gwere', 'nigero-kongijska'),
('ha', 'nigero-kongijska'),
('hadiyya', 'afroazjatycka'),
('hakka', 'hmong-mien'),
('halabi', 'indoeuropejska'),
('hangaza', 'nigero-kongijska'),
('hani', 'sino-tybetanska'),
('hausa', 'afroazjatycka'),
('haya', 'nigero-kongijska'),
('hazaragi', 'indoeuropejska'),
('hebrajski', 'afroazjatycka'),
('hehe', 'nigero-kongijska'),
('hiligaynon', 'austronezyjska'),
('hindi', 'indoeuropejska'),
('hiszpanski', 'indoeuropejska'),
('hlai', 'dajska'),
('hmong', 'hmong-mien'),
('ho', 'austroazjatycka'),
('hokkien', 'austronezyjska'),
('holenderski', 'indoeuropejska'),
('huastec', 'majanska'),
('ibanag', 'austronezyjska'),
('ibibio', 'nigero-kongijska'),
('idakho', 'nigero-kongijska'),
('igbo', 'nigero-kongijska'),
('ijaw', 'nigero-kongijska'),
('ilocano', 'austronezyjska'),
('indonezyjski', 'austronezyjska'),
('inguski', 'polnocno-wschodniokaukaska'),
('iraqw', 'afroazjatycka'),
('izere', 'nigero-kongijska'),
('jambi', 'austronezyjska'),
('japonski', 'jezyk izolowany'),
('jarai', 'austronezyjska'),
('jawajski', 'austronezyjska'),
('jidysz', 'indoeuropejska'),
('jingpo', 'sino-tybetanska'),
('jinpgho', 'sino-tybetanska'),
('jita', 'nigero-kongijska'),
('kabardyjski', 'abchasko-adygijska'),
('kabyle', 'afroazjatycka'),
('kafa', 'afroazjatycka'),
('kagulu', 'nigero-kongijska'),
('kakwa', 'nilo-saharyjska'),
('kam', 'dajska'),
('kamba', 'nigero-kongijska'),
('kannada', 'drawidyjska'),
('kantonski', 'sino-tybetanska'),
('kanuri', 'nilo-saharyjska'),
('kanyok', 'nigero-kongijska'),
('kapampangan', 'austronezyjska'),
('karaczajsko-balkarski', 'turecka'),
('karbi', 'sino-tybetanska'),
('karen', 'sino-tybetanska'),
('kaszmirski', 'indoeuropejska'),
('kaszubski', 'indoeuropejska'),
('katalonski', 'indoeuropejska'),
('kayah', 'sino-tybetanska'),
('kayan', 'sino-tybetanska'),
('kazakh', 'turecka'),
('keczua', 'keczua'),
('kele', 'nigero-kongijska'),
('kenye', 'nigero-kongijska'),
('kerewe', 'nigero-kongijska'),
('khammuang', 'dajska'),
('khandeshi', 'indoeuropejska'),
('kharia', 'austroazjatycka'),
('khasi', 'austroazjatycka'),
('khmerski', 'austroazjatycka'),
('khun', 'dajska'),
('kiembu', 'nigero-kongijska'),
('kigiryama', 'nigero-kongijska'),
('kimiiru', 'nigero-kongijska'),
('kimmun', 'hmong-mien'),
('kinaray-a', 'austronezyjska'),
('kinga', 'nigero-kongijska'),
('kinyarwanda', 'nigero-kongijska'),
('kipsigis', 'nilo-saharyjska'),
('kirgiski', 'turecka'),
('kisan', 'drawidyjska'),
('kitharaka', 'nigero-kongijska'),
('kituba', 'nigero-kongijska'),
('koho', 'austroazjatycka'),
('kolami', 'drawidyjska'),
('komering', 'austronezyjska'),
('komi', 'uralska'),
('konkani', 'indoeuropejska'),
('konyak', 'sino-tybetanska'),
('konzo', 'nigero-kongijska'),
('koongo', 'nigero-kongijska'),
('koreanski', 'jezyk izolowany'),
('korku', 'austroazjatycka'),
('koya', 'drawidyjska'),
('kri', 'algijska'),
('kui', 'drawidyjska'),
('kumam', 'nilo-saharyjska'),
('kumyk', 'turecka'),
('kupsapiiny', 'nilo-saharyjska'),
('kurdyjski', 'indoeuropejska'),
('kuria', 'nigero-kongijska'),
('kurukh', 'drawidyjska'),
('kuvi', 'drawidyjska'),
('kuy', 'austroazjatycka'),
('kwaya', 'nigero-kongijska'),
('ladakhi', 'sino-tybetanska'),
('lahu', 'sino-tybetanska'),
('lak', 'polnocno-wschodniokaukaska'),
('langi', 'nigero-kongijska'),
('lango', 'nilo-saharyjska'),
('lao', 'dajska'),
('laotanski', 'dajska'),
('lega-shabunda', 'nigero-kongijska'),
('lewotobi', 'austronezyjska'),
('lezgi', 'polnocno-wschodniokaukaska'),
('lingala', 'nigero-kongijska'),
('lisu', 'sino-tybetanska'),
('logo', 'nigero-kongijska'),
('lotha', 'sino-tybetanska'),
('luba-kasai', 'nigero-kongijska'),
('luba-katanga', 'nigero-kongijska'),
('lubukusu', 'nigero-kongijska'),
('lugbara', 'nilo-saharyjska'),
('luguru', 'nigero-kongijska'),
('lukabaras', 'nigero-kongijska'),
('lulogooli', 'nigero-kongijska'),
('luo', 'nilo-saharyjska'),
('luri', 'indoeuropejska'),
('lutachoni', 'nigero-kongijska'),
('ma\'di', 'nilo-saharyjska'),
('maasai', 'nilo-saharyjska'),
('macedonski', 'indoeuropejska'),
('machame', 'nigero-kongijska'),
('madurese', 'austronezyjska'),
('maguindanao', 'austronezyjska'),
('maithili', 'indoeuropejska'),
('makassarese', 'austronezyjska'),
('makhuwa-meetto', 'nigero-kongijska'),
('makonde', 'nigero-kongijska'),
('malayalam', 'drawidyjska'),
('malto', 'drawidyjska'),
('mambwe-lungu', 'nigero-kongijska'),
('mandarynski', 'sino-tybetanska'),
('mangbetu', 'nigero-kongijska'),
('manggarai', 'austronezyjska'),
('maonan', 'dajska'),
('mapuche', 'jezyk izolowany'),
('maranao', 'austronezyjska'),
('marathi', 'indoeuropejska'),
('markweeta', 'nilo-saharyjska'),
('maryjski', 'uralska'),
('masaaba', 'nigero-kongijska'),
('masalit', 'nilo-saharyjska'),
('masbateno', 'austronezyjska'),
('matengo', 'nigero-kongijska'),
('maya', 'majanska'),
('mayogo', 'nigero-kongijska'),
('mazahua', 'otomang'),
('mazatec', 'otomang'),
('mbadja', 'nigero-kongijska'),
('meitei', 'sino-tybetanska'),
('mien', 'hmong-mien'),
('minangkabau', 'austronezyjska'),
('minhasan', 'austronezyjska'),
('minnan', 'sino-tybetanska'),
('mishing', 'sino-tybetanska'),
('mixe', 'jezyk izolowany'),
('mixtec', 'otomang'),
('mizo', 'sino-tybetanska'),
('mochi', 'nigero-kongijska'),
('molukanski', 'austronezyjska'),
('mon', 'austroazjatycka'),
('mongo-nkundu', 'nigero-kongijska'),
('mongolski', 'mongolska'),
('mongondow', 'austronezyjska'),
('monguor', 'mongolska'),
('mulam', 'dajska'),
('muna', 'austronezyjska'),
('munda', 'austroazjatycka'),
('mundari', 'austroazjatycka'),
('muong', 'austroazjatycka'),
('musi', 'austronezyjska'),
('mwera', 'nigero-kongijska'),
('nahuatl', 'uto-aztecka'),
('nande', 'nigero-kongijska'),
('nandi', 'nilo-saharyjska'),
('nashi', 'sino-tybetanska'),
('navajo', 'na-dene'),
('ndali', 'nigero-kongijska'),
('ndebele', 'nigero-kongijska'),
('ndendule', 'nigero-kongijska'),
('nepalski', 'indoeuropejska'),
('ng\'akarimojong', 'nilo-saharyjska'),
('ngajudayak', 'austronezyjska'),
('ngaw', 'dajska'),
('ngbaka', 'nigero-kongijska'),
('ngbandi', 'nigero-kongijska'),
('ngingo', 'nigero-kongijska'),
('ngiti', 'nigero-kongijska'),
('ngoni', 'nigero-kongijska'),
('ngulu', 'nigero-kongijska'),
('nias', 'austronezyjska'),
('niemiecki', 'indoeuropejska'),
('nilamba', 'nigero-kongijska'),
('nissi', 'sino-tybetanska'),
('nobiin', 'nilo-saharyjska'),
('nung', 'dajska'),
('nyakyusa-ngonde', 'nigero-kongijska'),
('nyala', 'nigero-kongijska'),
('nyambo', 'nigero-kongijska'),
('nyamwezi', 'nigero-kongijska'),
('nyankore', 'nigero-kongijska'),
('nyaturu', 'nigero-kongijska'),
('nyiha', 'nigero-kongijska'),
('nyole', 'nilo-saharyjska'),
('nyoro', 'nigero-kongijska'),
('odia', 'indoeuropejska'),
('okcytanski', 'indoeuropejska'),
('okinawski', 'jezyk izolowany'),
('olukhayo', 'nigero-kongijska'),
('olumarachi', 'nigero-kongijska'),
('olumarama', 'nigero-kongijska'),
('olunyole', 'nigero-kongijska'),
('olusamia', 'nigero-kongijska'),
('olushisa', 'nigero-kongijska'),
('olutsotso', 'nigero-kongijska'),
('oluwanga', 'nigero-kongijska'),
('oromo', 'afroazjatycka'),
('osing', 'austronezyjska'),
('ossetic', 'indoeuropejska'),
('otomi', 'otomang'),
('pa\'o', 'sino-tybetanska'),
('paktai', 'dajska'),
('palaung', 'austroazjatycka'),
('pangasinan', 'austronezyjska'),
('pashai', 'indoeuropejska'),
('paszto', 'indoeuropejska'),
('pendzabski', 'indoeuropejska'),
('perski', 'indoeuropejska'),
('phende', 'nigero-kongijska'),
('phom', 'sino-tybetanska'),
('phuthai', 'dajska'),
('pogolo', 'nigero-kongijska'),
('pokoot', 'nilo-saharyjska'),
('polski', 'indoeuropejska'),
('portugalski', 'indoeuropejska'),
('purepecha', 'jezyk izolowany'),
('qiang', 'sino-tybetanska'),
('rabha', 'sino-tybetanska'),
('rade', 'austronezyjska'),
('rakhine', 'sino-tybetanska'),
('rejang', 'austronezyjska'),
('roglai', 'austronezyjska'),
('rohingya', 'indoeuropejska'),
('romski', 'indoeuropejska'),
('rosyjski', 'indoeuropejska'),
('rumunski', 'indoeuropejska'),
('ruund', 'nigero-kongijska'),
('saamia', 'nigero-kongijska'),
('sabaot', 'nilo-saharyjska'),
('safwa', 'nigero-kongijska'),
('sagalla', 'nigero-kongijska'),
('salar', 'turecka'),
('sanga', 'nigero-kongijska'),
('santali', 'austroazjatycka'),
('saraiki', 'indoeuropejska'),
('sasak', 'austronezyjska'),
('savara', 'austroazjatycka'),
('sedang', 'austroazjatycka'),
('sema', 'sino-tybetanska'),
('serbsko-chorwacki', 'indoeuropejska'),
('sesotho', 'nigero-kongijska'),
('shambala', 'nigero-kongijska'),
('shan', 'dajska'),
('shi', 'nigero-kongijska'),
('shubi', 'nigero-kongijska'),
('sidamo', 'afroazjatycka'),
('sindhi', 'indoeuropejska'),
('soga', 'nigero-kongijska'),
('somalijski', 'afroazjatycka'),
('songe', 'nigero-kongijska'),
('sotho', 'nigero-kongijska'),
('suahili', 'nigero-kongijska'),
('suazi', 'nigero-kongijska'),
('suba', 'nigero-kongijska'),
('sui', 'dajska'),
('sukuma', 'nigero-kongijska'),
('sumbwa', 'nigero-kongijska'),
('sundanese', 'austronezyjska'),
('surigaonon', 'austronezyjska'),
('taabwa', 'nigero-kongijska'),
('tabasaran', 'polnocno-wschodniokaukaska'),
('tachawit', 'afroazjatycka'),
('tachelhit', 'afroazjatycka'),
('tae', 'austronezyjska'),
('tagalog', 'austronezyjska'),
('taidaeng', 'dajska'),
('taidam', 'dajska'),
('taidon', 'dajska'),
('tajski', 'dajska'),
('talinga-bwisi', 'nigero-kongijska'),
('tamazight', 'afroazjatycka'),
('tamilski', 'drawidyjska'),
('tangkhul', 'sino-tybetanska'),
('tarift', 'afroazjatycka'),
('tatarski', 'turecka'),
('tausug', 'austronezyjska'),
('tavoyan', 'sino-tybetanska'),
('tay', 'dajska'),
('telugu', 'drawidyjska'),
('tembo', 'nigero-kongijska'),
('teso', 'nilo-saharyjska'),
('tetela', 'nigero-kongijska'),
('tetum', 'austronezyjska'),
('thado', 'sino-tybetanska'),
('thai', 'dajska'),
('thur', 'nilo-saharyjska'),
('tibetan', 'sino-tybetanska'),
('tigrinya', 'afroazjatycka'),
('tiv', 'nigero-kongijska'),
('tlapanec', 'otomang'),
('tolaki', 'austronezyjska'),
('tooro', 'nigero-kongijska'),
('toraja-sa\'dan', 'austronezyjska'),
('totonac', 'jezyk izolowany'),
('tripuri', 'sino-tybetanska'),
('tseltal', 'majanska'),
('tsonga', 'nigero-kongijska'),
('tsotsil', 'majanska'),
('tswana', 'nigero-kongijska'),
('tujia', 'sino-tybetanska'),
('tulu', 'drawidyjska'),
('turecki', 'turecka'),
('turkana', 'nilo-saharyjska'),
('turkmenski', 'turecka'),
('tuwinski', 'turecka'),
('uabmeto', 'austronezyjska'),
('ujgurski', 'turecka'),
('ukrainski', 'indoeuropejska'),
('urdu', 'indoeuropejska'),
('urum', 'turecka'),
('uzbecki', 'turecka'),
('va', 'austroazjatycka'),
('venda', 'nigero-kongijska'),
('vunjo', 'nigero-kongijska'),
('wa', 'austroazjatycka'),
('walijski', 'indoeuropejska'),
('waray-waray', 'austronezyjska'),
('wegierski', 'uralska'),
('wietnamski', 'austroazjatycka'),
('wloski', 'indoeuropejska'),
('wolaytta', 'afroazjatycka'),
('xhosa', 'nigero-kongijska'),
('xibe', 'tungusko-mandzurska'),
('yaka', 'nigero-kongijska'),
('yakan', 'austronezyjska'),
('yao', 'nigero-kongijska'),
('yawi', 'austronezyjska'),
('yi', 'sino-tybetanska'),
('yombe', 'nigero-kongijska'),
('yoruba', 'nigero-kongijska'),
('zaghawa', 'nilo-saharyjska'),
('zanaki', 'nigero-kongijska'),
('zande', 'nigero-kongijska'),
('zapotec', 'otomang'),
('zazaki', 'indoeuropejska'),
('zhuang', 'dajska'),
('zigula', 'nigero-kongijska'),
('zinza', 'nigero-kongijska'),
('zulu', 'nigero-kongijska');

-- --------------------------------------------------------

--
-- Table structure for table `panstwa`
--

CREATE TABLE `panstwa` (
  `Panstwo` varchar(255) NOT NULL,
  `Kontynent` varchar(255) NOT NULL,
  `Populacja` decimal(8,1) NOT NULL
) ENGINE=InnoDB DEFAULT CHARSET=utf8mb4 COLLATE=utf8mb4_polish_ci;

--
-- Dumping data for table `panstwa`
--

INSERT INTO `panstwa` (`Panstwo`, `Kontynent`, `Populacja`) VALUES
('Afganistan', 'Azja', 32.5),
('Algieria', 'Afryka', 39.7),
('Argentyna', 'Ameryka Poludniowa', 43.4),
('Bangladesz', 'Azja', 161.0),
('Birma', 'Azja', 51.4),
('Brazylia', 'Ameryka Poludniowa', 207.8),
('Chiny', 'Azja', 1367.0),
('DRK', 'Afryka', 77.3),
('Egipt', 'Afryka', 91.5),
('Etiopia', 'Afryka', 99.4),
('Filipiny', 'Azja', 100.7),
('Francja', 'Europa', 64.4),
('Hiszpania', 'Europa', 46.1),
('Indie', 'Azja', 1311.1),
('Indonezja', 'Azja', 257.6),
('Irak', 'Azja', 36.4),
('Iran', 'Azja', 79.1),
('Japonia', 'Azja', 126.6),
('Kanada', 'Ameryka Polnocna', 35.9),
('Kenia', 'Afryka', 46.1),
('Kolumbia', 'Ameryka Poludniowa', 48.2),
('Korea Poludniowa', 'Azja', 50.3),
('Maroko', 'Afryka', 34.4),
('Meksyk', 'Ameryka Polnocna', 127.0),
('Niemcy', 'Europa', 80.7),
('Nigeria', 'Afryka', 182.2),
('Pakistan', 'Azja', 188.9),
('Polska', 'Europa', 38.6),
('Poludniowa Afryka', 'Afryka', 54.5),
('Rosja', 'Europa', 143.5),
('Sudan', 'Afryka', 40.2),
('Tajlandia', 'Azja', 68.0),
('Tanzania', 'Afryka', 53.5),
('Turcja', 'Azja', 78.7),
('Uganda', 'Afryka', 39.0),
('Ukraina', 'Europa', 44.8),
('USA', 'Ameryka Polnocna', 321.8),
('Wielka Brytania', 'Europa', 64.7),
('Wietnam', 'Azja', 93.4),
('Wlochy', 'Europa', 59.8);

-- --------------------------------------------------------

--
-- Table structure for table `uzytkownicy`
--

CREATE TABLE `uzytkownicy` (
  `Panstwo` varchar(255) NOT NULL,
  `Jezyk` varchar(255) NOT NULL,
  `Uzytkownicy` decimal(8,1) NOT NULL,
  `Urzedowy` varchar(255) NOT NULL,
  `Id` int(11) NOT NULL
) ENGINE=InnoDB DEFAULT CHARSET=utf8mb4 COLLATE=utf8mb4_polish_ci;

--
-- Dumping data for table `uzytkownicy`
--

INSERT INTO `uzytkownicy` (`Panstwo`, `Jezyk`, `Uzytkownicy`, `Urzedowy`, `Id`) VALUES
('Chiny', 'mandarynski', 1212.0, 'tak', 1),
('Indie', 'hindi', 422.0, 'tak', 2),
('USA', 'angielski', 255.0, 'tak', 3),
('Brazylia', 'portugalski', 202.0, 'tak', 4),
('Bangladesz', 'bengalski', 157.9, 'tak', 5),
('Japonia', 'japonski', 125.0, 'tak', 6),
('Rosja', 'rosyjski', 119.0, 'tak', 7),
('Meksyk', 'hiszpanski', 118.0, 'tak', 8),
('Egipt', 'arabski', 89.0, 'tak', 9),
('Indonezja', 'jawajski', 84.3, 'nie', 10),
('Indie', 'bengalski', 83.4, 'nie', 11),
('Pakistan', 'pendzabski', 76.4, 'nie', 12),
('Indie', 'telugu', 74.0, 'nie', 13),
('Chiny', 'kantonski', 72.9, 'nie', 14),
('Indie', 'marathi', 71.9, 'nie', 15),
('Niemcy', 'niemiecki', 69.8, 'tak', 16),
('Wietnam', 'wietnamski', 65.8, 'tak', 17),
('Turcja', 'turecki', 64.9, 'tak', 18),
('Indie', 'tamilski', 60.8, 'nie', 19),
('Wielka Brytania', 'angielski', 59.8, 'tak', 20),
('Francja', 'francuski', 59.6, 'tak', 21),
('Wlochy', 'wloski', 55.0, 'tak', 22),
('Indie', 'urdu', 51.5, 'nie', 23),
('Korea Poludniowa', 'koreanski', 48.4, 'tak', 24),
('Kolumbia', 'hiszpanski', 47.5, 'tak', 25),
('Indie', 'gudzaracki', 46.1, 'nie', 26),
('Indonezja', 'sundanese', 42.0, 'nie', 27),
('USA', 'hiszpanski', 41.5, 'nie', 28),
('Iran', 'perski', 39.8, 'tak', 29),
('Argentyna', 'hiszpanski', 39.0, 'tak', 30),
('Indie', 'kannada', 37.9, 'nie', 31),
('Polska', 'polski', 37.8, 'tak', 32),
('Etiopia', 'oromo', 35.3, 'nie', 33),
('Hiszpania', 'hiszpanski', 34.1, 'tak', 34),
('Indie', 'malayalam', 33.1, 'nie', 35),
('Indie', 'odia', 33.0, 'nie', 36),
('Birma', 'birmanski', 32.9, 'tak', 37),
('Ukraina', 'ukrainski', 32.0, 'tak', 38),
('Etiopia', 'amharski', 30.6, 'tak', 39),
('Indie', 'pendzabski', 29.1, 'nie', 40),
('Algieria', 'arabski', 28.7, 'tak', 41),
('Pakistan', 'paszto', 26.7, 'nie', 42),
('Sudan', 'arabski', 26.7, 'tak', 43),
('Filipiny', 'tagalog', 26.4, 'tak', 44),
('Maroko', 'arabski', 25.0, 'tak', 45),
('Pakistan', 'sindhi', 24.4, 'nie', 46),
('Nigeria', 'igbo', 24.0, 'nie', 47),
('Indonezja', 'indonezyjski', 23.1, 'tak', 48),
('Irak', 'arabski', 22.4, 'tak', 49),
('Filipiny', 'cebuano', 21.3, 'nie', 50),
('Tajlandia', 'tajski', 20.0, 'tak', 51),
('Kanada', 'angielski', 19.4, 'tak', 52),
('Nigeria', 'yoruba', 18.9, 'nie', 53),
('Nigeria', 'hausa', 18.5, 'nie', 54),
('Pakistan', 'saraiki', 18.0, 'nie', 55),
('Chiny', 'zhuang', 16.9, 'nie', 56),
('Afganistan', 'dari', 16.2, 'tak', 57),
('Tajlandia', 'lao', 15.2, 'nie', 58),
('Tanzania', 'suahili', 15.0, 'tak', 59),
('Indonezja', 'madurese', 13.6, 'nie', 60),
('Iran', 'azerski', 13.5, 'nie', 61),
('Indie', 'assamski', 13.2, 'nie', 62),
('Pakistan', 'urdu', 13.1, 'tak', 63),
('Indie', 'maithili', 12.2, 'nie', 64),
('Poludniowa Afryka', 'zulu', 11.6, 'tak', 65),
('Chiny', 'ujgurski', 10.1, 'nie', 66),
('Indie', 'bhili', 9.6, 'nie', 67),
('Chiny', 'hmong', 9.4, 'nie', 68),
('Afganistan', 'paszto', 8.7, 'tak', 69),
('Chiny', 'yi', 8.7, 'nie', 70),
('Ukraina', 'rosyjski', 8.3, 'nie', 71),
('Poludniowa Afryka', 'xhosa', 8.2, 'tak', 72),
('Kanada', 'francuski', 8.1, 'tak', 73),
('Turcja', 'kurdyjski', 8.1, 'nie', 74),
('Algieria', 'kabyle', 8.0, 'nie', 75),
('Filipiny', 'ilocano', 7.8, 'nie', 76),
('Hiszpania', 'katalonski', 7.8, 'nie', 77),
('Iran', 'kurdyjski', 7.5, 'nie', 78),
('Irak', 'kurdyjski', 7.4, 'tak', 79),
('Tanzania', 'sukuma', 7.3, 'nie', 80),
('Filipiny', 'hiligaynon', 7.0, 'nie', 81),
('Poludniowa Afryka', 'afrikaans', 6.9, 'tak', 82),
('Kenia', 'gikuyu', 6.6, 'nie', 83),
('Etiopia', 'somalijski', 6.5, 'nie', 84),
('Indie', 'santali', 6.5, 'nie', 85),
('Chiny', 'tibetan', 6.3, 'nie', 86),
('DRK', 'luba-kasai', 6.3, 'tak', 87),
('Etiopia', 'tigrinya', 6.2, 'nie', 88),
('Pakistan', 'beludzi', 6.2, 'nie', 89),
('Chiny', 'mongolski', 6.0, 'nie', 90),
('Tajlandia', 'khammuang', 6.0, 'nie', 91),
('Uganda', 'ganda', 5.6, 'nie', 92),
('Indie', 'kaszmirski', 5.5, 'nie', 93),
('Indonezja', 'minangkabau', 5.5, 'nie', 94),
('Iran', 'gilaki', 5.3, 'nie', 95),
('Poludniowa Afryka', 'angielski', 4.9, 'tak', 96),
('Poludniowa Afryka', 'sotho', 4.6, 'tak', 97),
('Iran', 'luri', 4.5, 'nie', 98),
('Tajlandia', 'paktai', 4.5, 'nie', 99),
('Rosja', 'tatarski', 4.3, 'nie', 100),
('DRK', 'kituba', 4.2, 'tak', 101),
('Poludniowa Afryka', 'tswana', 4.1, 'tak', 102),
('Kenia', 'dholuo', 4.0, 'nie', 103),
('Nigeria', 'angielski', 4.0, 'tak', 104),
('Indonezja', 'musi', 3.9, 'nie', 105),
('Kenia', 'kamba', 3.9, 'nie', 106),
('Maroko', 'tachelhit', 3.9, 'nie', 107),
('Indonezja', 'minhasan', 3.8, 'nie', 108),
('Poludniowa Afryka', 'sesotho', 3.8, 'tak', 109),
('Indonezja', 'aceh', 3.5, 'nie', 110),
('Indonezja', 'bandzarski', 3.5, 'nie', 111),
('Indonezja', 'bugis', 3.5, 'nie', 112),
('Uganda', 'nyankore', 3.4, 'nie', 113),
('Indonezja', 'bali', 3.3, 'nie', 114),
('Birma', 'shan', 3.2, 'nie', 115),
('Hiszpania', 'galicyjski', 3.2, 'nie', 116),
('Filipiny', 'waray-waray', 3.1, 'nie', 117),
('DRK', 'koongo', 3.0, 'nie', 118),
('Nigeria', 'kanuri', 3.0, 'nie', 119),
('Uganda', 'soga', 3.0, 'nie', 120),
('Afganistan', 'uzbecki', 2.9, 'nie', 121),
('Chiny', 'kam', 2.9, 'nie', 122),
('Chiny', 'buyei', 2.9, 'nie', 123),
('Indie', 'nepalski', 2.9, 'nie', 124),
('USA', 'mandarynski', 2.9, 'nie', 125),
('Chiny', 'mien', 2.8, 'nie', 126),
('Indie', 'gondi', 2.7, 'nie', 127),
('Indonezja', 'betawi', 2.7, 'nie', 128),
('Birma', 'karen', 2.6, 'nie', 129),
('Filipiny', 'bikol', 2.5, 'nie', 130),
('Filipiny', 'kapampangan', 2.5, 'nie', 131),
('Indie', 'sindhi', 2.5, 'nie', 132),
('Indie', 'konkani', 2.5, 'nie', 133),
('Filipiny', 'pangasinan', 2.4, 'nie', 134),
('Kenia', 'somalijski', 2.4, 'nie', 135),
('Uganda', 'chiga', 2.4, 'nie', 136),
('Uganda', 'teso', 2.4, 'nie', 137),
('Etiopia', 'wolaytta', 2.3, 'nie', 138),
('Indie', 'dogri', 2.3, 'nie', 139),
('Maroko', 'tamazight', 2.3, 'tak', 140),
('Poludniowa Afryka', 'tsonga', 2.3, 'tak', 141),
('Filipiny', 'maranao', 2.2, 'nie', 142),
('Kenia', 'ekegusii', 2.2, 'nie', 143),
('Etiopia', 'gurage', 2.1, 'nie', 144),
('Etiopia', 'sidamo', 2.1, 'nie', 145),
('Indie', 'khandeshi', 2.1, 'nie', 146),
('Indonezja', 'sasak', 2.1, 'nie', 147),
('Rosja', 'niemiecki', 2.1, 'nie', 148),
('Uganda', 'lango', 2.1, 'nie', 149),
('USA', 'francuski', 2.1, 'nie', 150),
('Algieria', 'tachawit', 2.0, 'nie', 151),
('DRK', 'lingala', 2.0, 'tak', 152),
('Indonezja', 'bataktoba', 2.0, 'nie', 153),
('Irak', 'azerski', 2.0, 'nie', 154),
('Nigeria', 'ijaw', 2.0, 'nie', 155),
('Nigeria', 'tiv', 2.0, 'nie', 156),
('Sudan', 'bedawiyet', 2.0, 'nie', 157),
('Indonezja', 'ambonski', 1.9, 'nie', 158),
('Kenia', 'kipsigis', 1.9, 'nie', 159),
('Tanzania', 'gogo', 1.9, 'nie', 160),
('Afganistan', 'hazaragi', 1.8, 'nie', 161),
('Chiny', 'koreanski', 1.8, 'nie', 162),
('Etiopia', 'afar', 1.8, 'nie', 163),
('Etiopia', 'hadiyya', 1.8, 'nie', 164),
('Filipiny', 'tausug', 1.8, 'nie', 165),
('Filipiny', 'maguindanao', 1.8, 'nie', 166),
('Indie', 'kurukh', 1.8, 'nie', 167),
('Chiny', 'hani', 1.7, 'nie', 168),
('Indie', 'tulu', 1.7, 'nie', 169),
('Kenia', 'kimiiru', 1.7, 'nie', 170),
('Nigeria', 'fula', 1.7, 'nie', 171),
('Tanzania', 'haya', 1.7, 'nie', 172),
('Turcja', 'zazaki', 1.7, 'nie', 173),
('Uganda', 'masaaba', 1.7, 'nie', 174),
('Etiopia', 'gamo', 1.6, 'nie', 175),
('Indonezja', 'makassarese', 1.6, 'nie', 176),
('USA', 'tagalog', 1.6, 'nie', 177),
('Wietnam', 'tay', 1.6, 'nie', 178),
('Afganistan', 'turkmenski', 1.5, 'nie', 179),
('Argentyna', 'wloski', 1.5, 'nie', 180),
('Brazylia', 'niemiecki', 1.5, 'nie', 181),
('Chiny', 'hlai', 1.5, 'nie', 182),
('Chiny', 'kazakh', 1.5, 'nie', 183),
('DRK', 'luba-katanga', 1.5, 'nie', 184),
('Indie', 'meitei', 1.5, 'nie', 185),
('Iran', 'arabski', 1.5, 'nie', 186),
('Iran', 'beludzi', 1.5, 'nie', 187),
('Niemcy', 'turecki', 1.5, 'nie', 188),
('Nigeria', 'ibibio', 1.5, 'nie', 189),
('Uganda', 'acholi', 1.5, 'nie', 190),
('Etiopia', 'gedeo', 1.4, 'nie', 191),
('Indie', 'bodo', 1.4, 'nie', 192),
('Kenia', 'lubukusu', 1.4, 'nie', 193),
('Meksyk', 'nahuatl', 1.4, 'nie', 194),
('Rosja', 'czeczenski', 1.4, 'nie', 195),
('Tajlandia', 'khmerski', 1.4, 'nie', 196),
('Tajlandia', 'yawi', 1.4, 'nie', 197),
('USA', 'wietnamski', 1.4, 'nie', 198),
('Maroko', 'tarift', 1.3, 'nie', 199),
('Pakistan', 'uzbecki', 1.3, 'nie', 200),
('Poludniowa Afryka', 'suazi', 1.3, 'tak', 201),
('Tanzania', 'makonde', 1.3, 'nie', 202),
('Tanzania', 'nyamwezi', 1.3, 'nie', 203),
('Chiny', 'bai', 1.2, 'nie', 204),
('Filipiny', 'chavacano', 1.2, 'nie', 205),
('Indonezja', 'batakdairi', 1.2, 'nie', 206),
('Indonezja', 'bataksimalungun', 1.2, 'nie', 207),
('Poludniowa Afryka', 'venda', 1.2, 'tak', 208),
('Rosja', 'baszkirski', 1.2, 'nie', 209),
('Uganda', 'fumbira', 1.2, 'nie', 210),
('Etiopia', 'kafa', 1.1, 'nie', 211),
('Filipiny', 'kinaray-a', 1.1, 'nie', 212),
('Indie', 'khasi', 1.1, 'nie', 213),
('Indie', 'mundari', 1.1, 'nie', 214),
('Indonezja', 'batakmandailing', 1.1, 'nie', 215),
('Poludniowa Afryka', 'ndebele', 1.1, 'tak', 216),
('Rosja', 'ukrainski', 1.1, 'nie', 217),
('Tanzania', 'hehe', 1.1, 'nie', 218),
('Tanzania', 'nyakyusa-ngonde', 1.1, 'nie', 219),
('Turcja', 'arabski', 1.1, 'nie', 220),
('Uganda', 'lugbara', 1.1, 'nie', 221),
('USA', 'koreanski', 1.1, 'nie', 222),
('USA', 'niemiecki', 1.1, 'nie', 223),
('Wietnam', 'muong', 1.1, 'nie', 224),
('Wietnam', 'hmong', 1.1, 'nie', 225),
('Wietnam', 'khmerski', 1.1, 'nie', 226),
('Argentyna', 'arabski', 1.0, 'nie', 227),
('DRK', 'ngbaka', 1.0, 'nie', 228),
('DRK', 'songe', 1.0, 'nie', 229),
('Egipt', 'beja', 1.0, 'nie', 230),
('Filipiny', 'surigaonon', 1.0, 'nie', 231),
('Indie', 'ho', 1.0, 'nie', 232),
('Indonezja', 'hokkien', 1.0, 'nie', 233),
('Indonezja', 'jambi', 1.0, 'nie', 234),
('Japonia', 'okinawski', 1.0, 'nie', 235),
('Kenia', 'turkana', 1.0, 'nie', 236),
('Nigeria', 'edo', 1.0, 'nie', 237),
('Rosja', 'czuwaski', 1.0, 'nie', 238),
('Tanzania', 'ha', 1.0, 'nie', 239),
('Turcja', 'kabardyjski', 1.0, 'nie', 240),
('Uganda', 'alur', 1.0, 'nie', 241),
('Uganda', 'nyoro', 1.0, 'nie', 242),
('USA', 'rumunski', 1.0, 'nie', 243),
('USA', 'arabski', 1.0, 'nie', 244),
('Wietnam', 'nung', 1.0, 'nie', 245),
('Birma', 'jinpgho', 0.9, 'nie', 246),
('DRK', 'nande', 0.9, 'nie', 247),
('Francja', 'arabski', 0.9, 'nie', 248),
('Hiszpania', 'baskijski', 0.9, 'nie', 249),
('Indie', 'kui', 0.9, 'nie', 250),
('Indie', 'garo', 0.9, 'nie', 251),
('Indie', 'tripuri', 0.9, 'nie', 252),
('Indonezja', 'gorontalo', 0.9, 'nie', 253),
('Indonezja', 'mongondow', 0.9, 'nie', 254),
('Indonezja', 'ngajudayak', 0.9, 'nie', 255),
('Kenia', 'maasai', 0.9, 'nie', 256),
('Kenia', 'nandi', 0.9, 'nie', 257),
('Kenia', 'kigiryama', 0.9, 'nie', 258),
('Korea Poludniowa', 'mandarynski', 0.9, 'nie', 259),
('Uganda', 'konzo', 0.9, 'nie', 260),
('USA', 'rosyjski', 0.9, 'nie', 261),
('Wietnam', 'kantonski', 0.9, 'nie', 262),
('Argentyna', 'keczua', 0.8, 'nie', 263),
('Birma', 'rakhine', 0.8, 'nie', 264),
('Birma', 'rohingya', 0.8, 'nie', 265),
('Birma', 'chin', 0.8, 'nie', 266),
('Birma', 'mon', 0.8, 'nie', 267),
('DRK', 'alur', 0.8, 'nie', 268),
('DRK', 'tetela', 0.8, 'nie', 269),
('Indonezja', 'nias', 0.8, 'nie', 270),
('Meksyk', 'maya', 0.8, 'nie', 271),
('Niemcy', 'polski', 0.8, 'nie', 272),
('Tanzania', 'nyaturu', 0.8, 'nie', 273),
('Uganda', 'tooro', 0.8, 'nie', 274),
('Wlochy', 'rumunski', 0.8, 'nie', 275),
('Chiny', 'hakka', 0.7, 'nie', 276),
('Chiny', 'lisu', 0.7, 'nie', 277),
('DRK', 'zande', 0.7, 'nie', 278),
('DRK', 'yaka', 0.7, 'nie', 279),
('DRK', 'yombe', 0.7, 'nie', 280),
('DRK', 'shi', 0.7, 'nie', 281),
('Francja', 'alzacki', 0.7, 'nie', 282),
('Indie', 'mizo', 0.7, 'nie', 283),
('Indonezja', 'batakangkola', 0.7, 'nie', 284),
('Indonezja', 'minnan', 0.7, 'nie', 285),
('Indonezja', 'molukanski', 0.7, 'nie', 286),
('Rosja', 'armenski', 0.7, 'nie', 287),
('Rosja', 'awarski', 0.7, 'nie', 288),
('Sudan', 'fur', 0.7, 'nie', 289),
('Tanzania', 'luguru', 0.7, 'nie', 290),
('Tanzania', 'bena', 0.7, 'nie', 291),
('Tanzania', 'shambala', 0.7, 'nie', 292),
('Uganda', 'ng\'akarimojong', 0.7, 'nie', 293),
('USA', 'wloski', 0.7, 'nie', 294),
('USA', 'portugalski', 0.7, 'nie', 295),
('Wietnam', 'taidam', 0.7, 'nie', 296),
('Birma', 'pa\'o', 0.6, 'nie', 297),
('Chiny', 'dongxiang', 0.6, 'nie', 298),
('DRK', 'mangbetu', 0.6, 'nie', 299),
('Francja', 'okcytanski', 0.6, 'nie', 300),
('Francja', 'portugalski', 0.6, 'nie', 301),
('Indie', 'halabi', 0.6, 'nie', 302),
('Indie', 'korku', 0.6, 'nie', 303),
('Indie', 'mishing', 0.6, 'nie', 304),
('Indonezja', 'batakkaro', 0.6, 'nie', 305),
('Indonezja', 'uabmeto', 0.6, 'nie', 306),
('Kenia', 'pokoot', 0.6, 'nie', 307),
('Kenia', 'lulogooli', 0.6, 'nie', 308),
('Kenia', 'idakho', 0.6, 'nie', 309),
('Niemcy', 'wloski', 0.6, 'nie', 310),
('Niemcy', 'arabski', 0.6, 'nie', 311),
('Tanzania', 'maasai', 0.6, 'nie', 312),
('Tanzania', 'nilamba', 0.6, 'nie', 313),
('Tanzania', 'mochi', 0.6, 'nie', 314),
('Tanzania', 'yao', 0.6, 'nie', 315),
('Uganda', 'gwere', 0.6, 'nie', 316),
('Ukraina', 'jidysz', 0.6, 'nie', 317),
('USA', 'hindi', 0.6, 'nie', 318),
('USA', 'polski', 0.6, 'nie', 319),
('Wielka Brytania', 'polski', 0.6, 'nie', 320),
('Wielka Brytania', 'walijski', 0.6, 'nie', 321),
('Wlochy', 'friulski', 0.6, 'nie', 322),
('Afganistan', 'aimaq', 0.5, 'nie', 323),
('Birma', 'palaung', 0.5, 'nie', 324),
('Birma', 'mandarynski', 0.5, 'nie', 325),
('Brazylia', 'hiszpanski', 0.5, 'nie', 326),
('Chiny', 'lahu', 0.5, 'nie', 327),
('DRK', 'chokwe', 0.5, 'nie', 328),
('Filipiny', 'masbateno', 0.5, 'nie', 329),
('Filipiny', 'aklanon', 0.5, 'nie', 330),
('Francja', 'wloski', 0.5, 'nie', 331),
('Francja', 'hiszpanski', 0.5, 'nie', 332),
('Indie', 'munda', 0.5, 'nie', 333),
('Indonezja', 'bima', 0.5, 'nie', 334),
('Indonezja', 'komering', 0.5, 'nie', 335),
('Indonezja', 'manggarai', 0.5, 'nie', 336),
('Indonezja', 'toraja-sa\'dan', 0.5, 'nie', 337),
('Niemcy', 'kurdyjski', 0.5, 'nie', 338),
('Niemcy', 'rumunski', 0.5, 'nie', 339),
('Rosja', 'kabardyjski', 0.5, 'nie', 340),
('Rosja', 'maryjski', 0.5, 'nie', 341),
('Rosja', 'dargwa', 0.5, 'nie', 342),
('Rosja', 'azerski', 0.5, 'nie', 343),
('Rosja', 'ossetic', 0.5, 'nie', 344),
('Tajlandia', 'ngaw', 0.5, 'nie', 345),
('Tajlandia', 'phuthai', 0.5, 'nie', 346),
('Tanzania', 'makhuwa-meetto', 0.5, 'nie', 347),
('Tanzania', 'asu', 0.5, 'nie', 348),
('Tanzania', 'mwera', 0.5, 'nie', 349),
('Tanzania', 'iraqw', 0.5, 'nie', 350),
('Turcja', 'azerski', 0.5, 'nie', 351),
('Uganda', 'nyole', 0.5, 'nie', 352),
('Uganda', 'saamia', 0.5, 'nie', 353),
('Uganda', 'aringa', 0.5, 'nie', 354),
('Uganda', 'adhola', 0.5, 'nie', 355),
('Wlochy', 'arabski', 0.5, 'nie', 356),
('Afganistan', 'pashai', 0.4, 'nie', 357),
('Argentyna', 'niemiecki', 0.4, 'nie', 358),
('Birma', 'tavoyan', 0.4, 'nie', 359),
('Birma', 'wa', 0.4, 'nie', 360),
('Brazylia', 'japonski', 0.4, 'nie', 361),
('Chiny', 'va', 0.4, 'nie', 362),
('Chiny', 'sui', 0.4, 'nie', 363),
('DRK', 'sanga', 0.4, 'nie', 364),
('DRK', 'phende', 0.4, 'nie', 365),
('DRK', 'fuliiru', 0.4, 'nie', 366),
('DRK', 'lega-shabunda', 0.4, 'nie', 367),
('DRK', 'mongo-nkundu', 0.4, 'nie', 368),
('DRK', 'mbadja', 0.4, 'nie', 369),
('Egipt', 'nobiin', 0.4, 'nie', 370),
('Indie', 'karbi', 0.4, 'nie', 371),
('Indie', 'koya', 0.4, 'nie', 372),
('Indie', 'angielski', 0.4, 'tak', 373),
('Indonezja', 'rejang', 0.4, 'nie', 374),
('Indonezja', 'tetum', 0.4, 'nie', 375),
('Irak', 'perski', 0.4, 'nie', 376),
('Irak', 'turkmenski', 0.4, 'nie', 377),
('Kanada', 'pendzabski', 0.4, 'nie', 378),
('Kanada', 'hiszpanski', 0.4, 'nie', 379),
('Kanada', 'niemiecki', 0.4, 'nie', 380),
('Kanada', 'wloski', 0.4, 'nie', 381),
('Kanada', 'kantonski', 0.4, 'nie', 382),
('Kenia', 'chiduruma', 0.4, 'nie', 383),
('Meksyk', 'mixtec', 0.4, 'nie', 384),
('Meksyk', 'zapotec', 0.4, 'nie', 385),
('Meksyk', 'arabski', 0.4, 'nie', 386),
('Meksyk', 'tseltal', 0.4, 'nie', 387),
('Meksyk', 'angielski', 0.4, 'nie', 388),
('Poludniowa Afryka', 'hindi', 0.4, 'nie', 389),
('Rosja', 'kumyk', 0.4, 'nie', 390),
('Rosja', 'lezgi', 0.4, 'nie', 391),
('Sudan', 'masalit', 0.4, 'nie', 392),
('Tajlandia', 'karen', 0.4, 'nie', 393),
('Tajlandia', 'kuy', 0.4, 'nie', 394),
('Tanzania', 'kuria', 0.4, 'nie', 395),
('Tanzania', 'langi', 0.4, 'nie', 396),
('Tanzania', 'nyambo', 0.4, 'nie', 397),
('Tanzania', 'zigula', 0.4, 'nie', 398),
('Turcja', 'bulgarski', 0.4, 'nie', 399),
('USA', 'japonski', 0.4, 'nie', 400),
('USA', 'perski', 0.4, 'nie', 401),
('USA', 'urdu', 0.4, 'nie', 402),
('USA', 'gudzaracki', 0.4, 'nie', 403),
('Wlochy', 'albanski', 0.4, 'nie', 404),
('Bangladesz', 'hindi', 0.3, 'nie', 405),
('Birma', 'lisu', 0.3, 'nie', 406),
('Chiny', 'nashi', 0.3, 'nie', 407),
('Chiny', 'qiang', 0.3, 'nie', 408),
('Chiny', 'monguor', 0.3, 'nie', 409),
('DRK', 'bemba', 0.3, 'nie', 410),
('DRK', 'bembe', 0.3, 'nie', 411),
('DRK', 'kinyarwanda', 0.3, 'nie', 412),
('DRK', 'ngbandi', 0.3, 'nie', 413),
('DRK', 'taabwa', 0.3, 'nie', 414),
('Egipt', 'domari', 0.3, 'nie', 415),
('Filipiny', 'ibanag', 0.3, 'nie', 416),
('Francja', 'bretonski', 0.3, 'nie', 417),
('Indie', 'ao', 0.3, 'nie', 418),
('Indie', 'savara', 0.3, 'nie', 419),
('Indonezja', 'bangka', 0.3, 'nie', 420),
('Indonezja', 'basasemawa', 0.3, 'nie', 421),
('Indonezja', 'gayo', 0.3, 'nie', 422),
('Indonezja', 'kantonski', 0.3, 'nie', 423),
('Indonezja', 'lewotobi', 0.3, 'nie', 424),
('Indonezja', 'muna', 0.3, 'nie', 425),
('Indonezja', 'osing', 0.3, 'nie', 426),
('Indonezja', 'tae', 0.3, 'nie', 427),
('Indonezja', 'tolaki', 0.3, 'nie', 428),
('Kanada', 'arabski', 0.3, 'nie', 429),
('Kanada', 'tagalog', 0.3, 'nie', 430),
('Kenia', 'kiembu', 0.3, 'nie', 431),
('Kenia', 'chidigo', 0.3, 'nie', 432),
('Kenia', 'olunyole', 0.3, 'nie', 433),
('Kenia', 'oluwanga', 0.3, 'nie', 434),
('Kenia', 'borana', 0.3, 'nie', 435),
('Kenia', 'dawida', 0.3, 'nie', 436),
('Kenia', 'markweeta', 0.3, 'nie', 437),
('Kenia', 'nyala', 0.3, 'nie', 438),
('Kenia', 'kuria', 0.3, 'nie', 439),
('Kenia', 'lukabaras', 0.3, 'nie', 440),
('Meksyk', 'tsotsil', 0.3, 'nie', 441),
('Niemcy', 'grecki', 0.3, 'nie', 442),
('Niemcy', 'serbsko-chorwacki', 0.3, 'nie', 443),
('Niemcy', 'angielski', 0.3, 'nie', 444),
('Poludniowa Afryka', 'tamilski', 0.3, 'nie', 445),
('Rosja', 'inguski', 0.3, 'nie', 446),
('Rosja', 'karaczajsko-balkarski', 0.3, 'nie', 447),
('Sudan', 'kanuri', 0.3, 'nie', 448),
('Tanzania', 'machame', 0.3, 'nie', 449),
('Tanzania', 'vunjo', 0.3, 'nie', 450),
('Tanzania', 'mambwe-lungu', 0.3, 'nie', 451),
('Tanzania', 'gudzaracki', 0.3, 'nie', 452),
('Turcja', 'adygejski', 0.3, 'nie', 453),
('Uganda', 'suahili', 0.3, 'tak', 454),
('Uganda', 'ma\'di', 0.3, 'nie', 455),
('Uganda', 'kupsapiiny', 0.3, 'nie', 456),
('Uganda', 'kumam', 0.3, 'nie', 457),
('Ukraina', 'rumunski', 0.3, 'nie', 458),
('Ukraina', 'bialoruski', 0.3, 'nie', 459),
('Ukraina', 'tatarski', 0.3, 'nie', 460),
('USA', 'grecki', 0.3, 'nie', 461),
('USA', 'serbsko-chorwacki', 0.3, 'nie', 462),
('Wielka Brytania', 'urdu', 0.3, 'nie', 463),
('Wietnam', 'zhuang', 0.3, 'nie', 464),
('Wietnam', 'taidon', 0.3, 'nie', 465),
('Wlochy', 'hiszpanski', 0.3, 'nie', 466),
('Afganistan', 'beludzi', 0.2, 'nie', 467),
('Afganistan', 'brahui', 0.2, 'nie', 468),
('Argentyna', 'guarani', 0.2, 'nie', 469),
('Argentyna', 'jidysz', 0.2, 'nie', 470),
('Argentyna', 'katalonski', 0.2, 'nie', 471),
('Birma', 'akha', 0.2, 'nie', 472),
('Birma', 'lahu', 0.2, 'nie', 473),
('Birma', 'kayah', 0.2, 'nie', 474),
('Chiny', 'mulam', 0.2, 'nie', 475),
('Chiny', 'xibe', 0.2, 'nie', 476),
('Chiny', 'kirgiski', 0.2, 'nie', 477),
('DRK', 'logo', 0.2, 'nie', 478),
('DRK', 'kanyok', 0.2, 'nie', 479),
('DRK', 'budu', 0.2, 'nie', 480),
('DRK', 'kele', 0.2, 'nie', 481),
('DRK', 'ruund', 0.2, 'nie', 482),
('DRK', 'tembo', 0.2, 'nie', 483),
('Francja', 'niemiecki', 0.2, 'nie', 484),
('Francja', 'polski', 0.2, 'nie', 485),
('Francja', 'turecki', 0.2, 'nie', 486),
('Indie', 'konyak', 0.2, 'nie', 487),
('Indie', 'kharia', 0.2, 'nie', 488),
('Indie', 'malto', 0.2, 'nie', 489),
('Indie', 'nissi', 0.2, 'nie', 490),
('Indie', 'adi', 0.2, 'nie', 491),
('Indie', 'thado', 0.2, 'nie', 492),
('Indie', 'lotha', 0.2, 'nie', 493),
('Indie', 'coorgi', 0.2, 'nie', 494),
('Indie', 'rabha', 0.2, 'nie', 495),
('Irak', 'gurani', 0.2, 'nie', 496),
('Irak', 'asyryjski', 0.2, 'nie', 497),
('Japonia', 'mandarynski', 0.2, 'nie', 498),
('Kanada', 'mandarynski', 0.2, 'nie', 499),
('Kanada', 'portugalski', 0.2, 'nie', 500),
('Kanada', 'polski', 0.2, 'nie', 501),
('Kanada', 'urdu', 0.2, 'nie', 502),
('Kanada', 'perski', 0.2, 'nie', 503),
('Kanada', 'rosyjski', 0.2, 'nie', 504),
('Kenia', 'sabaot', 0.2, 'nie', 505),
('Kenia', 'kitharaka', 0.2, 'nie', 506),
('Kenia', 'olumarachi', 0.2, 'nie', 507),
('Kenia', 'olumarama', 0.2, 'nie', 508),
('Meksyk', 'otomi', 0.2, 'nie', 509),
('Meksyk', 'totonac', 0.2, 'nie', 510),
('Meksyk', 'mazatec', 0.2, 'nie', 511),
('Meksyk', 'ch\'ol', 0.2, 'nie', 512),
('Niemcy', 'rosyjski', 0.2, 'nie', 513),
('Niemcy', 'bulgarski', 0.2, 'nie', 514),
('Niemcy', 'albanski', 0.2, 'nie', 515),
('Niemcy', 'wegierski', 0.2, 'nie', 516),
('Niemcy', 'hiszpanski', 0.2, 'nie', 517),
('Nigeria', 'arabski', 0.2, 'nie', 518),
('Nigeria', 'bacama', 0.2, 'nie', 519),
('Nigeria', 'bata', 0.2, 'nie', 520),
('Pakistan', 'rohingya', 0.2, 'nie', 521),
('Pakistan', 'arabski', 0.2, 'nie', 522),
('Rosja', 'komi', 0.2, 'nie', 523),
('Rosja', 'buriacki', 0.2, 'nie', 524),
('Rosja', 'tuwinski', 0.2, 'nie', 525),
('Sudan', 'berta', 0.2, 'nie', 526),
('Sudan', 'zaghawa', 0.2, 'nie', 527),
('Tanzania', 'nyiha', 0.2, 'nie', 528),
('Tanzania', 'kagulu', 0.2, 'nie', 529),
('Tanzania', 'ngingo', 0.2, 'nie', 530),
('Tanzania', 'jita', 0.2, 'nie', 531),
('Tanzania', 'fipa', 0.2, 'nie', 532),
('Tanzania', 'sumbwa', 0.2, 'nie', 533),
('Tanzania', 'pogolo', 0.2, 'nie', 534),
('Tanzania', 'ngoni', 0.2, 'nie', 535),
('Tanzania', 'safwa', 0.2, 'nie', 536),
('Tanzania', 'shubi', 0.2, 'nie', 537),
('Tanzania', 'hangaza', 0.2, 'nie', 538),
('Tanzania', 'matengo', 0.2, 'nie', 539),
('Tanzania', 'ndali', 0.2, 'nie', 540),
('Uganda', 'kakwa', 0.2, 'nie', 541),
('Ukraina', 'bulgarski', 0.2, 'nie', 542),
('Ukraina', 'wegierski', 0.2, 'nie', 543),
('USA', 'armenski', 0.2, 'nie', 544),
('USA', 'hebrajski', 0.2, 'nie', 545),
('USA', 'khmerski', 0.2, 'nie', 546),
('USA', 'hmong', 0.2, 'nie', 547),
('USA', 'navajo', 0.2, 'nie', 548),
('USA', 'thai', 0.2, 'nie', 549),
('USA', 'jidysz', 0.2, 'nie', 550),
('Wielka Brytania', 'pendzabski', 0.2, 'nie', 551),
('Wielka Brytania', 'bengalski', 0.2, 'nie', 552),
('Wielka Brytania', 'gudzaracki', 0.2, 'nie', 553),
('Wielka Brytania', 'arabski', 0.2, 'nie', 554),
('Wietnam', 'jarai', 0.2, 'nie', 555),
('Wietnam', 'phuthai', 0.2, 'nie', 556),
('Wietnam', 'rade', 0.2, 'nie', 557),
('Wietnam', 'kimmun', 0.2, 'nie', 558),
('Wietnam', 'caolan', 0.2, 'nie', 559),
('Wietnam', 'koho', 0.2, 'nie', 560),
('Wietnam', 'cham', 0.2, 'nie', 561),
('Wietnam', 'bahnar', 0.2, 'nie', 562),
('Wlochy', 'mandarynski', 0.2, 'nie', 563),
('Argentyna', 'mapuche', 0.1, 'nie', 564),
('Birma', 'kayan', 0.1, 'nie', 565),
('Birma', 'khun', 0.1, 'nie', 566),
('Chiny', 'jingpo', 0.1, 'nie', 567),
('Chiny', 'daur', 0.1, 'nie', 568),
('Chiny', 'salar', 0.1, 'nie', 569),
('Chiny', 'blang', 0.1, 'nie', 570),
('Chiny', 'maonan', 0.1, 'nie', 571),
('Chiny', 'tujia', 0.1, 'nie', 572),
('DRK', 'mayogo', 0.1, 'nie', 573),
('DRK', 'ngiti', 0.1, 'nie', 574),
('Filipiny', 'yakan', 0.1, 'nie', 575),
('Indie', 'tangkhul', 0.1, 'nie', 576),
('Indie', 'kisan', 0.1, 'nie', 577),
('Indie', 'angami', 0.1, 'nie', 578),
('Indie', 'phom', 0.1, 'nie', 579),
('Indie', 'kolami', 0.1, 'nie', 580),
('Indie', 'kuvi', 0.1, 'nie', 581),
('Indie', 'dimasa', 0.1, 'nie', 582),
('Indie', 'ladakhi', 0.1, 'nie', 583),
('Indie', 'sema', 0.1, 'nie', 584),
('Irak', 'chaldejski', 0.1, 'nie', 585),
('Kanada', 'wietnamski', 0.1, 'nie', 586),
('Kanada', 'koreanski', 0.1, 'nie', 587),
('Kanada', 'tamilski', 0.1, 'nie', 588),
('Kanada', 'ukrainski', 0.1, 'nie', 589),
('Kanada', 'holenderski', 0.1, 'nie', 590),
('Kanada', 'grecki', 0.1, 'nie', 591),
('Kanada', 'gudzaracki', 0.1, 'nie', 592),
('Kanada', 'hindi', 0.1, 'nie', 593),
('Kanada', 'rumunski', 0.1, 'nie', 594),
('Kanada', 'kri', 0.1, 'nie', 595),
('Kenia', 'suba', 0.1, 'nie', 596),
('Kenia', 'olushisa', 0.1, 'nie', 597),
('Kenia', 'olukhayo', 0.1, 'nie', 598),
('Kenia', 'olusamia', 0.1, 'nie', 599),
('Kenia', 'olutsotso', 0.1, 'nie', 600),
('Kenia', 'lutachoni', 0.1, 'nie', 601),
('Kenia', 'suahili', 0.1, 'tak', 602),
('Kenia', 'sagalla', 0.1, 'nie', 603),
('Korea Poludniowa', 'angielski', 0.1, 'nie', 604),
('Korea Poludniowa', 'wietnamski', 0.1, 'nie', 605),
('Meksyk', 'huastec', 0.1, 'nie', 606),
('Meksyk', 'chinantec', 0.1, 'nie', 607),
('Meksyk', 'mixe', 0.1, 'nie', 608),
('Meksyk', 'mazahua', 0.1, 'nie', 609),
('Meksyk', 'purepecha', 0.1, 'nie', 610),
('Meksyk', 'tlapanec', 0.1, 'nie', 611),
('Niemcy', 'ukrainski', 0.1, 'nie', 612),
('Niemcy', 'francuski', 0.1, 'nie', 613),
('Niemcy', 'mandarynski', 0.1, 'nie', 614),
('Niemcy', 'macedonski', 0.1, 'nie', 615),
('Nigeria', 'izere', 0.1, 'nie', 616),
('Polska', 'kaszubski', 0.1, 'nie', 617),
('Polska', 'angielski', 0.1, 'nie', 618),
('Polska', 'niemiecki', 0.1, 'nie', 619),
('Rosja', 'lak', 0.1, 'nie', 620),
('Rosja', 'altajski', 0.1, 'nie', 621),
('Rosja', 'romski', 0.1, 'nie', 622),
('Rosja', 'tabasaran', 0.1, 'nie', 623),
('Rosja', 'adygejski', 0.1, 'nie', 624),
('Sudan', 'ama', 0.1, 'nie', 625),
('Tanzania', 'kinga', 0.1, 'nie', 626),
('Tanzania', 'luo', 0.1, 'nie', 627),
('Tanzania', 'zinza', 0.1, 'nie', 628),
('Tanzania', 'ngulu', 0.1, 'nie', 629),
('Tanzania', 'kwaya', 0.1, 'nie', 630),
('Tanzania', 'suba', 0.1, 'nie', 631),
('Tanzania', 'kerewe', 0.1, 'nie', 632),
('Tanzania', 'ndendule', 0.1, 'nie', 633),
('Tanzania', 'zanaki', 0.1, 'nie', 634),
('Turcja', 'tatarski', 0.1, 'nie', 635),
('Uganda', 'pokoot', 0.1, 'nie', 636),
('Uganda', 'talinga-bwisi', 0.1, 'nie', 637),
('Uganda', 'kenye', 0.1, 'nie', 638),
('Uganda', 'gungu', 0.1, 'nie', 639),
('Uganda', 'thur', 0.1, 'nie', 640),
('Ukraina', 'polski', 0.1, 'nie', 641),
('Ukraina', 'armenski', 0.1, 'nie', 642),
('Ukraina', 'urum', 0.1, 'nie', 643),
('USA', 'laotanski', 0.1, 'nie', 644),
('USA', 'wegierski', 0.1, 'nie', 645),
('Wielka Brytania', 'portugalski', 0.1, 'nie', 646),
('Wielka Brytania', 'hiszpanski', 0.1, 'nie', 647),
('Wielka Brytania', 'tamilski', 0.1, 'nie', 648),
('Wietnam', 'roglai', 0.1, 'nie', 649),
('Wietnam', 'sedang', 0.1, 'nie', 650),
('Wietnam', 'taidaeng', 0.1, 'nie', 651),
('Wlochy', 'rosyjski', 0.1, 'nie', 652),
('Wlochy', 'ukrainski', 0.1, 'nie', 653),
('Wlochy', 'francuski', 0.1, 'nie', 654),
('Wlochy', 'okcytanski', 0.1, 'nie', 655),
('Wlochy', 'serbsko-chorwacki', 0.1, 'nie', 656);

--
-- Indexes for dumped tables
--

--
-- Indexes for table `jezyki`
--
ALTER TABLE `jezyki`
  ADD PRIMARY KEY (`Jezyk`);

--
-- Indexes for table `panstwa`
--
ALTER TABLE `panstwa`
  ADD PRIMARY KEY (`Panstwo`);

--
-- Indexes for table `uzytkownicy`
--
ALTER TABLE `uzytkownicy`
  ADD PRIMARY KEY (`Id`),
  ADD KEY `Panstwo` (`Panstwo`),
  ADD KEY `Jezyk` (`Jezyk`);

--
-- AUTO_INCREMENT for dumped tables
--

--
-- AUTO_INCREMENT for table `uzytkownicy`
--
ALTER TABLE `uzytkownicy`
  MODIFY `Id` int(11) NOT NULL AUTO_INCREMENT, AUTO_INCREMENT=1024;
COMMIT;

/*!40101 SET CHARACTER_SET_CLIENT=@OLD_CHARACTER_SET_CLIENT */;
/*!40101 SET CHARACTER_SET_RESULTS=@OLD_CHARACTER_SET_RESULTS */;
/*!40101 SET COLLATION_CONNECTION=@OLD_COLLATION_CONNECTION */;
