-- phpMyAdmin SQL Dump
-- version 5.2.1
-- https://www.phpmyadmin.net/
--
-- Host: localhost
-- Generation Time: Feb 19, 2025 at 05:05 PM
-- Server version: 10.4.28-MariaDB
-- PHP Version: 8.2.4

SET SQL_MODE = "NO_AUTO_VALUE_ON_ZERO";
START TRANSACTION;
SET time_zone = "+00:00";


/*!40101 SET @OLD_CHARACTER_SET_CLIENT=@@CHARACTER_SET_CLIENT */;
/*!40101 SET @OLD_CHARACTER_SET_RESULTS=@@CHARACTER_SET_RESULTS */;
/*!40101 SET @OLD_COLLATION_CONNECTION=@@COLLATION_CONNECTION */;
/*!40101 SET NAMES utf8mb4 */;

--
-- Database: `formula2015maj2017`
--

-- --------------------------------------------------------

--
-- Table structure for table `druzyny`
--

CREATE TABLE `druzyny` (
  `Id_druzyny` int(11) NOT NULL,
  `Nazwa` varchar(255) NOT NULL,
  `Miasto` varchar(255) NOT NULL
) ENGINE=InnoDB DEFAULT CHARSET=utf8mb4 COLLATE=utf8mb4_polish_ci;

--
-- Dumping data for table `druzyny`
--

INSERT INTO `druzyny` (`Id_druzyny`, `Nazwa`, `Miasto`) VALUES
(1, 'Srebrne Pumy', 'Olsztyn'),
(2, 'Srebrne Gazele', 'Sandomierz'),
(3, 'Nocne Konie', 'Kucykowo'),
(4, 'Szybkie Gazele', 'Konin'),
(5, 'Waleczne Sowy', 'Piaseczno'),
(6, 'Radosne Konie', 'Rypin'),
(7, 'Nieustraszone Owce', 'Kucykowo'),
(8, 'Zielone Mewy', 'Krosno'),
(9, 'Zwinne Gazele', 'Turek'),
(10, 'Silne Foki', 'Opole'),
(11, 'Czarne Pumy', 'Rypin'),
(12, 'Szybkie Foki', 'Warka'),
(13, 'Szybkie Mewy', 'Bydgoszcz'),
(14, 'Czarne Delfiny', 'Konin'),
(15, 'Zielone Gazele', 'Sochaczew'),
(16, 'Srebrne Kotki', 'Bytom'),
(17, 'Waleczne Kotki', 'Gdynia'),
(18, 'Nieustraszone Foki', 'Sochaczew'),
(19, 'Radosne Mewy', 'Gniezno'),
(20, 'Silne Sikory', 'Otwock'),
(21, 'Nieustraszone Pumy', 'Piaseczno'),
(22, 'Szybkie Owce', 'Chojnice'),
(23, 'Szybkie Kotki', 'Sopot'),
(24, 'Waleczne Sikory', 'Szczecin'),
(25, 'Zielone Sowy', 'Kucykowo'),
(26, 'Silne Kotki', 'Leszno'),
(27, 'Radosne Gazele', 'Radom'),
(28, 'Waleczne Gazele', 'Kucykowo'),
(29, 'Szybkie Sowy', 'Ustka'),
(30, 'Nocne Gazele', 'Bydgoszcz'),
(31, 'Silne Owce', 'Bydgoszcz'),
(32, 'Waleczne Konie', 'Gdynia'),
(33, 'Zwinne Sowy', 'Warszawa'),
(34, 'Radosne Sowy', 'Konin'),
(35, 'Srebrne Konie', 'Radom'),
(36, 'Zielone Kotki', 'Warszawa'),
(37, 'Nieustraszone Kotki', 'Turek'),
(38, 'Nieustraszone Gazele', 'Radom'),
(39, 'Zielone Sikory', 'Wieliczka'),
(40, 'Nocne Mewy', 'Szczecin'),
(41, 'Zwinne Sikory', 'Leszno'),
(42, 'Zielone Konie', 'Pleszew'),
(43, 'Zwinne Konie', 'Gniezno'),
(44, 'Radosne Pumy', 'Sopot'),
(45, 'Waleczne Pumy', 'Krosno'),
(46, 'Szybkie Konie', 'Konin'),
(47, 'Zielone Pumy', 'Pleszew'),
(48, 'Zwinne Mewy', 'Chojnice'),
(49, 'Nieustraszone Konie', 'Sochaczew'),
(50, 'Silne Delfiny', 'Turek'),
(51, 'Radosne Foki', 'Leszno'),
(52, 'Czarne Mewy', 'Bytom'),
(53, 'Szybkie Sikory', 'Koszalin'),
(54, 'Czarne Foki', 'Chojnice'),
(55, 'Czarne Sowy', 'Sopot'),
(56, 'Srebrne Foki', 'Radom'),
(57, 'Srebrne Delfiny', 'Chojnice'),
(58, 'Czarne Owce', 'Wieliczka'),
(59, 'Zwinne Foki', 'Kucykowo'),
(60, 'Czarne Gazele', 'Bytom'),
(61, 'Zielone Owce', 'Radom'),
(62, 'Nieustraszone Sikory', 'Malbork'),
(63, 'Nocne Sikory', 'Gniezno'),
(64, 'Radosne Kotki', 'Leszno'),
(65, 'Nocne Kotki', 'Malbork'),
(66, 'Srebrne Sikory', 'Bytom'),
(67, 'Srebrne Owce', 'Bytom'),
(68, 'Waleczne Mewy', 'Sochaczew'),
(69, 'Czarne Kotki', 'Kucykowo'),
(70, 'Zielone Foki', 'Bytom'),
(71, 'Radosne Delfiny', 'Sandomierz'),
(72, 'Srebrne Mewy', 'Opole'),
(73, 'Nieustraszone Delfiny', 'Piaseczno'),
(74, 'Silne Gazele', 'Pleszew'),
(75, 'Silne Konie', 'Sopot'),
(76, 'Zwinne Owce', 'Leszno'),
(77, 'Szybkie Delfiny', 'Radom'),
(78, 'Nocne Delfiny', 'Warka'),
(79, 'Nocne Sowy', 'Szczecin'),
(80, 'Srebrne Sowy', 'Warka'),
(81, 'Nocne Foki', 'Katowice'),
(82, 'Silne Pumy', 'Malbork'),
(83, 'Nieustraszone Mewy', 'Pleszew'),
(84, 'Nocne Pumy', 'Opole'),
(85, 'Zielone Delfiny', 'Sochaczew'),
(86, 'Waleczne Owce', 'Sopot'),
(87, 'Szybkie Pumy', 'Piaseczno'),
(88, 'Nocne Owce', 'Wieliczka'),
(89, 'Silne Sowy', 'Bydgoszcz'),
(90, 'Radosne Owce', 'Wieliczka'),
(91, 'Radosne Sikory', 'Bydgoszcz'),
(92, 'Silne Mewy', 'Turek'),
(93, 'Waleczne Delfiny', 'Bydgoszcz'),
(94, 'Nieustraszone Sowy', 'Opole'),
(95, 'Czarne Konie', 'Siedlce'),
(96, 'Zwinne Delfiny', 'Sopot'),
(97, 'Waleczne Foki', 'Konin'),
(98, 'Zwinne Pumy', 'Wieliczka'),
(99, 'Czarne Sikory', 'Malbork'),
(100, 'Zwinne Kotki', 'Konin');

-- --------------------------------------------------------

--
-- Table structure for table `sedziowie`
--

CREATE TABLE `sedziowie` (
  `Nr_licencji` varchar(255) NOT NULL,
  `Imie` varchar(255) NOT NULL,
  `Nazwisko` varchar(255) NOT NULL
) ENGINE=InnoDB DEFAULT CHARSET=utf8mb4 COLLATE=utf8mb4_polish_ci;

--
-- Dumping data for table `sedziowie`
--

INSERT INTO `sedziowie` (`Nr_licencji`, `Imie`, `Nazwisko`) VALUES
('AC6776', 'Danuta', 'Sliwinska'),
('AE8520', 'Aleksandra', 'Zarecka'),
('AF0406', 'Anna', 'Kowalska'),
('AH1813', 'Ewa', 'Solowiej'),
('AL0276', 'Monika', 'Andrzejewska'),
('AL0516', 'Justyna', 'Adamczyk'),
('BA8536', 'Irena', 'Kaniuka'),
('BD2668', 'Aleksandra', 'Andrzejewska'),
('BE7135', 'Anna', 'Kuc'),
('BG3958', 'Justyna', 'Souidi'),
('BH4791', 'Halina', 'Baranowska'),
('BK0467', 'Ewa', 'Krawczyk'),
('BK1091', 'Halina', 'Kowalczyk'),
('BK3185', 'Joanna', 'Dabrowska'),
('BM1491', 'Barbara', 'Grabowska'),
('BM1707', 'Ewa', 'Chmielewska'),
('BN0058', 'Monika', 'Kaczmarczyk'),
('BO2844', 'Barbara', 'Chojecka'),
('CB0779', 'Aleksandra', 'Daniszewska'),
('CB4868', 'Justyna', 'Belz'),
('CC2032', 'Irena', 'Kurzawa'),
('CC2131', 'Joanna', 'Wegrzynowska'),
('CC2382', 'Monika', 'Podles'),
('CD1569', 'Aleksandra', 'Partyka'),
('CD4940', 'Ewa', 'Sokolowska'),
('CG2416', 'Karolina', 'Falkowska'),
('CG4272', 'Maria', 'Jaworska'),
('CI9947', 'Beata', 'Pomianowska'),
('CJ1222', 'Marta', 'Kruszewska'),
('CK3922', 'Barbara', 'Kwiatkowska'),
('CL0417', 'Janina', 'Smardzewska'),
('CM4985', 'Marta', 'Strus'),
('CM5307', 'Halina', 'Pultorak'),
('CO0129', 'Marta', 'Borowska'),
('DB8778', 'Weronika', 'Malinowska'),
('DD6072', 'Joanna', 'Kedzierska'),
('DG8761', 'Justyna', 'Wojciechowska'),
('DH8211', 'Weronika', 'Sztandera'),
('DH9404', 'Hanna', 'Baran'),
('DH9504', 'Halina', 'Jankowska'),
('DK2276', 'Justyna', 'Bielska'),
('DM2649', 'Beata', 'Kaczmarek'),
('EA2760', 'Karolina', 'Borkowska'),
('EA8040', 'Karolina', 'Lewandowska'),
('EC3836', 'Hanna', 'Stepniewska'),
('EC7230', 'Marta', 'Majewska'),
('EC9655', 'Maria', 'Kowalczyk'),
('ED6908', 'Maria', 'Jezierska'),
('ED9021', 'Ewa', 'Duda'),
('EF7826', 'Beata', 'Di'),
('EH5353', 'Krystyna', 'Cocek'),
('EI7865', 'Irena', 'Jakubowska'),
('EK9834', 'Barbara', 'Kozlowska'),
('EL2665', 'Halina', 'Dudek'),
('EO1314', 'Maria', 'Piekut'),
('FD5161', 'Marta', 'Zawadzka'),
('FJ4894', 'Weronika', 'Muszkowska'),
('FJ7779', 'Hanna', 'Tomaszewska'),
('FL7016', 'Joanna', 'Malinowska'),
('FM5178', 'Joanna', 'Bielenda'),
('FN7893', 'Danuta', 'Ostrowska'),
('FO5588', 'Anna', 'Deisenberg'),
('FO8717', 'Aleksandra', 'Przybylska'),
('GB3665', 'Beata', 'Walczak'),
('GD7953', 'Anna', 'Gregorczuk'),
('GE4887', 'Anna', 'Paczos'),
('GI1011', 'Zofia', 'Mrozek'),
('GI5453', 'Hanna', 'Jastrzebiowska'),
('GI7976', 'Zofia', 'Kowalska'),
('GK1108', 'Weronika', 'Januszewska'),
('GK3186', 'Karolina', 'Michalska'),
('GK6479', 'Ewa', 'Michalak'),
('GL3406', 'Maria', 'Nowak'),
('GL4271', 'Monika', 'Marciniak'),
('GL5807', 'Hanna', 'Rutkowska'),
('GM9240', 'Janina', 'Zalewska'),
('GN5798', 'Janina', 'Sikora'),
('HA4297', 'Zofia', 'Sawicka'),
('HA8767', 'Joanna', 'Szymczak'),
('HC8385', 'Justyna', 'Nowicka'),
('HF4351', 'Danuta', 'Mazur'),
('HF6490', 'Krystyna', 'Sokolowska'),
('HH7146', 'Karolina', 'Piotrowska'),
('HJ7005', 'Monika', 'Puza'),
('HN3479', 'Beata', 'Szymanska'),
('HN8188', 'Karolina', 'Wilk'),
('IA9782', 'Irena', 'Szewczyk'),
('IC2160', 'Hanna', 'Jablonowska'),
('IC6748', 'Hanna', 'Sadowska'),
('IF9990', 'Ewa', 'Pawlak'),
('IH8152', 'Hanna', 'Piotrowska'),
('II4034', 'Janina', 'Witkowska'),
('IJ5595', 'Marta', 'Golik'),
('IJ6370', 'Danuta', 'Kuta'),
('IK7728', 'Janina', 'Mazur'),
('IM7081', 'Maria', 'Miller'),
('JA3814', 'Monika', 'Gronek'),
('JB7620', 'Barbara', 'Sakowska'),
('JC8478', 'Danuta', 'Wieczorek'),
('JD5851', 'Krystyna', 'Slapa'),
('JF7164', 'Danuta', 'Pietrzak'),
('JG2805', 'Danuta', 'Olszewska'),
('JG8466', 'Krystyna', 'Kaczynska'),
('JI5397', 'Anna', 'Nowakowska'),
('JL7283', 'Olga', 'Michalska'),
('JM2406', 'Barbara', 'Kurowska'),
('KB3702', 'Ewa', 'Ogonowska'),
('KC1286', 'Karolina', 'Kipczak'),
('KF2609', 'Halina', 'Przybylska'),
('KF3546', 'Irena', 'Rychlik'),
('KF5645', 'Barbara', 'Lenart'),
('KG2771', 'Joanna', 'Kuczmara'),
('KI2449', 'Weronika', 'Smejda'),
('KJ9494', 'Anna', 'Sochacka'),
('KK1815', 'Justyna', 'Wysoczarska'),
('KL0482', 'Ewa', 'Strzelczyk'),
('KN1916', 'Beata', 'Blach'),
('KO5328', 'Halina', 'Lenart'),
('LA3477', 'Beata', 'Tomaszewska'),
('LA6168', 'Maria', 'Monka'),
('LD5556', 'Danuta', 'Kuczmara'),
('LD7997', 'Janina', 'Wyrostkiewicz'),
('LG6551', 'Monika', 'Zinkow'),
('LH0105', 'Zofia', 'Wojewodzka'),
('LH1368', 'Joanna', 'Kapron'),
('LI6554', 'Monika', 'Urban'),
('LM1223', 'Janina', 'Urbanska'),
('LO1402', 'Irena', 'Tabisz'),
('LO4501', 'Joanna', 'Borsukiewicz'),
('LO7083', 'Weronika', 'Pulik'),
('MA9185', 'Marta', 'Hancke'),
('MB4388', 'Joanna', 'De'),
('MC5800', 'Barbara', 'Knaflewska'),
('ME8137', 'Irena', 'Werens'),
('MJ2594', 'Halina', 'Jarska'),
('MK1944', 'Aleksandra', 'Janaszek'),
('MM6323', 'Weronika', 'Zarnowiec'),
('MN7462', 'Iwona', 'Ostalska'),
('NA1398', 'Marta', 'Kapron'),
('NC9706', 'Zofia', 'Ostalska'),
('NE3423', 'Krystyna', 'Jarska'),
('NF7098', 'Janina', 'Wartanowicz'),
('NG3218', 'Zofia', 'Chromik'),
('NG5703', 'Zofia', 'Zdulska'),
('NG7164', 'Karolina', 'Rutkowska'),
('NJ6224', 'Justyna', 'Pela'),
('NM3046', 'Krystyna', 'Sulima'),
('NN9036', 'Weronika', 'Janaszek'),
('OF5431', 'Beata', 'Tabor'),
('OG1183', 'Irena', 'Knaflewska'),
('OK0851', 'Krystyna', 'Tomusiak'),
('OK4471', 'Maria', 'Pela'),
('OL6936', 'Irena', 'Monka'),
('OM3103', 'Ewa', 'Piekut');

-- --------------------------------------------------------

--
-- Table structure for table `wyniki`
--

CREATE TABLE `wyniki` (
  `Data_meczu` date NOT NULL,
  `Rodzaj_meczu` varchar(255) NOT NULL,
  `Gdzie` varchar(255) NOT NULL,
  `Id_druzyny` int(11) NOT NULL,
  `Nr_licencji` varchar(255) NOT NULL,
  `Bramki_zdobyte` int(11) NOT NULL,
  `Bramki_stracone` int(11) NOT NULL,
  `Id_meczu` int(11) NOT NULL
) ENGINE=InnoDB DEFAULT CHARSET=utf8mb4 COLLATE=utf8mb4_polish_ci;

--
-- Dumping data for table `wyniki`
--

INSERT INTO `wyniki` (`Data_meczu`, `Rodzaj_meczu`, `Gdzie`, `Id_druzyny`, `Nr_licencji`, `Bramki_zdobyte`, `Bramki_stracone`, `Id_meczu`) VALUES
('2002-10-20', 'L', 'D', 2, 'AC6776', 0, 2, 1),
('2003-09-20', 'L', 'D', 2, 'AC6776', 4, 4, 2),
('2005-02-12', 'L', 'D', 34, 'AC6776', 4, 4, 3),
('2006-02-20', 'L', 'W', 15, 'AC6776', 1, 5, 4),
('2006-06-09', 'L', 'W', 62, 'AC6776', 3, 5, 5),
('2006-10-28', 'P', 'D', 28, 'AC6776', 2, 5, 6),
('2007-06-08', 'L', 'D', 75, 'AC6776', 5, 4, 7),
('2007-07-02', 'L', 'W', 76, 'AC6776', 3, 1, 8),
('2007-09-09', 'L', 'D', 32, 'AC6776', 1, 0, 9),
('2007-12-05', 'L', 'D', 96, 'AC6776', 4, 1, 10),
('2007-12-09', 'L', 'W', 69, 'AC6776', 4, 2, 11),
('2008-11-01', 'L', 'D', 13, 'AC6776', 5, 1, 12),
('2009-01-24', 'L', 'W', 61, 'AC6776', 4, 2, 13),
('2009-05-10', 'L', 'D', 31, 'AC6776', 4, 3, 14),
('2010-02-02', 'L', 'W', 67, 'AC6776', 0, 1, 15),
('2010-10-08', 'L', 'W', 20, 'AC6776', 4, 5, 16),
('2011-10-29', 'L', 'W', 12, 'AC6776', 3, 5, 17),
('2002-04-11', 'L', 'W', 63, 'AE8520', 2, 2, 18),
('2002-08-18', 'P', 'W', 35, 'AE8520', 1, 4, 19),
('2003-07-20', 'L', 'D', 71, 'AE8520', 5, 4, 20),
('2004-01-05', 'L', 'D', 49, 'AE8520', 3, 4, 21),
('2004-02-25', 'L', 'D', 54, 'AE8520', 0, 1, 22),
('2004-04-18', 'L', 'W', 80, 'AE8520', 6, 1, 23),
('2004-11-01', 'L', 'W', 89, 'AE8520', 1, 0, 24),
('2005-07-02', 'L', 'D', 74, 'AE8520', 6, 1, 25),
('2005-10-07', 'P', 'D', 5, 'AE8520', 2, 3, 26),
('2005-10-13', 'P', 'W', 42, 'AE8520', 2, 1, 27),
('2006-11-23', 'L', 'W', 15, 'AE8520', 1, 0, 28),
('2007-07-31', 'L', 'D', 10, 'AE8520', 6, 0, 29),
('2008-05-31', 'L', 'W', 22, 'AE8520', 2, 1, 30),
('2008-07-10', 'L', 'D', 29, 'AE8520', 2, 2, 31),
('2008-12-06', 'L', 'D', 86, 'AE8520', 1, 1, 32),
('2009-03-31', 'L', 'D', 54, 'AE8520', 1, 3, 33),
('2010-02-08', 'P', 'D', 21, 'AE8520', 2, 4, 34),
('2011-04-06', 'L', 'W', 43, 'AE8520', 3, 3, 35),
('2011-04-27', 'L', 'W', 32, 'AE8520', 2, 4, 36),
('2002-10-29', 'P', 'W', 96, 'AF0406', 5, 4, 37),
('2002-12-14', 'T', 'D', 38, 'AF0406', 3, 1, 38),
('2005-01-29', 'L', 'D', 56, 'AF0406', 1, 0, 39),
('2006-03-28', 'L', 'W', 22, 'AF0406', 4, 0, 40),
('2006-07-28', 'L', 'W', 1, 'AF0406', 4, 1, 41),
('2006-09-18', 'L', 'W', 38, 'AF0406', 0, 4, 42),
('2007-02-23', 'P', 'D', 17, 'AF0406', 5, 0, 43),
('2007-03-17', 'L', 'D', 54, 'AF0406', 4, 0, 44),
('2007-10-28', 'L', 'W', 61, 'AF0406', 5, 5, 45),
('2007-12-20', 'L', 'W', 58, 'AF0406', 5, 4, 46),
('2009-01-13', 'L', 'W', 31, 'AF0406', 4, 3, 47),
('2009-04-08', 'L', 'W', 21, 'AF0406', 6, 0, 48),
('2009-12-05', 'L', 'D', 69, 'AF0406', 0, 0, 49),
('2011-03-12', 'L', 'D', 70, 'AF0406', 2, 5, 50),
('2002-03-19', 'L', 'W', 82, 'AH1813', 0, 5, 51),
('2003-03-06', 'L', 'D', 37, 'AH1813', 0, 1, 52),
('2003-04-13', 'L', 'D', 77, 'AH1813', 4, 0, 53),
('2003-06-02', 'L', 'W', 89, 'AH1813', 0, 0, 54),
('2003-07-16', 'P', 'W', 90, 'AH1813', 0, 1, 55),
('2003-08-21', 'P', 'W', 47, 'AH1813', 6, 5, 56),
('2003-12-16', 'L', 'W', 58, 'AH1813', 3, 4, 57),
('2005-03-20', 'L', 'D', 43, 'AH1813', 3, 2, 58),
('2006-04-04', 'L', 'W', 69, 'AH1813', 1, 1, 59),
('2007-01-02', 'L', 'D', 80, 'AH1813', 0, 3, 60),
('2007-09-15', 'L', 'W', 28, 'AH1813', 2, 3, 61),
('2008-04-14', 'L', 'D', 53, 'AH1813', 6, 3, 62),
('2009-05-31', 'L', 'W', 97, 'AH1813', 6, 3, 63),
('2009-06-08', 'L', 'D', 62, 'AH1813', 0, 1, 64),
('2010-08-21', 'T', 'W', 6, 'AH1813', 2, 2, 65),
('2011-06-05', 'T', 'W', 40, 'AH1813', 6, 5, 66),
('2011-07-03', 'L', 'W', 76, 'AH1813', 5, 3, 67),
('2011-07-26', 'L', 'D', 52, 'AH1813', 3, 0, 68),
('2011-09-14', 'P', 'D', 12, 'AH1813', 4, 2, 69),
('2002-02-05', 'P', 'W', 59, 'AL0276', 0, 1, 70),
('2003-04-24', 'L', 'D', 42, 'AL0276', 0, 5, 71),
('2003-08-12', 'L', 'D', 63, 'AL0276', 1, 4, 72),
('2004-03-26', 'P', 'D', 50, 'AL0276', 2, 2, 73),
('2004-12-12', 'L', 'D', 72, 'AL0276', 3, 3, 74),
('2005-01-13', 'L', 'W', 80, 'AL0276', 4, 1, 75),
('2005-02-17', 'L', 'D', 97, 'AL0276', 0, 2, 76),
('2005-04-25', 'L', 'D', 13, 'AL0276', 0, 5, 77),
('2005-11-05', 'L', 'W', 20, 'AL0276', 4, 1, 78),
('2005-12-30', 'L', 'W', 68, 'AL0276', 2, 4, 79),
('2007-04-30', 'L', 'W', 59, 'AL0276', 1, 4, 80),
('2007-05-07', 'L', 'D', 3, 'AL0276', 6, 5, 81),
('2007-06-29', 'L', 'D', 39, 'AL0276', 2, 1, 82),
('2007-07-12', 'L', 'D', 71, 'AL0276', 6, 4, 83),
('2008-04-15', 'L', 'D', 34, 'AL0276', 6, 0, 84),
('2009-08-05', 'L', 'W', 24, 'AL0276', 6, 0, 85),
('2010-06-24', 'P', 'W', 21, 'AL0276', 1, 0, 86),
('2011-08-15', 'L', 'D', 12, 'AL0276', 4, 1, 87),
('2003-02-20', 'L', 'W', 84, 'AL0516', 4, 3, 88),
('2003-10-30', 'L', 'D', 41, 'AL0516', 2, 0, 89),
('2004-01-02', 'L', 'D', 28, 'AL0516', 2, 0, 90),
('2004-06-14', 'P', 'D', 14, 'AL0516', 0, 2, 91),
('2005-01-05', 'L', 'W', 100, 'AL0516', 6, 1, 92),
('2005-03-13', 'L', 'W', 15, 'AL0516', 5, 5, 93),
('2005-10-28', 'L', 'D', 100, 'AL0516', 5, 0, 94),
('2006-02-09', 'L', 'W', 36, 'AL0516', 0, 0, 95),
('2007-06-18', 'L', 'D', 14, 'AL0516', 2, 5, 96),
('2008-07-02', 'L', 'D', 14, 'AL0516', 1, 0, 97),
('2009-02-17', 'L', 'D', 4, 'AL0516', 3, 4, 98),
('2009-09-09', 'L', 'W', 23, 'AL0516', 3, 1, 99),
('2011-04-11', 'L', 'W', 24, 'AL0516', 0, 5, 100),
('2011-06-11', 'L', 'D', 46, 'AL0516', 5, 2, 101),
('2002-03-13', 'L', 'D', 93, 'BA8536', 6, 1, 102),
('2002-04-03', 'L', 'D', 25, 'BA8536', 0, 3, 103),
('2003-09-07', 'P', 'D', 39, 'BA8536', 0, 5, 104),
('2004-01-24', 'L', 'D', 42, 'BA8536', 1, 2, 105),
('2004-03-28', 'L', 'W', 64, 'BA8536', 6, 4, 106),
('2004-11-20', 'L', 'D', 78, 'BA8536', 3, 2, 107),
('2005-11-15', 'L', 'W', 3, 'BA8536', 1, 2, 108),
('2006-03-25', 'L', 'D', 32, 'BA8536', 1, 1, 109),
('2006-04-10', 'L', 'W', 65, 'BA8536', 5, 1, 110),
('2006-08-11', 'L', 'D', 66, 'BA8536', 0, 4, 111),
('2007-01-18', 'P', 'D', 25, 'BA8536', 3, 0, 112),
('2007-04-10', 'L', 'D', 36, 'BA8536', 0, 0, 113),
('2008-01-07', 'L', 'D', 67, 'BA8536', 2, 5, 114),
('2008-08-28', 'L', 'W', 41, 'BA8536', 5, 1, 115),
('2009-10-18', 'L', 'D', 9, 'BA8536', 4, 0, 116),
('2009-12-29', 'L', 'D', 99, 'BA8536', 0, 1, 117),
('2010-01-28', 'L', 'D', 40, 'BA8536', 2, 1, 118),
('2010-02-18', 'P', 'D', 67, 'BA8536', 2, 4, 119),
('2010-05-17', 'P', 'D', 34, 'BA8536', 5, 5, 120),
('2010-08-18', 'L', 'D', 48, 'BA8536', 2, 4, 121),
('2011-11-07', 'P', 'D', 78, 'BA8536', 6, 4, 122),
('2002-03-08', 'L', 'W', 72, 'BD2668', 0, 0, 123),
('2002-10-06', 'L', 'D', 29, 'BD2668', 0, 4, 124),
('2002-10-24', 'L', 'D', 47, 'BD2668', 3, 3, 125),
('2003-01-23', 'L', 'W', 54, 'BD2668', 5, 5, 126),
('2003-07-28', 'L', 'D', 20, 'BD2668', 0, 4, 127),
('2003-09-02', 'L', 'W', 30, 'BD2668', 0, 5, 128),
('2003-10-25', 'T', 'W', 68, 'BD2668', 4, 0, 129),
('2004-06-09', 'L', 'W', 86, 'BD2668', 4, 1, 130),
('2004-12-23', 'L', 'D', 16, 'BD2668', 2, 0, 131),
('2005-08-11', 'L', 'D', 17, 'BD2668', 6, 1, 132),
('2005-10-04', 'L', 'W', 40, 'BD2668', 6, 5, 133),
('2005-12-06', 'L', 'D', 53, 'BD2668', 2, 1, 134),
('2007-01-28', 'L', 'D', 22, 'BD2668', 5, 3, 135),
('2010-02-26', 'L', 'W', 22, 'BD2668', 6, 3, 136),
('2011-08-28', 'L', 'W', 61, 'BD2668', 0, 3, 137),
('2011-10-08', 'L', 'D', 87, 'BD2668', 0, 5, 138),
('2011-11-17', 'L', 'D', 89, 'BD2668', 4, 4, 139),
('2002-03-23', 'L', 'D', 47, 'BE7135', 4, 1, 140),
('2002-07-18', 'L', 'D', 48, 'BE7135', 6, 3, 141),
('2004-01-13', 'L', 'D', 98, 'BE7135', 0, 0, 142),
('2004-05-19', 'L', 'W', 78, 'BE7135', 4, 1, 143),
('2004-08-07', 'L', 'D', 70, 'BE7135', 5, 0, 144),
('2004-10-02', 'L', 'W', 54, 'BE7135', 1, 5, 145),
('2004-10-08', 'L', 'D', 77, 'BE7135', 4, 0, 146),
('2005-04-28', 'T', 'W', 84, 'BE7135', 4, 4, 147),
('2006-04-12', 'L', 'W', 77, 'BE7135', 0, 4, 148),
('2006-10-02', 'L', 'W', 61, 'BE7135', 3, 0, 149),
('2006-12-18', 'L', 'W', 58, 'BE7135', 4, 4, 150),
('2008-02-01', 'L', 'W', 11, 'BE7135', 5, 1, 151),
('2008-10-01', 'P', 'W', 48, 'BE7135', 6, 1, 152),
('2008-12-14', 'L', 'W', 42, 'BE7135', 2, 3, 153),
('2009-02-13', 'T', 'W', 34, 'BE7135', 4, 1, 154),
('2009-06-10', 'L', 'W', 68, 'BE7135', 6, 4, 155),
('2010-01-02', 'P', 'W', 74, 'BE7135', 1, 1, 156),
('2010-02-16', 'L', 'D', 80, 'BE7135', 0, 5, 157),
('2010-03-05', 'L', 'D', 67, 'BE7135', 1, 3, 158),
('2010-10-02', 'L', 'D', 59, 'BE7135', 2, 0, 159),
('2011-01-03', 'L', 'D', 47, 'BE7135', 5, 5, 160),
('2002-05-11', 'L', 'W', 64, 'BG3958', 2, 5, 161),
('2004-02-17', 'L', 'W', 1, 'BG3958', 4, 4, 162),
('2004-07-28', 'L', 'D', 82, 'BG3958', 6, 1, 163),
('2005-03-01', 'L', 'D', 90, 'BG3958', 5, 1, 164),
('2005-05-31', 'P', 'W', 3, 'BG3958', 1, 2, 165),
('2005-11-16', 'L', 'W', 77, 'BG3958', 1, 2, 166),
('2006-12-16', 'L', 'W', 78, 'BG3958', 6, 1, 167),
('2007-06-09', 'P', 'D', 95, 'BG3958', 1, 4, 168),
('2007-07-17', 'L', 'D', 18, 'BG3958', 2, 1, 169),
('2008-06-07', 'L', 'W', 27, 'BG3958', 5, 0, 170),
('2011-07-11', 'T', 'W', 14, 'BG3958', 5, 2, 171),
('2002-08-31', 'L', 'W', 31, 'BH4791', 2, 4, 172),
('2002-09-10', 'L', 'W', 82, 'BH4791', 5, 4, 173),
('2002-11-19', 'L', 'W', 76, 'BH4791', 0, 0, 174),
('2003-01-25', 'L', 'W', 4, 'BH4791', 5, 2, 175),
('2004-03-02', 'L', 'D', 51, 'BH4791', 0, 3, 176),
('2004-07-06', 'L', 'W', 58, 'BH4791', 2, 0, 177),
('2004-11-23', 'P', 'W', 85, 'BH4791', 1, 1, 178),
('2005-01-21', 'L', 'W', 97, 'BH4791', 1, 1, 179),
('2005-04-09', 'L', 'D', 62, 'BH4791', 0, 2, 180),
('2005-05-02', 'L', 'W', 94, 'BH4791', 5, 4, 181),
('2006-04-19', 'P', 'W', 24, 'BH4791', 3, 0, 182),
('2007-09-17', 'P', 'W', 62, 'BH4791', 0, 3, 183),
('2007-09-19', 'L', 'D', 70, 'BH4791', 5, 4, 184),
('2008-06-29', 'L', 'W', 43, 'BH4791', 0, 3, 185),
('2008-08-09', 'P', 'D', 36, 'BH4791', 4, 5, 186),
('2009-09-18', 'L', 'D', 33, 'BH4791', 1, 4, 187),
('2009-09-24', 'L', 'D', 23, 'BH4791', 5, 3, 188),
('2009-12-10', 'L', 'W', 20, 'BH4791', 3, 3, 189),
('2009-12-27', 'L', 'D', 65, 'BH4791', 0, 2, 190),
('2010-01-27', 'L', 'W', 99, 'BH4791', 3, 4, 191),
('2010-03-09', 'L', 'W', 25, 'BH4791', 0, 0, 192),
('2011-11-24', 'P', 'D', 43, 'BH4791', 6, 1, 193),
('2002-09-11', 'L', 'D', 8, 'BK0467', 3, 2, 194),
('2003-04-05', 'L', 'D', 39, 'BK0467', 4, 5, 195),
('2003-04-07', 'L', 'D', 29, 'BK0467', 3, 0, 196),
('2003-12-27', 'L', 'W', 32, 'BK0467', 0, 2, 197),
('2004-05-06', 'T', 'W', 5, 'BK0467', 1, 1, 198),
('2004-05-08', 'P', 'D', 86, 'BK0467', 1, 1, 199),
('2004-09-09', 'L', 'D', 78, 'BK0467', 0, 0, 200),
('2005-08-29', 'L', 'D', 78, 'BK0467', 4, 5, 201),
('2006-10-17', 'L', 'W', 23, 'BK0467', 5, 5, 202),
('2007-04-19', 'L', 'D', 34, 'BK0467', 0, 1, 203),
('2008-02-05', 'L', 'D', 66, 'BK0467', 4, 2, 204),
('2009-11-10', 'L', 'D', 100, 'BK0467', 1, 1, 205),
('2010-03-15', 'P', 'D', 75, 'BK0467', 2, 4, 206),
('2010-05-06', 'L', 'W', 85, 'BK0467', 2, 1, 207),
('2010-08-23', 'L', 'W', 43, 'BK0467', 2, 2, 208),
('2011-01-11', 'L', 'D', 52, 'BK0467', 2, 2, 209),
('2011-03-26', 'L', 'W', 1, 'BK0467', 4, 3, 210),
('2011-07-16', 'L', 'W', 15, 'BK0467', 2, 0, 211),
('2011-08-07', 'L', 'W', 71, 'BK0467', 6, 4, 212),
('2011-10-05', 'P', 'D', 5, 'BK0467', 6, 3, 213),
('2011-10-24', 'L', 'D', 67, 'BK0467', 1, 4, 214),
('2002-05-17', 'P', 'D', 30, 'BK1091', 5, 5, 215),
('2002-07-30', 'L', 'D', 25, 'BK1091', 1, 5, 216),
('2002-08-07', 'L', 'D', 26, 'BK1091', 2, 3, 217),
('2002-09-05', 'L', 'D', 73, 'BK1091', 5, 0, 218),
('2003-07-01', 'L', 'D', 85, 'BK1091', 1, 5, 219),
('2004-05-16', 'L', 'W', 49, 'BK1091', 3, 5, 220),
('2004-07-20', 'P', 'D', 50, 'BK1091', 1, 4, 221),
('2005-05-01', 'L', 'D', 91, 'BK1091', 4, 2, 222),
('2006-01-03', 'L', 'W', 17, 'BK1091', 2, 1, 223),
('2007-10-25', 'L', 'W', 33, 'BK1091', 2, 2, 224),
('2008-01-28', 'P', 'W', 61, 'BK1091', 5, 0, 225),
('2009-01-28', 'L', 'D', 28, 'BK1091', 6, 2, 226),
('2010-03-07', 'L', 'D', 39, 'BK1091', 0, 5, 227),
('2010-06-17', 'L', 'D', 28, 'BK1091', 0, 5, 228),
('2002-03-10', 'P', 'D', 8, 'BK3185', 2, 1, 229),
('2003-08-25', 'T', 'D', 29, 'BK3185', 3, 3, 230),
('2003-09-19', 'L', 'D', 62, 'BK3185', 4, 5, 231),
('2004-04-28', 'P', 'W', 8, 'BK3185', 1, 2, 232),
('2004-08-20', 'L', 'D', 10, 'BK3185', 5, 3, 233),
('2010-09-28', 'T', 'W', 68, 'BK3185', 5, 5, 234),
('2011-01-07', 'L', 'D', 67, 'BK3185', 2, 3, 235),
('2011-12-21', 'L', 'D', 8, 'BK3185', 6, 4, 236),
('2002-01-27', 'L', 'W', 31, 'BM1491', 4, 3, 237),
('2002-03-04', 'L', 'W', 4, 'BM1491', 1, 0, 238),
('2002-05-28', 'L', 'D', 34, 'BM1491', 5, 5, 239),
('2003-08-18', 'L', 'D', 100, 'BM1491', 3, 5, 240),
('2003-09-01', 'L', 'D', 55, 'BM1491', 6, 5, 241),
('2003-09-28', 'L', 'W', 46, 'BM1491', 0, 2, 242),
('2004-03-29', 'L', 'D', 55, 'BM1491', 1, 5, 243),
('2004-08-01', 'L', 'D', 15, 'BM1491', 2, 5, 244),
('2005-10-24', 'P', 'W', 87, 'BM1491', 4, 3, 245),
('2005-11-13', 'L', 'W', 27, 'BM1491', 1, 2, 246),
('2006-05-01', 'L', 'D', 73, 'BM1491', 5, 3, 247),
('2006-12-19', 'L', 'W', 70, 'BM1491', 1, 4, 248),
('2007-03-25', 'L', 'D', 57, 'BM1491', 3, 3, 249),
('2007-04-25', 'L', 'W', 65, 'BM1491', 6, 5, 250),
('2008-01-16', 'L', 'D', 11, 'BM1491', 3, 3, 251),
('2008-07-21', 'L', 'D', 90, 'BM1491', 1, 5, 252),
('2009-03-29', 'L', 'D', 11, 'BM1491', 1, 2, 253),
('2010-03-30', 'L', 'D', 26, 'BM1491', 0, 5, 254),
('2010-07-13', 'L', 'W', 93, 'BM1491', 3, 4, 255),
('2010-10-12', 'L', 'D', 71, 'BM1491', 2, 1, 256),
('2011-01-30', 'L', 'D', 99, 'BM1491', 3, 0, 257),
('2011-04-17', 'L', 'W', 92, 'BM1491', 4, 3, 258),
('2002-09-19', 'L', 'D', 47, 'BM1707', 6, 3, 259),
('2003-07-10', 'L', 'W', 71, 'BM1707', 6, 1, 260),
('2003-07-23', 'L', 'W', 83, 'BM1707', 5, 4, 261),
('2004-05-14', 'P', 'D', 60, 'BM1707', 0, 2, 262),
('2004-05-20', 'L', 'D', 15, 'BM1707', 0, 3, 263),
('2004-07-14', 'L', 'W', 25, 'BM1707', 2, 1, 264),
('2004-10-13', 'L', 'W', 8, 'BM1707', 1, 0, 265),
('2004-11-30', 'L', 'W', 67, 'BM1707', 4, 2, 266),
('2005-06-05', 'L', 'W', 10, 'BM1707', 0, 4, 267),
('2005-10-09', 'L', 'D', 53, 'BM1707', 1, 1, 268),
('2007-01-14', 'P', 'W', 47, 'BM1707', 6, 3, 269),
('2007-02-21', 'P', 'W', 98, 'BM1707', 6, 3, 270),
('2007-10-02', 'P', 'W', 82, 'BM1707', 2, 0, 271),
('2008-04-18', 'L', 'D', 26, 'BM1707', 3, 5, 272),
('2010-04-05', 'T', 'D', 36, 'BM1707', 4, 3, 273),
('2010-05-16', 'L', 'W', 32, 'BM1707', 4, 1, 274),
('2010-08-07', 'L', 'D', 3, 'BM1707', 2, 1, 275),
('2010-11-13', 'L', 'W', 33, 'BM1707', 0, 5, 276),
('2010-12-01', 'L', 'D', 94, 'BM1707', 0, 3, 277),
('2002-04-07', 'L', 'W', 25, 'BN0058', 4, 2, 278),
('2003-05-27', 'L', 'W', 35, 'BN0058', 6, 2, 279),
('2004-06-16', 'L', 'W', 36, 'BN0058', 3, 5, 280),
('2004-09-12', 'P', 'W', 14, 'BN0058', 4, 0, 281),
('2004-09-23', 'L', 'D', 25, 'BN0058', 0, 2, 282),
('2005-10-05', 'L', 'W', 16, 'BN0058', 5, 0, 283),
('2007-02-02', 'L', 'D', 74, 'BN0058', 4, 4, 284),
('2007-08-14', 'L', 'D', 100, 'BN0058', 4, 3, 285),
('2007-08-16', 'L', 'D', 13, 'BN0058', 6, 4, 286),
('2007-09-21', 'L', 'D', 44, 'BN0058', 4, 2, 287),
('2008-01-30', 'L', 'W', 20, 'BN0058', 6, 5, 288),
('2008-10-07', 'L', 'W', 11, 'BN0058', 3, 1, 289),
('2009-05-23', 'P', 'D', 1, 'BN0058', 3, 1, 290),
('2009-05-26', 'L', 'W', 94, 'BN0058', 6, 4, 291),
('2009-07-07', 'L', 'D', 22, 'BN0058', 0, 5, 292),
('2009-08-11', 'P', 'D', 79, 'BN0058', 5, 2, 293),
('2010-02-04', 'L', 'D', 96, 'BN0058', 1, 1, 294),
('2010-08-13', 'L', 'D', 67, 'BN0058', 4, 2, 295),
('2010-10-05', 'L', 'D', 55, 'BN0058', 1, 3, 296),
('2011-02-07', 'L', 'W', 97, 'BN0058', 1, 4, 297),
('2002-08-05', 'L', 'W', 80, 'BO2844', 0, 5, 298),
('2002-11-29', 'L', 'W', 11, 'BO2844', 0, 0, 299),
('2003-06-12', 'L', 'W', 21, 'BO2844', 1, 3, 300),
('2003-08-23', 'P', 'W', 76, 'BO2844', 2, 3, 301),
('2004-10-09', 'L', 'D', 41, 'BO2844', 0, 4, 302),
('2004-10-16', 'L', 'W', 85, 'BO2844', 6, 4, 303),
('2004-10-22', 'L', 'W', 83, 'BO2844', 6, 2, 304),
('2004-12-10', 'L', 'D', 22, 'BO2844', 3, 2, 305),
('2005-06-27', 'L', 'W', 19, 'BO2844', 0, 5, 306),
('2006-02-26', 'L', 'W', 67, 'BO2844', 2, 3, 307),
('2006-07-05', 'L', 'W', 90, 'BO2844', 1, 1, 308),
('2006-07-20', 'L', 'W', 97, 'BO2844', 0, 2, 309),
('2007-05-28', 'L', 'D', 61, 'BO2844', 4, 3, 310),
('2007-08-05', 'L', 'D', 65, 'BO2844', 2, 0, 311),
('2008-05-11', 'L', 'D', 39, 'BO2844', 5, 3, 312),
('2008-08-03', 'L', 'D', 93, 'BO2844', 5, 5, 313),
('2008-11-19', 'L', 'W', 52, 'BO2844', 4, 5, 314),
('2010-10-10', 'L', 'D', 41, 'BO2844', 2, 3, 315),
('2011-02-11', 'L', 'W', 70, 'BO2844', 6, 1, 316),
('2011-10-19', 'L', 'W', 15, 'BO2844', 3, 4, 317),
('2002-04-28', 'L', 'W', 68, 'CB0779', 1, 1, 318),
('2002-11-20', 'L', 'W', 74, 'CB0779', 3, 2, 319),
('2003-09-26', 'L', 'W', 37, 'CB0779', 4, 5, 320),
('2005-06-22', 'T', 'D', 41, 'CB0779', 5, 1, 321),
('2005-12-14', 'L', 'W', 42, 'CB0779', 0, 5, 322),
('2006-02-05', 'L', 'W', 69, 'CB0779', 1, 4, 323),
('2006-03-06', 'L', 'D', 29, 'CB0779', 2, 0, 324),
('2006-03-13', 'L', 'W', 49, 'CB0779', 6, 2, 325),
('2006-04-29', 'L', 'W', 59, 'CB0779', 1, 0, 326),
('2007-12-30', 'L', 'W', 53, 'CB0779', 2, 3, 327),
('2008-02-22', 'L', 'W', 83, 'CB0779', 4, 5, 328),
('2008-06-26', 'L', 'D', 36, 'CB0779', 5, 2, 329),
('2008-09-14', 'L', 'D', 19, 'CB0779', 3, 2, 330),
('2008-12-15', 'L', 'W', 6, 'CB0779', 3, 3, 331),
('2010-04-24', 'P', 'D', 18, 'CB0779', 1, 1, 332),
('2011-01-27', 'L', 'W', 63, 'CB0779', 3, 4, 333),
('2011-05-11', 'L', 'W', 55, 'CB0779', 0, 2, 334),
('2003-04-15', 'L', 'D', 59, 'CB4868', 1, 1, 335),
('2003-05-24', 'L', 'W', 11, 'CB4868', 1, 3, 336),
('2003-10-22', 'L', 'D', 53, 'CB4868', 2, 3, 337),
('2005-07-05', 'L', 'D', 57, 'CB4868', 3, 0, 338),
('2006-06-27', 'P', 'W', 48, 'CB4868', 2, 2, 339),
('2006-07-14', 'L', 'D', 88, 'CB4868', 5, 3, 340),
('2007-08-11', 'P', 'D', 59, 'CB4868', 0, 4, 341),
('2007-09-10', 'L', 'D', 72, 'CB4868', 3, 3, 342),
('2009-04-04', 'L', 'D', 49, 'CB4868', 2, 4, 343),
('2010-06-02', 'L', 'D', 81, 'CB4868', 2, 5, 344),
('2010-08-24', 'P', 'D', 37, 'CB4868', 5, 5, 345),
('2010-12-08', 'L', 'D', 72, 'CB4868', 0, 3, 346),
('2011-01-14', 'L', 'W', 44, 'CB4868', 1, 2, 347),
('2002-06-04', 'P', 'D', 82, 'CC2032', 0, 5, 348),
('2003-02-11', 'L', 'W', 71, 'CC2032', 2, 5, 349),
('2003-09-15', 'L', 'W', 49, 'CC2032', 4, 1, 350),
('2004-01-04', 'L', 'D', 31, 'CC2032', 5, 0, 351),
('2005-01-12', 'L', 'W', 96, 'CC2032', 2, 5, 352),
('2005-07-08', 'L', 'W', 92, 'CC2032', 2, 4, 353),
('2005-09-20', 'L', 'D', 65, 'CC2032', 1, 5, 354),
('2005-10-17', 'L', 'W', 21, 'CC2032', 6, 0, 355),
('2006-07-27', 'L', 'W', 79, 'CC2032', 4, 1, 356),
('2006-09-05', 'L', 'W', 55, 'CC2032', 4, 4, 357),
('2007-03-01', 'L', 'D', 98, 'CC2032', 6, 2, 358),
('2007-06-07', 'P', 'W', 56, 'CC2032', 5, 3, 359),
('2008-02-08', 'L', 'D', 89, 'CC2032', 1, 2, 360),
('2008-03-09', 'L', 'D', 87, 'CC2032', 2, 2, 361),
('2008-04-28', 'L', 'W', 58, 'CC2032', 1, 5, 362),
('2008-07-23', 'L', 'W', 46, 'CC2032', 1, 3, 363),
('2008-08-06', 'P', 'D', 28, 'CC2032', 2, 5, 364),
('2008-09-18', 'P', 'W', 70, 'CC2032', 0, 1, 365),
('2009-02-16', 'L', 'D', 11, 'CC2032', 4, 5, 366),
('2010-12-13', 'L', 'D', 1, 'CC2032', 4, 0, 367),
('2002-04-05', 'L', 'D', 94, 'CC2382', 3, 0, 368),
('2002-04-20', 'P', 'D', 99, 'CC2382', 4, 5, 369),
('2002-07-13', 'L', 'W', 47, 'CC2382', 0, 3, 370),
('2002-10-15', 'L', 'W', 24, 'CC2382', 5, 0, 371),
('2003-05-02', 'L', 'W', 89, 'CC2382', 1, 3, 372),
('2004-08-15', 'P', 'W', 22, 'CC2382', 2, 1, 373),
('2005-05-17', 'L', 'D', 36, 'CC2382', 0, 1, 374),
('2005-09-24', 'L', 'D', 55, 'CC2382', 4, 2, 375),
('2006-08-13', 'L', 'D', 14, 'CC2382', 5, 1, 376),
('2006-10-09', 'L', 'D', 59, 'CC2382', 0, 0, 377),
('2006-10-27', 'L', 'W', 94, 'CC2382', 4, 5, 378),
('2007-05-27', 'L', 'W', 73, 'CC2382', 3, 0, 379),
('2008-01-26', 'P', 'W', 99, 'CC2382', 4, 0, 380),
('2008-07-09', 'L', 'W', 93, 'CC2382', 0, 5, 381),
('2009-06-13', 'L', 'W', 4, 'CC2382', 5, 3, 382),
('2009-07-25', 'L', 'D', 30, 'CC2382', 5, 5, 383),
('2009-11-08', 'L', 'D', 3, 'CC2382', 1, 1, 384),
('2010-05-28', 'P', 'W', 69, 'CC2382', 1, 2, 385),
('2010-09-17', 'L', 'D', 44, 'CC2382', 4, 5, 386),
('2010-12-05', 'L', 'D', 32, 'CC2382', 6, 2, 387),
('2011-05-06', 'L', 'W', 55, 'CC2382', 2, 4, 388),
('2011-09-05', 'L', 'W', 19, 'CC2382', 5, 4, 389),
('2002-01-31', 'L', 'D', 39, 'CD1569', 0, 4, 390),
('2002-12-05', 'L', 'W', 92, 'CD1569', 3, 0, 391),
('2003-06-17', 'T', 'W', 22, 'CD1569', 6, 5, 392),
('2003-07-15', 'L', 'W', 34, 'CD1569', 4, 4, 393),
('2003-08-10', 'L', 'W', 20, 'CD1569', 2, 0, 394),
('2003-08-15', 'L', 'D', 30, 'CD1569', 5, 2, 395),
('2004-08-25', 'L', 'D', 90, 'CD1569', 3, 4, 396),
('2004-11-03', 'L', 'D', 13, 'CD1569', 3, 1, 397),
('2005-09-18', 'L', 'D', 29, 'CD1569', 3, 0, 398),
('2006-05-29', 'L', 'D', 43, 'CD1569', 3, 2, 399),
('2007-09-20', 'L', 'W', 40, 'CD1569', 0, 1, 400),
('2007-10-12', 'T', 'D', 8, 'CD1569', 5, 4, 401),
('2008-11-11', 'L', 'W', 48, 'CD1569', 0, 5, 402),
('2009-08-08', 'L', 'D', 81, 'CD1569', 5, 5, 403),
('2010-05-11', 'L', 'W', 46, 'CD1569', 0, 4, 404),
('2010-06-13', 'L', 'W', 33, 'CD1569', 5, 1, 405),
('2011-04-22', 'P', 'D', 45, 'CD1569', 0, 1, 406),
('2011-07-12', 'L', 'D', 48, 'CD1569', 6, 5, 407),
('2011-07-24', 'L', 'W', 55, 'CD1569', 4, 2, 408),
('2002-06-17', 'L', 'W', 42, 'CD4940', 0, 4, 409),
('2002-11-18', 'L', 'D', 51, 'CD4940', 4, 2, 410),
('2003-10-07', 'L', 'D', 28, 'CD4940', 0, 0, 411),
('2004-04-02', 'P', 'W', 7, 'CD4940', 4, 1, 412),
('2005-02-15', 'L', 'D', 43, 'CD4940', 2, 0, 413),
('2005-05-20', 'L', 'D', 28, 'CD4940', 1, 2, 414),
('2005-12-25', 'L', 'W', 8, 'CD4940', 4, 4, 415),
('2006-08-19', 'L', 'D', 14, 'CD4940', 1, 1, 416),
('2007-03-22', 'P', 'W', 18, 'CD4940', 3, 0, 417),
('2007-12-01', 'L', 'W', 4, 'CD4940', 5, 2, 418),
('2011-02-05', 'L', 'D', 51, 'CD4940', 6, 0, 419),
('2011-02-20', 'L', 'D', 98, 'CD4940', 3, 5, 420),
('2002-06-07', 'L', 'D', 52, 'CG2416', 2, 0, 421),
('2003-11-28', 'T', 'W', 79, 'CG2416', 3, 1, 422),
('2005-02-11', 'L', 'W', 58, 'CG2416', 2, 2, 423),
('2005-07-19', 'P', 'W', 77, 'CG2416', 3, 2, 424),
('2005-09-14', 'L', 'D', 34, 'CG2416', 0, 4, 425),
('2006-11-01', 'L', 'D', 81, 'CG2416', 0, 1, 426),
('2007-02-16', 'L', 'W', 36, 'CG2416', 4, 5, 427),
('2008-06-20', 'L', 'D', 77, 'CG2416', 0, 4, 428),
('2009-03-12', 'L', 'D', 91, 'CG2416', 1, 0, 429),
('2009-06-04', 'L', 'W', 8, 'CG2416', 2, 2, 430),
('2010-09-09', 'L', 'D', 20, 'CG2416', 2, 3, 431),
('2002-05-14', 'L', 'W', 28, 'CG4272', 2, 2, 432),
('2002-11-02', 'P', 'W', 13, 'CG4272', 0, 2, 433),
('2003-10-08', 'L', 'D', 25, 'CG4272', 0, 5, 434),
('2004-07-17', 'L', 'W', 27, 'CG4272', 2, 0, 435),
('2004-12-30', 'L', 'D', 88, 'CG4272', 6, 3, 436),
('2005-10-02', 'L', 'W', 59, 'CG4272', 2, 5, 437),
('2006-01-21', 'P', 'D', 44, 'CG4272', 3, 4, 438),
('2006-07-03', 'L', 'W', 35, 'CG4272', 0, 5, 439),
('2006-12-04', 'L', 'W', 45, 'CG4272', 4, 5, 440),
('2007-01-10', 'L', 'W', 74, 'CG4272', 6, 0, 441),
('2007-07-18', 'L', 'D', 33, 'CG4272', 2, 4, 442),
('2007-12-17', 'P', 'W', 74, 'CG4272', 6, 1, 443),
('2008-02-16', 'L', 'D', 81, 'CG4272', 6, 2, 444),
('2008-09-12', 'L', 'D', 99, 'CG4272', 1, 2, 445),
('2008-09-13', 'L', 'W', 35, 'CG4272', 4, 1, 446),
('2008-10-13', 'L', 'D', 60, 'CG4272', 2, 1, 447),
('2009-02-09', 'L', 'D', 37, 'CG4272', 3, 5, 448),
('2011-01-26', 'P', 'D', 84, 'CG4272', 2, 0, 449),
('2011-02-24', 'L', 'D', 71, 'CG4272', 6, 3, 450),
('2011-10-23', 'L', 'W', 1, 'CG4272', 6, 4, 451),
('2011-12-10', 'L', 'W', 80, 'CG4272', 5, 2, 452),
('2002-03-02', 'L', 'D', 29, 'CI9947', 0, 5, 453),
('2002-10-04', 'L', 'W', 68, 'CI9947', 3, 2, 454),
('2003-01-08', 'L', 'W', 92, 'CI9947', 3, 2, 455),
('2003-12-02', 'L', 'W', 76, 'CI9947', 5, 5, 456),
('2004-04-11', 'P', 'W', 57, 'CI9947', 6, 0, 457),
('2004-06-05', 'P', 'W', 54, 'CI9947', 5, 3, 458),
('2006-02-07', 'L', 'D', 10, 'CI9947', 5, 3, 459),
('2006-11-06', 'L', 'D', 8, 'CI9947', 1, 2, 460),
('2007-04-21', 'L', 'W', 6, 'CI9947', 2, 2, 461),
('2007-12-13', 'L', 'W', 96, 'CI9947', 5, 1, 462),
('2009-04-05', 'L', 'D', 13, 'CI9947', 1, 0, 463),
('2009-09-02', 'L', 'D', 39, 'CI9947', 6, 4, 464),
('2010-11-23', 'L', 'W', 68, 'CI9947', 2, 1, 465),
('2011-03-06', 'L', 'W', 82, 'CI9947', 2, 5, 466),
('2002-12-17', 'L', 'D', 54, 'CJ1222', 0, 4, 467),
('2002-12-29', 'L', 'D', 39, 'CJ1222', 4, 2, 468),
('2003-10-02', 'L', 'D', 67, 'CJ1222', 3, 1, 469),
('2004-05-21', 'L', 'W', 3, 'CJ1222', 3, 0, 470),
('2004-06-27', 'L', 'D', 79, 'CJ1222', 0, 0, 471),
('2004-10-19', 'L', 'D', 100, 'CJ1222', 3, 0, 472),
('2005-11-04', 'L', 'W', 88, 'CJ1222', 5, 4, 473),
('2008-11-17', 'L', 'W', 23, 'CJ1222', 6, 3, 474),
('2010-02-03', 'L', 'D', 64, 'CJ1222', 6, 0, 475),
('2010-10-03', 'L', 'W', 85, 'CJ1222', 3, 4, 476),
('2011-05-16', 'L', 'W', 62, 'CJ1222', 3, 5, 477),
('2002-01-14', 'P', 'D', 87, 'CK3922', 4, 4, 478),
('2002-08-24', 'L', 'W', 87, 'CK3922', 3, 3, 479),
('2002-10-25', 'L', 'W', 88, 'CK3922', 6, 5, 480),
('2003-05-19', 'L', 'D', 27, 'CK3922', 2, 2, 481),
('2003-06-13', 'L', 'D', 27, 'CK3922', 3, 0, 482),
('2003-09-14', 'L', 'W', 24, 'CK3922', 5, 0, 483),
('2004-01-18', 'L', 'W', 52, 'CK3922', 5, 0, 484),
('2004-02-07', 'L', 'W', 83, 'CK3922', 5, 2, 485),
('2004-03-23', 'P', 'W', 19, 'CK3922', 1, 2, 486),
('2004-06-19', 'L', 'W', 34, 'CK3922', 2, 4, 487),
('2005-01-03', 'L', 'D', 55, 'CK3922', 4, 4, 488),
('2006-02-15', 'L', 'W', 17, 'CK3922', 1, 5, 489),
('2007-07-11', 'L', 'D', 96, 'CK3922', 6, 0, 490),
('2007-08-22', 'P', 'D', 99, 'CK3922', 4, 0, 491),
('2008-01-02', 'L', 'W', 59, 'CK3922', 6, 4, 492),
('2008-02-26', 'L', 'D', 74, 'CK3922', 6, 0, 493),
('2008-12-09', 'L', 'W', 72, 'CK3922', 1, 1, 494),
('2009-02-21', 'L', 'D', 59, 'CK3922', 5, 3, 495),
('2009-02-28', 'L', 'W', 23, 'CK3922', 0, 5, 496),
('2009-03-01', 'L', 'W', 48, 'CK3922', 4, 0, 497),
('2009-11-11', 'L', 'W', 39, 'CK3922', 3, 1, 498),
('2010-01-24', 'P', 'W', 35, 'CK3922', 5, 3, 499),
('2010-02-01', 'L', 'W', 57, 'CK3922', 6, 0, 500),
('2010-11-17', 'L', 'W', 16, 'CK3922', 0, 0, 501),
('2011-10-27', 'P', 'W', 50, 'CK3922', 3, 5, 502),
('2002-07-26', 'L', 'D', 50, 'CL0417', 2, 5, 503),
('2002-11-10', 'L', 'D', 62, 'CL0417', 6, 1, 504),
('2003-03-16', 'L', 'W', 66, 'CL0417', 0, 0, 505),
('2004-01-08', 'L', 'W', 44, 'CL0417', 4, 1, 506),
('2004-09-07', 'P', 'D', 67, 'CL0417', 2, 1, 507),
('2005-03-31', 'L', 'W', 6, 'CL0417', 1, 1, 508),
('2005-07-18', 'L', 'D', 22, 'CL0417', 6, 5, 509),
('2005-12-07', 'L', 'D', 62, 'CL0417', 2, 0, 510),
('2006-02-21', 'P', 'W', 32, 'CL0417', 4, 2, 511),
('2006-03-23', 'L', 'W', 96, 'CL0417', 0, 2, 512),
('2006-05-23', 'L', 'W', 20, 'CL0417', 5, 0, 513),
('2006-05-31', 'L', 'D', 61, 'CL0417', 0, 0, 514),
('2006-10-21', 'P', 'D', 80, 'CL0417', 4, 2, 515),
('2006-12-29', 'L', 'D', 96, 'CL0417', 6, 4, 516),
('2007-01-25', 'L', 'W', 43, 'CL0417', 1, 1, 517),
('2007-12-16', 'L', 'W', 20, 'CL0417', 1, 2, 518),
('2009-02-07', 'L', 'W', 13, 'CL0417', 0, 5, 519),
('2009-11-27', 'L', 'D', 15, 'CL0417', 4, 0, 520),
('2009-12-16', 'P', 'D', 97, 'CL0417', 6, 5, 521),
('2011-04-15', 'L', 'W', 67, 'CL0417', 3, 3, 522),
('2002-09-23', 'L', 'W', 61, 'CM4985', 3, 3, 523),
('2003-07-18', 'L', 'W', 66, 'CM4985', 5, 5, 524),
('2004-01-16', 'P', 'D', 63, 'CM4985', 5, 5, 525),
('2004-04-24', 'L', 'W', 49, 'CM4985', 2, 0, 526),
('2004-09-17', 'L', 'D', 59, 'CM4985', 3, 0, 527),
('2006-07-24', 'L', 'W', 50, 'CM4985', 5, 4, 528),
('2007-07-03', 'L', 'D', 51, 'CM4985', 1, 3, 529),
('2007-08-10', 'L', 'W', 78, 'CM4985', 2, 1, 530),
('2007-11-26', 'L', 'W', 86, 'CM4985', 6, 5, 531),
('2008-02-24', 'L', 'W', 4, 'CM4985', 3, 0, 532),
('2008-03-02', 'T', 'D', 81, 'CM4985', 4, 1, 533),
('2008-06-14', 'L', 'W', 10, 'CM4985', 4, 4, 534),
('2008-12-20', 'P', 'W', 14, 'CM4985', 3, 2, 535),
('2009-01-21', 'L', 'W', 59, 'CM4985', 6, 0, 536),
('2009-03-14', 'P', 'D', 31, 'CM4985', 6, 3, 537),
('2009-07-31', 'L', 'W', 26, 'CM4985', 4, 2, 538),
('2009-08-03', 'L', 'W', 10, 'CM4985', 3, 2, 539),
('2009-08-23', 'L', 'D', 81, 'CM4985', 4, 2, 540),
('2002-08-26', 'L', 'D', 92, 'CM5307', 6, 4, 541),
('2002-10-07', 'L', 'W', 91, 'CM5307', 2, 0, 542),
('2002-12-28', 'L', 'W', 52, 'CM5307', 4, 4, 543),
('2003-11-02', 'L', 'D', 3, 'CM5307', 6, 0, 544),
('2004-05-01', 'L', 'D', 82, 'CM5307', 4, 3, 545),
('2004-09-05', 'L', 'D', 59, 'CM5307', 6, 2, 546),
('2005-04-12', 'L', 'W', 67, 'CM5307', 4, 3, 547),
('2006-06-13', 'L', 'D', 11, 'CM5307', 6, 5, 548),
('2006-11-21', 'L', 'D', 16, 'CM5307', 4, 5, 549),
('2007-01-16', 'T', 'W', 26, 'CM5307', 2, 3, 550),
('2007-06-20', 'L', 'W', 36, 'CM5307', 1, 5, 551),
('2007-10-10', 'L', 'W', 28, 'CM5307', 3, 5, 552),
('2008-11-13', 'L', 'W', 50, 'CM5307', 4, 0, 553),
('2009-01-26', 'L', 'D', 2, 'CM5307', 2, 4, 554),
('2009-09-15', 'L', 'W', 12, 'CM5307', 6, 5, 555),
('2009-11-01', 'L', 'W', 84, 'CM5307', 3, 2, 556),
('2010-11-03', 'L', 'D', 74, 'CM5307', 5, 1, 557),
('2011-04-20', 'L', 'D', 55, 'CM5307', 0, 4, 558),
('2002-03-06', 'L', 'W', 74, 'CO0129', 0, 4, 559),
('2003-04-11', 'L', 'W', 92, 'CO0129', 0, 2, 560),
('2003-05-06', 'L', 'D', 70, 'CO0129', 3, 2, 561),
('2003-11-04', 'L', 'W', 30, 'CO0129', 3, 4, 562),
('2003-12-13', 'L', 'W', 67, 'CO0129', 5, 0, 563),
('2004-04-06', 'L', 'W', 68, 'CO0129', 2, 2, 564),
('2004-08-29', 'L', 'W', 68, 'CO0129', 1, 4, 565),
('2007-08-31', 'P', 'D', 61, 'CO0129', 0, 3, 566),
('2007-09-05', 'L', 'W', 64, 'CO0129', 2, 1, 567),
('2008-04-04', 'L', 'W', 98, 'CO0129', 4, 0, 568),
('2008-09-05', 'L', 'D', 84, 'CO0129', 4, 3, 569),
('2009-04-27', 'L', 'W', 39, 'CO0129', 0, 0, 570),
('2009-10-11', 'L', 'D', 83, 'CO0129', 4, 3, 571),
('2010-07-18', 'P', 'D', 60, 'CO0129', 4, 0, 572),
('2011-03-21', 'P', 'D', 36, 'CO0129', 1, 2, 573),
('2002-07-31', 'L', 'D', 41, 'DB8778', 4, 3, 574),
('2002-12-24', 'L', 'D', 82, 'DB8778', 1, 4, 575),
('2003-01-19', 'L', 'W', 18, 'DB8778', 5, 2, 576),
('2004-07-29', 'L', 'D', 3, 'DB8778', 2, 5, 577),
('2004-12-17', 'L', 'D', 11, 'DB8778', 3, 1, 578),
('2006-05-04', 'L', 'D', 55, 'DB8778', 1, 0, 579),
('2008-03-19', 'L', 'W', 90, 'DB8778', 3, 3, 580),
('2010-01-11', 'P', 'W', 52, 'DB8778', 5, 2, 581),
('2010-06-20', 'L', 'W', 74, 'DB8778', 0, 1, 582),
('2011-02-01', 'L', 'W', 42, 'DB8778', 1, 4, 583),
('2011-04-16', 'L', 'D', 71, 'DB8778', 5, 0, 584),
('2011-10-03', 'P', 'W', 86, 'DB8778', 6, 2, 585),
('2011-12-05', 'L', 'W', 6, 'DB8778', 4, 1, 586),
('2002-05-24', 'L', 'W', 29, 'DD6072', 0, 3, 587),
('2003-01-15', 'L', 'D', 23, 'DD6072', 4, 0, 588),
('2003-12-09', 'L', 'D', 38, 'DD6072', 1, 5, 589),
('2004-03-17', 'L', 'D', 86, 'DD6072', 6, 4, 590),
('2005-09-07', 'L', 'W', 57, 'DD6072', 0, 4, 591),
('2006-05-20', 'P', 'W', 28, 'DD6072', 5, 1, 592),
('2006-07-01', 'L', 'W', 3, 'DD6072', 4, 0, 593),
('2006-07-19', 'L', 'W', 37, 'DD6072', 6, 3, 594),
('2006-09-28', 'L', 'W', 3, 'DD6072', 0, 5, 595),
('2007-07-25', 'L', 'W', 9, 'DD6072', 4, 5, 596),
('2007-11-21', 'L', 'D', 30, 'DD6072', 6, 4, 597),
('2008-05-05', 'L', 'W', 79, 'DD6072', 5, 4, 598),
('2009-02-04', 'T', 'D', 42, 'DD6072', 4, 2, 599),
('2009-06-23', 'L', 'W', 44, 'DD6072', 6, 3, 600),
('2009-08-30', 'L', 'W', 77, 'DD6072', 5, 0, 601),
('2010-02-24', 'P', 'D', 34, 'DD6072', 5, 3, 602),
('2002-03-07', 'L', 'W', 83, 'DG8761', 6, 4, 603),
('2002-04-10', 'L', 'W', 21, 'DG8761', 1, 3, 604),
('2002-08-11', 'L', 'W', 92, 'DG8761', 3, 3, 605),
('2003-01-01', 'L', 'W', 17, 'DG8761', 6, 1, 606),
('2003-05-16', 'L', 'W', 8, 'DG8761', 4, 1, 607),
('2003-07-22', 'T', 'W', 34, 'DG8761', 5, 1, 608),
('2004-07-25', 'L', 'W', 48, 'DG8761', 0, 1, 609),
('2004-08-30', 'L', 'D', 25, 'DG8761', 4, 2, 610),
('2006-03-29', 'L', 'W', 2, 'DG8761', 6, 1, 611),
('2007-05-09', 'L', 'W', 18, 'DG8761', 0, 5, 612),
('2007-08-27', 'L', 'D', 7, 'DG8761', 0, 0, 613),
('2008-04-23', 'L', 'D', 61, 'DG8761', 0, 0, 614),
('2008-05-21', 'L', 'W', 42, 'DG8761', 1, 3, 615),
('2010-07-24', 'P', 'W', 69, 'DG8761', 6, 1, 616),
('2011-11-16', 'L', 'W', 34, 'DG8761', 5, 5, 617),
('2002-03-17', 'L', 'D', 82, 'DH8211', 3, 2, 618),
('2002-06-06', 'P', 'W', 69, 'DH8211', 5, 1, 619),
('2002-06-28', 'L', 'D', 30, 'DH8211', 2, 0, 620),
('2002-09-02', 'L', 'W', 70, 'DH8211', 5, 5, 621),
('2003-01-06', 'T', 'W', 25, 'DH8211', 0, 5, 622),
('2003-05-03', 'L', 'W', 90, 'DH8211', 3, 3, 623),
('2003-07-27', 'P', 'W', 25, 'DH8211', 3, 3, 624),
('2004-11-06', 'L', 'W', 4, 'DH8211', 4, 5, 625),
('2004-12-15', 'L', 'D', 7, 'DH8211', 1, 1, 626),
('2005-06-06', 'T', 'D', 72, 'DH8211', 2, 1, 627),
('2006-09-26', 'L', 'W', 34, 'DH8211', 6, 3, 628),
('2008-03-04', 'L', 'W', 99, 'DH8211', 3, 2, 629),
('2010-12-14', 'L', 'W', 91, 'DH8211', 1, 4, 630),
('2002-06-03', 'P', 'W', 63, 'DH9404', 4, 2, 631),
('2002-06-23', 'L', 'D', 73, 'DH9404', 6, 1, 632),
('2002-09-30', 'L', 'D', 89, 'DH9404', 2, 4, 633),
('2003-05-30', 'L', 'W', 70, 'DH9404', 3, 3, 634),
('2004-03-01', 'L', 'D', 58, 'DH9404', 3, 2, 635),
('2004-05-10', 'L', 'D', 56, 'DH9404', 4, 0, 636),
('2007-08-04', 'L', 'D', 47, 'DH9404', 5, 1, 637),
('2007-09-18', 'L', 'W', 75, 'DH9404', 1, 5, 638),
('2008-11-02', 'L', 'D', 93, 'DH9404', 4, 5, 639),
('2010-12-18', 'L', 'W', 64, 'DH9404', 1, 1, 640),
('2011-11-11', 'L', 'W', 21, 'DH9404', 5, 0, 641),
('2011-11-14', 'L', 'D', 46, 'DH9404', 1, 1, 642),
('2002-11-22', 'L', 'W', 18, 'DH9504', 6, 5, 643),
('2003-06-22', 'L', 'W', 99, 'DH9504', 1, 2, 644),
('2003-07-05', 'L', 'W', 22, 'DH9504', 6, 5, 645),
('2004-11-18', 'L', 'D', 80, 'DH9504', 2, 0, 646),
('2005-04-18', 'L', 'D', 54, 'DH9504', 0, 1, 647),
('2006-06-18', 'L', 'D', 2, 'DH9504', 3, 5, 648),
('2006-09-08', 'P', 'W', 39, 'DH9504', 5, 0, 649),
('2007-07-16', 'L', 'W', 22, 'DH9504', 0, 5, 650),
('2007-09-27', 'L', 'D', 56, 'DH9504', 1, 3, 651),
('2008-05-29', 'L', 'D', 57, 'DH9504', 1, 4, 652),
('2008-07-15', 'L', 'D', 23, 'DH9504', 3, 4, 653),
('2009-09-04', 'L', 'W', 21, 'DH9504', 5, 2, 654),
('2010-03-25', 'L', 'D', 64, 'DH9504', 4, 2, 655),
('2010-04-19', 'P', 'W', 37, 'DH9504', 5, 3, 656),
('2010-10-24', 'L', 'D', 73, 'DH9504', 5, 4, 657),
('2011-03-13', 'L', 'W', 47, 'DH9504', 5, 3, 658),
('2011-06-02', 'L', 'D', 96, 'DH9504', 0, 3, 659),
('2003-01-31', 'L', 'W', 2, 'DK2276', 5, 1, 660),
('2003-02-15', 'P', 'W', 94, 'DK2276', 4, 3, 661),
('2004-01-26', 'P', 'W', 81, 'DK2276', 4, 0, 662),
('2004-08-17', 'L', 'W', 19, 'DK2276', 2, 3, 663),
('2004-12-18', 'L', 'W', 92, 'DK2276', 2, 0, 664),
('2005-04-20', 'L', 'D', 83, 'DK2276', 3, 5, 665),
('2006-01-19', 'L', 'W', 58, 'DK2276', 2, 5, 666),
('2006-05-07', 'L', 'D', 40, 'DK2276', 0, 2, 667),
('2006-10-14', 'L', 'D', 62, 'DK2276', 4, 5, 668),
('2007-08-24', 'L', 'D', 37, 'DK2276', 6, 4, 669),
('2008-04-06', 'L', 'D', 10, 'DK2276', 1, 0, 670),
('2008-12-01', 'L', 'D', 95, 'DK2276', 3, 5, 671),
('2009-01-04', 'P', 'W', 37, 'DK2276', 3, 4, 672),
('2010-04-10', 'L', 'W', 75, 'DK2276', 4, 1, 673),
('2011-01-15', 'P', 'D', 20, 'DK2276', 5, 1, 674),
('2011-05-24', 'L', 'W', 14, 'DK2276', 0, 5, 675),
('2011-08-04', 'L', 'W', 22, 'DK2276', 5, 2, 676),
('2002-01-01', 'L', 'W', 5, 'DM2649', 3, 0, 677),
('2002-10-12', 'L', 'W', 45, 'DM2649', 2, 3, 678),
('2003-04-22', 'L', 'W', 35, 'DM2649', 0, 3, 679),
('2003-05-20', 'L', 'W', 83, 'DM2649', 1, 4, 680),
('2004-05-04', 'P', 'W', 71, 'DM2649', 2, 0, 681),
('2005-08-05', 'L', 'D', 59, 'DM2649', 0, 5, 682),
('2005-12-16', 'L', 'D', 96, 'DM2649', 0, 4, 683),
('2006-03-31', 'T', 'W', 47, 'DM2649', 3, 4, 684),
('2006-06-05', 'L', 'W', 33, 'DM2649', 6, 4, 685),
('2007-11-03', 'P', 'D', 95, 'DM2649', 1, 5, 686),
('2008-07-24', 'L', 'W', 22, 'DM2649', 2, 0, 687),
('2009-02-14', 'L', 'D', 43, 'DM2649', 0, 5, 688),
('2010-10-16', 'L', 'W', 12, 'DM2649', 4, 5, 689),
('2010-12-19', 'L', 'D', 12, 'DM2649', 4, 0, 690),
('2011-07-30', 'P', 'W', 74, 'DM2649', 0, 0, 691),
('2002-01-28', 'P', 'W', 60, 'EA2760', 4, 2, 692),
('2002-11-06', 'L', 'W', 30, 'EA2760', 0, 0, 693),
('2002-11-07', 'L', 'W', 91, 'EA2760', 6, 2, 694),
('2003-12-23', 'L', 'D', 28, 'EA2760', 5, 4, 695),
('2004-04-22', 'L', 'W', 72, 'EA2760', 1, 4, 696),
('2005-01-09', 'L', 'D', 74, 'EA2760', 6, 2, 697),
('2005-07-09', 'L', 'D', 64, 'EA2760', 5, 4, 698),
('2005-08-07', 'L', 'D', 98, 'EA2760', 3, 5, 699),
('2007-05-15', 'L', 'D', 51, 'EA2760', 3, 5, 700),
('2007-08-03', 'L', 'D', 27, 'EA2760', 3, 2, 701),
('2007-10-29', 'L', 'D', 68, 'EA2760', 0, 5, 702),
('2008-05-24', 'L', 'D', 72, 'EA2760', 2, 5, 703),
('2008-08-30', 'L', 'D', 35, 'EA2760', 0, 1, 704),
('2009-02-06', 'L', 'D', 34, 'EA2760', 4, 1, 705),
('2010-03-06', 'L', 'W', 36, 'EA2760', 3, 5, 706),
('2010-10-25', 'L', 'D', 82, 'EA2760', 4, 5, 707),
('2002-11-30', 'L', 'D', 97, 'EA8040', 0, 5, 708),
('2003-03-21', 'L', 'D', 32, 'EA8040', 2, 4, 709),
('2004-08-22', 'L', 'W', 64, 'EA8040', 5, 5, 710),
('2005-01-01', 'L', 'D', 46, 'EA8040', 4, 4, 711),
('2006-03-16', 'P', 'W', 5, 'EA8040', 5, 1, 712),
('2007-09-23', 'T', 'W', 1, 'EA8040', 4, 5, 713),
('2008-10-20', 'P', 'D', 34, 'EA8040', 5, 0, 714),
('2010-01-19', 'L', 'W', 76, 'EA8040', 6, 4, 715),
('2010-07-30', 'L', 'D', 75, 'EA8040', 4, 3, 716),
('2011-04-29', 'L', 'W', 17, 'EA8040', 3, 1, 717),
('2011-06-07', 'L', 'W', 67, 'EA8040', 3, 3, 718),
('2011-11-15', 'L', 'W', 22, 'EA8040', 2, 5, 719),
('2002-01-20', 'L', 'D', 6, 'EC3836', 2, 0, 720),
('2002-02-25', 'L', 'D', 26, 'EC3836', 0, 0, 721),
('2002-03-05', 'T', 'D', 29, 'EC3836', 5, 2, 722),
('2002-12-21', 'T', 'W', 48, 'EC3836', 1, 5, 723),
('2003-06-24', 'L', 'D', 83, 'EC3836', 6, 3, 724),
('2004-01-28', 'L', 'W', 36, 'EC3836', 5, 2, 725),
('2004-09-28', 'L', 'W', 63, 'EC3836', 5, 5, 726),
('2005-02-28', 'L', 'D', 98, 'EC3836', 4, 4, 727),
('2005-09-16', 'L', 'W', 50, 'EC3836', 1, 5, 728),
('2007-01-12', 'L', 'D', 87, 'EC3836', 5, 1, 729),
('2007-05-11', 'L', 'W', 75, 'EC3836', 6, 1, 730),
('2008-07-29', 'L', 'D', 93, 'EC3836', 2, 0, 731),
('2009-04-30', 'L', 'W', 43, 'EC3836', 2, 4, 732),
('2009-10-23', 'L', 'W', 58, 'EC3836', 3, 4, 733),
('2010-04-27', 'L', 'W', 59, 'EC3836', 1, 1, 734),
('2010-11-22', 'L', 'D', 36, 'EC3836', 5, 4, 735),
('2011-01-09', 'L', 'W', 16, 'EC3836', 2, 4, 736),
('2004-04-25', 'L', 'W', 18, 'EC7230', 6, 0, 737),
('2004-04-29', 'L', 'W', 17, 'EC7230', 6, 3, 738),
('2004-07-23', 'L', 'W', 38, 'EC7230', 0, 0, 739),
('2005-03-09', 'L', 'W', 50, 'EC7230', 4, 4, 740),
('2005-08-18', 'P', 'W', 93, 'EC7230', 6, 0, 741),
('2006-08-09', 'L', 'D', 4, 'EC7230', 5, 5, 742),
('2006-12-30', 'L', 'W', 64, 'EC7230', 3, 5, 743),
('2007-01-20', 'L', 'W', 9, 'EC7230', 0, 1, 744),
('2007-12-24', 'T', 'D', 76, 'EC7230', 2, 0, 745),
('2011-06-16', 'P', 'W', 75, 'EC7230', 2, 5, 746),
('2011-11-29', 'L', 'D', 94, 'EC7230', 4, 2, 747),
('2011-12-13', 'T', 'D', 13, 'EC7230', 1, 0, 748),
('2002-08-15', 'P', 'D', 63, 'EC9655', 3, 2, 749),
('2004-03-11', 'L', 'D', 44, 'EC9655', 1, 2, 750),
('2005-02-23', 'L', 'W', 57, 'EC9655', 0, 5, 751),
('2006-04-01', 'P', 'W', 88, 'EC9655', 1, 5, 752),
('2007-07-09', 'L', 'D', 53, 'EC9655', 2, 0, 753),
('2007-07-27', 'L', 'W', 83, 'EC9655', 5, 0, 754),
('2007-11-04', 'L', 'D', 60, 'EC9655', 5, 4, 755),
('2008-03-27', 'L', 'D', 11, 'EC9655', 0, 4, 756),
('2008-04-21', 'L', 'D', 98, 'EC9655', 1, 4, 757),
('2010-04-20', 'L', 'W', 24, 'EC9655', 2, 4, 758),
('2002-04-16', 'L', 'D', 27, 'ED6908', 3, 1, 759),
('2003-01-28', 'L', 'W', 37, 'ED6908', 6, 5, 760),
('2003-05-29', 'T', 'D', 30, 'ED6908', 0, 0, 761),
('2004-01-19', 'L', 'W', 91, 'ED6908', 3, 4, 762),
('2005-11-21', 'L', 'W', 5, 'ED6908', 0, 1, 763),
('2008-08-15', 'L', 'W', 82, 'ED6908', 1, 4, 764),
('2009-06-07', 'L', 'D', 86, 'ED6908', 3, 1, 765),
('2009-06-19', 'L', 'W', 13, 'ED6908', 1, 1, 766),
('2009-09-28', 'L', 'W', 17, 'ED6908', 2, 0, 767),
('2011-12-17', 'L', 'W', 74, 'ED6908', 0, 5, 768),
('2003-03-07', 'L', 'W', 63, 'EF7826', 4, 3, 769),
('2004-09-26', 'P', 'D', 60, 'EF7826', 6, 4, 770),
('2005-11-03', 'P', 'D', 86, 'EF7826', 3, 0, 771),
('2006-12-22', 'L', 'D', 20, 'EF7826', 2, 5, 772),
('2008-01-05', 'L', 'D', 28, 'EF7826', 5, 3, 773),
('2008-01-14', 'L', 'D', 100, 'EF7826', 2, 3, 774),
('2008-06-11', 'L', 'D', 82, 'EF7826', 1, 4, 775),
('2008-08-02', 'L', 'D', 55, 'EF7826', 1, 1, 776),
('2009-02-15', 'L', 'W', 2, 'EF7826', 0, 4, 777),
('2009-10-17', 'L', 'D', 73, 'EF7826', 3, 5, 778),
('2010-02-11', 'L', 'W', 90, 'EF7826', 3, 2, 779),
('2010-04-22', 'L', 'D', 84, 'EF7826', 2, 5, 780),
('2010-09-01', 'L', 'D', 42, 'EF7826', 6, 2, 781),
('2011-07-09', 'L', 'W', 31, 'EF7826', 6, 1, 782),
('2011-09-17', 'L', 'W', 35, 'EF7826', 1, 1, 783),
('2002-07-28', 'P', 'D', 35, 'EH5353', 2, 3, 784),
('2003-04-27', 'L', 'D', 33, 'EH5353', 1, 0, 785),
('2003-05-09', 'L', 'D', 42, 'EH5353', 3, 5, 786),
('2003-06-03', 'L', 'D', 69, 'EH5353', 0, 2, 787),
('2004-01-21', 'L', 'W', 57, 'EH5353', 0, 2, 788),
('2005-08-24', 'L', 'D', 74, 'EH5353', 3, 5, 789),
('2005-11-01', 'L', 'D', 53, 'EH5353', 2, 3, 790),
('2006-01-09', 'L', 'W', 54, 'EH5353', 1, 4, 791),
('2007-09-07', 'L', 'W', 30, 'EH5353', 5, 4, 792),
('2007-10-21', 'L', 'W', 47, 'EH5353', 1, 5, 793),
('2008-07-19', 'L', 'D', 93, 'EH5353', 2, 5, 794),
('2008-08-20', 'L', 'W', 17, 'EH5353', 1, 3, 795),
('2009-07-23', 'L', 'D', 67, 'EH5353', 5, 0, 796),
('2010-09-22', 'L', 'W', 40, 'EH5353', 1, 3, 797),
('2011-05-15', 'L', 'W', 40, 'EH5353', 2, 5, 798),
('2002-05-04', 'L', 'W', 49, 'EI7865', 3, 3, 799),
('2002-06-18', 'L', 'W', 74, 'EI7865', 3, 5, 800),
('2002-11-12', 'L', 'W', 43, 'EI7865', 1, 4, 801),
('2002-12-12', 'L', 'D', 24, 'EI7865', 1, 1, 802),
('2003-03-25', 'L', 'D', 35, 'EI7865', 0, 2, 803),
('2005-05-10', 'L', 'W', 63, 'EI7865', 3, 0, 804),
('2005-06-30', 'L', 'D', 57, 'EI7865', 1, 4, 805),
('2005-09-22', 'L', 'W', 46, 'EI7865', 6, 4, 806),
('2005-11-27', 'L', 'D', 69, 'EI7865', 2, 0, 807),
('2006-11-30', 'L', 'W', 76, 'EI7865', 2, 4, 808),
('2007-01-04', 'L', 'D', 45, 'EI7865', 2, 4, 809),
('2007-01-09', 'P', 'W', 28, 'EI7865', 4, 5, 810),
('2008-02-10', 'L', 'W', 90, 'EI7865', 4, 4, 811),
('2009-11-06', 'L', 'D', 63, 'EI7865', 5, 4, 812),
('2009-12-03', 'L', 'W', 75, 'EI7865', 2, 1, 813),
('2010-03-10', 'P', 'D', 39, 'EI7865', 4, 3, 814),
('2010-03-29', 'L', 'W', 54, 'EI7865', 4, 1, 815),
('2010-10-30', 'L', 'D', 52, 'EI7865', 5, 0, 816),
('2002-04-02', 'L', 'D', 56, 'EK9834', 1, 4, 817),
('2002-08-30', 'L', 'W', 3, 'EK9834', 1, 1, 818),
('2003-04-20', 'L', 'W', 23, 'EK9834', 1, 5, 819),
('2003-07-30', 'L', 'W', 21, 'EK9834', 3, 3, 820),
('2003-11-03', 'L', 'W', 18, 'EK9834', 3, 2, 821),
('2004-01-12', 'L', 'D', 2, 'EK9834', 2, 2, 822),
('2004-05-02', 'L', 'W', 58, 'EK9834', 0, 5, 823),
('2006-08-26', 'L', 'D', 20, 'EK9834', 5, 0, 824),
('2007-06-19', 'P', 'W', 97, 'EK9834', 4, 2, 825),
('2008-03-10', 'L', 'D', 70, 'EK9834', 4, 4, 826),
('2008-04-30', 'L', 'D', 90, 'EK9834', 6, 3, 827),
('2009-01-06', 'L', 'W', 98, 'EK9834', 6, 5, 828),
('2009-05-16', 'L', 'W', 26, 'EK9834', 3, 0, 829),
('2009-07-29', 'L', 'W', 77, 'EK9834', 4, 1, 830),
('2009-09-11', 'L', 'W', 36, 'EK9834', 0, 3, 831),
('2009-10-04', 'P', 'W', 91, 'EK9834', 0, 0, 832),
('2009-11-05', 'P', 'W', 45, 'EK9834', 4, 2, 833),
('2011-04-24', 'P', 'W', 54, 'EK9834', 0, 0, 834),
('2011-07-18', 'L', 'W', 47, 'EK9834', 3, 2, 835),
('2011-08-19', 'L', 'D', 43, 'EK9834', 0, 4, 836),
('2004-04-20', 'L', 'D', 93, 'EL2665', 0, 2, 837),
('2004-07-02', 'P', 'W', 18, 'EL2665', 1, 2, 838),
('2005-03-06', 'L', 'D', 46, 'EL2665', 5, 2, 839),
('2005-08-22', 'L', 'D', 80, 'EL2665', 4, 4, 840),
('2005-09-06', 'L', 'D', 12, 'EL2665', 5, 5, 841),
('2006-06-12', 'L', 'D', 47, 'EL2665', 2, 1, 842),
('2007-06-22', 'L', 'D', 66, 'EL2665', 0, 2, 843),
('2009-07-27', 'L', 'D', 93, 'EL2665', 5, 4, 844),
('2009-11-13', 'L', 'W', 73, 'EL2665', 1, 5, 845),
('2009-12-21', 'L', 'W', 82, 'EL2665', 3, 0, 846),
('2010-06-04', 'L', 'W', 14, 'EL2665', 0, 0, 847),
('2010-07-19', 'P', 'D', 57, 'EL2665', 2, 0, 848),
('2010-09-11', 'L', 'D', 60, 'EL2665', 4, 0, 849),
('2010-10-06', 'L', 'D', 43, 'EL2665', 3, 4, 850),
('2011-10-31', 'L', 'W', 53, 'EL2665', 3, 1, 851),
('2002-07-05', 'L', 'D', 84, 'EO1314', 0, 5, 852),
('2003-03-14', 'L', 'D', 57, 'EO1314', 5, 4, 853),
('2003-08-01', 'L', 'D', 6, 'EO1314', 3, 1, 854),
('2005-01-25', 'L', 'D', 15, 'EO1314', 6, 3, 855),
('2005-05-09', 'L', 'D', 66, 'EO1314', 6, 1, 856),
('2005-09-04', 'L', 'D', 72, 'EO1314', 4, 4, 857),
('2006-12-06', 'L', 'D', 84, 'EO1314', 6, 0, 858),
('2007-02-13', 'L', 'W', 76, 'EO1314', 6, 0, 859),
('2007-09-25', 'L', 'D', 53, 'EO1314', 2, 2, 860),
('2008-11-30', 'L', 'D', 20, 'EO1314', 6, 5, 861),
('2010-05-30', 'L', 'D', 92, 'EO1314', 2, 2, 862),
('2010-07-16', 'P', 'W', 44, 'EO1314', 0, 5, 863),
('2010-11-25', 'L', 'W', 87, 'EO1314', 0, 2, 864),
('2010-12-03', 'P', 'W', 72, 'EO1314', 5, 0, 865),
('2011-10-11', 'L', 'D', 64, 'EO1314', 4, 2, 866),
('2002-09-14', 'L', 'D', 45, 'FD5161', 5, 5, 867),
('2004-04-13', 'L', 'W', 45, 'FD5161', 2, 5, 868),
('2004-08-18', 'L', 'W', 28, 'FD5161', 1, 2, 869),
('2004-11-25', 'L', 'W', 36, 'FD5161', 4, 3, 870),
('2005-02-19', 'L', 'D', 37, 'FD5161', 6, 3, 871),
('2006-03-14', 'L', 'W', 55, 'FD5161', 0, 0, 872),
('2006-09-11', 'L', 'D', 93, 'FD5161', 3, 2, 873),
('2007-05-02', 'L', 'D', 44, 'FD5161', 1, 5, 874),
('2007-05-04', 'L', 'W', 99, 'FD5161', 5, 1, 875),
('2007-09-02', 'L', 'D', 18, 'FD5161', 0, 4, 876),
('2007-10-17', 'L', 'D', 71, 'FD5161', 4, 1, 877),
('2007-12-22', 'L', 'D', 93, 'FD5161', 5, 4, 878),
('2008-01-29', 'L', 'D', 41, 'FD5161', 3, 4, 879),
('2008-03-01', 'L', 'W', 54, 'FD5161', 1, 4, 880),
('2008-08-24', 'L', 'D', 41, 'FD5161', 4, 4, 881),
('2009-05-20', 'L', 'D', 78, 'FD5161', 2, 1, 882),
('2009-06-28', 'L', 'D', 32, 'FD5161', 5, 3, 883),
('2010-12-10', 'L', 'W', 68, 'FD5161', 2, 4, 884),
('2010-12-15', 'L', 'W', 26, 'FD5161', 5, 0, 885),
('2011-03-01', 'L', 'D', 14, 'FD5161', 2, 2, 886),
('2002-10-11', 'P', 'W', 54, 'FJ4894', 2, 4, 887),
('2003-03-01', 'L', 'D', 11, 'FJ4894', 4, 2, 888),
('2003-04-26', 'L', 'W', 41, 'FJ4894', 2, 1, 889),
('2003-06-26', 'L', 'D', 84, 'FJ4894', 6, 2, 890),
('2003-10-10', 'L', 'D', 47, 'FJ4894', 2, 4, 891),
('2004-03-22', 'L', 'W', 55, 'FJ4894', 3, 5, 892),
('2005-05-05', 'L', 'D', 32, 'FJ4894', 2, 0, 893),
('2007-09-26', 'L', 'D', 51, 'FJ4894', 2, 4, 894),
('2008-05-01', 'L', 'D', 5, 'FJ4894', 2, 1, 895),
('2009-05-30', 'L', 'D', 14, 'FJ4894', 3, 3, 896),
('2010-01-13', 'L', 'D', 99, 'FJ4894', 6, 4, 897),
('2010-02-13', 'P', 'D', 70, 'FJ4894', 6, 5, 898),
('2002-05-20', 'L', 'W', 45, 'FJ7779', 3, 1, 899),
('2004-11-27', 'L', 'D', 27, 'FJ7779', 2, 1, 900),
('2006-05-21', 'L', 'W', 14, 'FJ7779', 3, 0, 901),
('2008-11-06', 'L', 'D', 36, 'FJ7779', 6, 0, 902),
('2008-12-04', 'L', 'W', 12, 'FJ7779', 6, 4, 903),
('2008-12-30', 'L', 'W', 96, 'FJ7779', 1, 4, 904),
('2009-02-26', 'L', 'D', 79, 'FJ7779', 0, 4, 905),
('2009-04-02', 'L', 'D', 25, 'FJ7779', 6, 3, 906),
('2010-02-14', 'L', 'D', 14, 'FJ7779', 5, 1, 907),
('2010-05-14', 'L', 'W', 89, 'FJ7779', 6, 3, 908),
('2010-11-10', 'P', 'D', 82, 'FJ7779', 4, 0, 909),
('2002-08-27', 'L', 'W', 39, 'FL7016', 0, 4, 910),
('2003-01-13', 'L', 'W', 72, 'FL7016', 3, 5, 911),
('2003-03-30', 'L', 'D', 12, 'FL7016', 6, 2, 912),
('2003-04-10', 'L', 'D', 77, 'FL7016', 2, 0, 913),
('2004-03-20', 'T', 'D', 60, 'FL7016', 0, 4, 914),
('2005-08-31', 'L', 'W', 33, 'FL7016', 6, 4, 915),
('2005-11-30', 'L', 'D', 43, 'FL7016', 1, 5, 916),
('2006-07-22', 'L', 'D', 96, 'FL7016', 5, 4, 917),
('2006-09-25', 'L', 'W', 41, 'FL7016', 5, 0, 918),
('2007-04-03', 'L', 'D', 34, 'FL7016', 6, 5, 919),
('2007-07-24', 'L', 'D', 41, 'FL7016', 2, 3, 920),
('2009-01-30', 'L', 'D', 83, 'FL7016', 2, 2, 921),
('2009-06-09', 'P', 'W', 100, 'FL7016', 5, 4, 922),
('2009-12-14', 'L', 'D', 21, 'FL7016', 2, 5, 923),
('2010-09-08', 'L', 'D', 45, 'FL7016', 1, 2, 924),
('2003-02-10', 'L', 'W', 9, 'FM5178', 0, 4, 925),
('2003-12-25', 'L', 'W', 3, 'FM5178', 0, 0, 926),
('2004-02-28', 'L', 'D', 19, 'FM5178', 0, 2, 927),
('2004-10-04', 'L', 'W', 27, 'FM5178', 6, 5, 928),
('2005-07-20', 'L', 'D', 28, 'FM5178', 3, 2, 929),
('2005-09-28', 'L', 'D', 8, 'FM5178', 3, 5, 930),
('2006-07-18', 'L', 'W', 40, 'FM5178', 5, 4, 931),
('2007-03-30', 'L', 'D', 6, 'FM5178', 0, 1, 932),
('2007-10-14', 'L', 'W', 56, 'FM5178', 3, 3, 933),
('2009-03-09', 'P', 'D', 16, 'FM5178', 3, 0, 934),
('2009-08-19', 'L', 'D', 35, 'FM5178', 0, 1, 935),
('2010-04-17', 'L', 'W', 44, 'FM5178', 4, 0, 936),
('2011-05-10', 'L', 'D', 62, 'FM5178', 1, 4, 937),
('2002-07-07', 'L', 'D', 16, 'FN7893', 4, 4, 938),
('2002-11-28', 'L', 'D', 94, 'FN7893', 4, 4, 939),
('2003-05-07', 'L', 'W', 68, 'FN7893', 6, 1, 940),
('2004-01-10', 'L', 'W', 100, 'FN7893', 4, 4, 941),
('2005-11-10', 'L', 'W', 17, 'FN7893', 6, 4, 942),
('2006-08-07', 'P', 'W', 14, 'FN7893', 1, 3, 943),
('2006-09-24', 'L', 'D', 98, 'FN7893', 4, 3, 944),
('2007-03-21', 'L', 'W', 9, 'FN7893', 5, 0, 945),
('2007-06-16', 'L', 'D', 46, 'FN7893', 0, 2, 946),
('2007-09-12', 'L', 'W', 31, 'FN7893', 3, 1, 947),
('2008-04-17', 'L', 'D', 53, 'FN7893', 4, 3, 948),
('2008-05-15', 'L', 'W', 4, 'FN7893', 2, 4, 949),
('2008-08-04', 'L', 'W', 74, 'FN7893', 2, 3, 950),
('2008-11-23', 'L', 'W', 63, 'FN7893', 4, 3, 951),
('2010-06-29', 'L', 'D', 41, 'FN7893', 5, 0, 952),
('2011-04-08', 'L', 'D', 77, 'FN7893', 0, 1, 953),
('2002-04-12', 'L', 'D', 18, 'FO5588', 4, 3, 954),
('2002-04-13', 'L', 'D', 68, 'FO5588', 6, 3, 955),
('2002-12-20', 'L', 'D', 33, 'FO5588', 0, 5, 956),
('2003-01-04', 'L', 'D', 17, 'FO5588', 0, 4, 957),
('2003-03-02', 'L', 'W', 64, 'FO5588', 6, 2, 958),
('2003-06-04', 'L', 'D', 89, 'FO5588', 1, 4, 959),
('2003-07-12', 'P', 'D', 25, 'FO5588', 1, 0, 960),
('2004-03-25', 'L', 'D', 13, 'FO5588', 3, 3, 961),
('2004-06-03', 'L', 'W', 63, 'FO5588', 3, 3, 962),
('2005-05-29', 'L', 'W', 91, 'FO5588', 1, 4, 963),
('2006-01-28', 'L', 'W', 92, 'FO5588', 3, 2, 964),
('2006-07-30', 'L', 'D', 64, 'FO5588', 4, 5, 965),
('2006-12-07', 'L', 'W', 26, 'FO5588', 3, 5, 966),
('2007-11-15', 'L', 'W', 85, 'FO5588', 1, 0, 967),
('2008-07-31', 'L', 'W', 47, 'FO5588', 6, 3, 968),
('2008-10-06', 'P', 'W', 27, 'FO5588', 6, 3, 969),
('2009-06-22', 'L', 'W', 94, 'FO5588', 2, 0, 970),
('2009-08-01', 'L', 'D', 52, 'FO5588', 3, 3, 971),
('2010-04-11', 'P', 'D', 46, 'FO5588', 1, 5, 972),
('2002-05-06', 'L', 'W', 63, 'FO8717', 0, 4, 973),
('2002-09-08', 'L', 'D', 76, 'FO8717', 3, 0, 974),
('2003-02-13', 'L', 'W', 81, 'FO8717', 2, 3, 975),
('2003-04-29', 'P', 'W', 30, 'FO8717', 2, 4, 976),
('2003-12-08', 'L', 'W', 12, 'FO8717', 0, 3, 977),
('2004-02-03', 'L', 'D', 27, 'FO8717', 0, 4, 978),
('2004-11-12', 'L', 'W', 34, 'FO8717', 4, 3, 979),
('2005-02-18', 'L', 'W', 86, 'FO8717', 0, 2, 980),
('2005-06-20', 'L', 'D', 96, 'FO8717', 2, 5, 981),
('2005-09-27', 'P', 'W', 45, 'FO8717', 3, 5, 982),
('2005-11-18', 'L', 'W', 98, 'FO8717', 0, 3, 983),
('2006-02-23', 'L', 'W', 92, 'FO8717', 2, 1, 984),
('2006-11-10', 'L', 'D', 73, 'FO8717', 4, 0, 985),
('2007-09-03', 'L', 'W', 97, 'FO8717', 4, 0, 986),
('2007-11-09', 'L', 'W', 8, 'FO8717', 3, 2, 987),
('2008-02-14', 'L', 'D', 71, 'FO8717', 5, 5, 988),
('2008-04-24', 'P', 'D', 78, 'FO8717', 3, 2, 989),
('2009-04-20', 'L', 'D', 81, 'FO8717', 1, 5, 990),
('2010-04-03', 'L', 'W', 13, 'FO8717', 0, 1, 991),
('2010-04-21', 'L', 'D', 34, 'FO8717', 3, 1, 992),
('2010-11-26', 'L', 'D', 64, 'FO8717', 4, 3, 993),
('2011-05-01', 'L', 'D', 45, 'FO8717', 5, 4, 994),
('2002-01-12', 'L', 'W', 4, 'GB3665', 5, 1, 995),
('2003-05-22', 'L', 'W', 3, 'GB3665', 5, 3, 996),
('2003-06-01', 'P', 'D', 84, 'GB3665', 1, 1, 997),
('2004-08-27', 'P', 'D', 33, 'GB3665', 6, 3, 998),
('2004-11-13', 'L', 'W', 88, 'GB3665', 2, 5, 999),
('2004-12-08', 'L', 'D', 27, 'GB3665', 3, 1, 1000),
('2005-04-10', 'L', 'W', 6, 'GB3665', 6, 5, 1001),
('2005-05-04', 'P', 'W', 70, 'GB3665', 4, 4, 1002),
('2006-01-01', 'L', 'D', 21, 'GB3665', 2, 2, 1003),
('2006-11-14', 'L', 'D', 7, 'GB3665', 1, 2, 1004),
('2009-04-18', 'P', 'W', 11, 'GB3665', 5, 4, 1005),
('2009-06-15', 'P', 'D', 42, 'GB3665', 0, 5, 1006),
('2009-08-25', 'L', 'D', 22, 'GB3665', 1, 2, 1007),
('2010-06-22', 'L', 'W', 66, 'GB3665', 3, 2, 1008),
('2010-11-18', 'L', 'D', 94, 'GB3665', 5, 5, 1009),
('2011-06-22', 'L', 'D', 60, 'GB3665', 2, 5, 1010),
('2011-09-25', 'P', 'D', 87, 'GB3665', 3, 4, 1011),
('2011-09-27', 'L', 'W', 92, 'GB3665', 3, 3, 1012),
('2002-05-30', 'P', 'W', 72, 'GD7953', 1, 3, 1013),
('2005-07-24', 'P', 'W', 78, 'GD7953', 3, 4, 1014),
('2006-12-24', 'L', 'W', 57, 'GD7953', 2, 5, 1015),
('2007-02-20', 'L', 'D', 29, 'GD7953', 5, 1, 1016),
('2007-04-06', 'L', 'D', 77, 'GD7953', 1, 3, 1017),
('2007-04-22', 'L', 'W', 15, 'GD7953', 0, 1, 1018),
('2008-01-09', 'L', 'W', 93, 'GD7953', 0, 2, 1019),
('2008-03-07', 'L', 'W', 82, 'GD7953', 1, 5, 1020);
INSERT INTO `wyniki` (`Data_meczu`, `Rodzaj_meczu`, `Gdzie`, `Id_druzyny`, `Nr_licencji`, `Bramki_zdobyte`, `Bramki_stracone`, `Id_meczu`) VALUES
('2008-10-26', 'L', 'D', 92, 'GD7953', 5, 5, 1021),
('2009-01-11', 'L', 'W', 1, 'GD7953', 5, 0, 1022),
('2009-02-25', 'L', 'D', 85, 'GD7953', 1, 5, 1023),
('2009-11-12', 'L', 'D', 94, 'GD7953', 6, 4, 1024),
('2010-02-22', 'L', 'W', 10, 'GD7953', 0, 4, 1025),
('2011-05-14', 'T', 'D', 99, 'GD7953', 1, 1, 1026),
('2005-02-03', 'P', 'W', 37, 'GE4887', 1, 2, 1027),
('2005-10-23', 'P', 'D', 74, 'GE4887', 4, 0, 1028),
('2006-04-13', 'L', 'W', 89, 'GE4887', 4, 3, 1029),
('2006-09-20', 'L', 'D', 96, 'GE4887', 0, 3, 1030),
('2007-03-14', 'L', 'D', 30, 'GE4887', 5, 1, 1031),
('2007-05-21', 'L', 'W', 36, 'GE4887', 1, 0, 1032),
('2007-11-29', 'L', 'D', 91, 'GE4887', 4, 0, 1033),
('2008-01-19', 'L', 'D', 21, 'GE4887', 0, 0, 1034),
('2008-08-16', 'L', 'D', 78, 'GE4887', 4, 1, 1035),
('2008-12-22', 'L', 'W', 80, 'GE4887', 4, 0, 1036),
('2009-08-13', 'L', 'D', 67, 'GE4887', 2, 0, 1037),
('2010-08-11', 'P', 'W', 84, 'GE4887', 6, 5, 1038),
('2011-05-18', 'T', 'W', 70, 'GE4887', 2, 4, 1039),
('2002-05-21', 'L', 'D', 69, 'GI1011', 4, 0, 1040),
('2002-07-11', 'P', 'D', 22, 'GI1011', 2, 4, 1041),
('2003-10-14', 'P', 'W', 41, 'GI1011', 3, 3, 1042),
('2004-02-05', 'L', 'D', 32, 'GI1011', 5, 0, 1043),
('2004-06-23', 'L', 'D', 19, 'GI1011', 4, 1, 1044),
('2004-07-12', 'L', 'D', 97, 'GI1011', 0, 4, 1045),
('2006-02-03', 'L', 'W', 73, 'GI1011', 1, 5, 1046),
('2006-09-23', 'L', 'D', 30, 'GI1011', 1, 3, 1047),
('2007-05-13', 'L', 'W', 32, 'GI1011', 1, 5, 1048),
('2007-08-29', 'L', 'D', 16, 'GI1011', 0, 2, 1049),
('2007-12-03', 'L', 'D', 95, 'GI1011', 2, 3, 1050),
('2008-05-08', 'L', 'W', 90, 'GI1011', 4, 1, 1051),
('2008-06-30', 'P', 'D', 32, 'GI1011', 4, 5, 1052),
('2009-01-23', 'P', 'W', 98, 'GI1011', 5, 2, 1053),
('2011-02-12', 'L', 'D', 68, 'GI1011', 5, 1, 1054),
('2011-03-29', 'L', 'W', 13, 'GI1011', 1, 5, 1055),
('2011-12-01', 'T', 'D', 76, 'GI1011', 6, 0, 1056),
('2002-02-07', 'L', 'D', 70, 'GI5453', 0, 0, 1057),
('2002-07-16', 'L', 'W', 69, 'GI5453', 2, 0, 1058),
('2003-06-14', 'L', 'D', 51, 'GI5453', 4, 0, 1059),
('2003-07-08', 'L', 'D', 57, 'GI5453', 5, 2, 1060),
('2003-11-23', 'L', 'D', 7, 'GI5453', 3, 3, 1061),
('2004-01-01', 'L', 'D', 45, 'GI5453', 3, 3, 1062),
('2004-02-08', 'P', 'W', 76, 'GI5453', 3, 0, 1063),
('2007-04-15', 'L', 'W', 72, 'GI5453', 0, 0, 1064),
('2008-06-13', 'L', 'W', 48, 'GI5453', 1, 5, 1065),
('2008-11-26', 'L', 'W', 99, 'GI5453', 1, 4, 1066),
('2009-04-28', 'L', 'D', 5, 'GI5453', 2, 2, 1067),
('2010-07-06', 'L', 'W', 86, 'GI5453', 6, 5, 1068),
('2011-09-09', 'L', 'D', 42, 'GI5453', 3, 5, 1069),
('2011-10-16', 'P', 'W', 13, 'GI5453', 3, 3, 1070),
('2011-11-02', 'L', 'W', 2, 'GI5453', 0, 3, 1071),
('2002-06-13', 'L', 'W', 51, 'GI7976', 4, 0, 1072),
('2002-08-09', 'L', 'D', 38, 'GI7976', 4, 1, 1073),
('2002-10-22', 'L', 'W', 100, 'GI7976', 2, 2, 1074),
('2002-10-27', 'L', 'D', 33, 'GI7976', 1, 3, 1075),
('2004-09-01', 'T', 'D', 16, 'GI7976', 3, 2, 1076),
('2006-05-24', 'L', 'D', 69, 'GI7976', 4, 1, 1077),
('2006-09-04', 'L', 'D', 20, 'GI7976', 5, 1, 1078),
('2007-03-11', 'L', 'W', 36, 'GI7976', 6, 5, 1079),
('2007-05-25', 'L', 'W', 70, 'GI7976', 5, 1, 1080),
('2008-07-22', 'L', 'D', 72, 'GI7976', 1, 0, 1081),
('2009-05-04', 'L', 'W', 63, 'GI7976', 0, 3, 1082),
('2010-03-23', 'L', 'D', 37, 'GI7976', 3, 3, 1083),
('2002-02-09', 'L', 'D', 2, 'GK1108', 0, 3, 1084),
('2002-03-27', 'P', 'W', 35, 'GK1108', 6, 1, 1085),
('2002-07-03', 'P', 'W', 98, 'GK1108', 3, 4, 1086),
('2002-08-29', 'L', 'D', 3, 'GK1108', 0, 4, 1087),
('2003-07-24', 'L', 'D', 57, 'GK1108', 0, 0, 1088),
('2003-11-09', 'L', 'W', 17, 'GK1108', 4, 1, 1089),
('2004-06-06', 'L', 'W', 77, 'GK1108', 3, 4, 1090),
('2004-07-05', 'L', 'D', 85, 'GK1108', 1, 1, 1091),
('2005-01-16', 'L', 'D', 100, 'GK1108', 3, 4, 1092),
('2005-01-24', 'L', 'D', 58, 'GK1108', 4, 4, 1093),
('2005-02-01', 'L', 'D', 58, 'GK1108', 1, 4, 1094),
('2005-07-11', 'L', 'D', 77, 'GK1108', 4, 0, 1095),
('2005-08-25', 'L', 'D', 29, 'GK1108', 5, 2, 1096),
('2005-09-08', 'P', 'W', 72, 'GK1108', 0, 2, 1097),
('2006-06-06', 'L', 'D', 90, 'GK1108', 3, 0, 1098),
('2006-08-16', 'L', 'W', 35, 'GK1108', 4, 0, 1099),
('2008-01-15', 'L', 'W', 15, 'GK1108', 0, 5, 1100),
('2009-02-27', 'L', 'W', 85, 'GK1108', 2, 1, 1101),
('2010-04-28', 'T', 'D', 21, 'GK1108', 0, 1, 1102),
('2011-08-09', 'L', 'W', 59, 'GK1108', 6, 5, 1103),
('2002-08-02', 'P', 'W', 89, 'GK3186', 3, 5, 1104),
('2002-09-28', 'L', 'D', 100, 'GK3186', 1, 0, 1105),
('2002-11-01', 'L', 'W', 91, 'GK3186', 0, 5, 1106),
('2003-05-14', 'L', 'W', 68, 'GK3186', 2, 0, 1107),
('2004-02-14', 'L', 'W', 79, 'GK3186', 4, 2, 1108),
('2005-12-08', 'L', 'W', 64, 'GK3186', 2, 5, 1109),
('2006-06-16', 'L', 'W', 65, 'GK3186', 2, 5, 1110),
('2006-11-05', 'L', 'D', 79, 'GK3186', 6, 3, 1111),
('2007-02-25', 'L', 'W', 12, 'GK3186', 4, 5, 1112),
('2007-03-28', 'L', 'D', 76, 'GK3186', 1, 4, 1113),
('2007-06-02', 'L', 'D', 8, 'GK3186', 4, 5, 1114),
('2007-11-13', 'L', 'D', 92, 'GK3186', 0, 2, 1115),
('2008-06-03', 'L', 'W', 73, 'GK3186', 1, 2, 1116),
('2008-07-03', 'L', 'D', 17, 'GK3186', 1, 2, 1117),
('2009-07-11', 'L', 'W', 37, 'GK3186', 3, 2, 1118),
('2009-11-19', 'L', 'W', 8, 'GK3186', 2, 1, 1119),
('2011-05-25', 'T', 'D', 32, 'GK3186', 2, 5, 1120),
('2011-12-23', 'L', 'W', 2, 'GK3186', 6, 3, 1121),
('2003-09-10', 'L', 'W', 87, 'GK6479', 6, 4, 1122),
('2004-11-16', 'L', 'D', 19, 'GK6479', 5, 0, 1123),
('2005-03-05', 'P', 'D', 17, 'GK6479', 6, 3, 1124),
('2007-02-05', 'L', 'W', 76, 'GK6479', 2, 5, 1125),
('2007-05-29', 'L', 'W', 57, 'GK6479', 2, 2, 1126),
('2007-11-01', 'T', 'W', 78, 'GK6479', 5, 5, 1127),
('2008-04-26', 'L', 'D', 45, 'GK6479', 3, 5, 1128),
('2008-07-07', 'L', 'D', 24, 'GK6479', 3, 0, 1129),
('2008-12-07', 'L', 'W', 81, 'GK6479', 2, 3, 1130),
('2009-05-18', 'L', 'D', 9, 'GK6479', 6, 1, 1131),
('2009-09-26', 'T', 'D', 44, 'GK6479', 6, 1, 1132),
('2010-05-01', 'L', 'D', 18, 'GK6479', 3, 4, 1133),
('2010-05-13', 'L', 'W', 44, 'GK6479', 4, 5, 1134),
('2010-12-11', 'L', 'W', 12, 'GK6479', 2, 3, 1135),
('2011-02-09', 'L', 'D', 82, 'GK6479', 0, 1, 1136),
('2011-05-27', 'L', 'W', 52, 'GK6479', 1, 4, 1137),
('2002-06-15', 'L', 'W', 11, 'GL3406', 4, 1, 1138),
('2002-06-20', 'L', 'W', 99, 'GL3406', 4, 0, 1139),
('2003-03-27', 'L', 'W', 77, 'GL3406', 1, 4, 1140),
('2003-10-23', 'L', 'W', 15, 'GL3406', 0, 5, 1141),
('2004-01-15', 'P', 'D', 54, 'GL3406', 4, 1, 1142),
('2004-07-10', 'L', 'D', 70, 'GL3406', 5, 4, 1143),
('2004-08-14', 'L', 'D', 19, 'GL3406', 4, 0, 1144),
('2005-03-18', 'L', 'W', 47, 'GL3406', 1, 4, 1145),
('2006-02-13', 'L', 'D', 91, 'GL3406', 2, 2, 1146),
('2006-02-28', 'L', 'D', 99, 'GL3406', 3, 2, 1147),
('2006-05-09', 'T', 'D', 23, 'GL3406', 1, 3, 1148),
('2006-06-28', 'L', 'D', 6, 'GL3406', 4, 3, 1149),
('2006-08-24', 'T', 'D', 35, 'GL3406', 1, 0, 1150),
('2007-04-05', 'L', 'W', 57, 'GL3406', 1, 2, 1151),
('2007-10-30', 'L', 'W', 56, 'GL3406', 5, 5, 1152),
('2008-09-09', 'P', 'D', 36, 'GL3406', 6, 2, 1153),
('2008-12-29', 'L', 'W', 7, 'GL3406', 1, 3, 1154),
('2009-02-11', 'L', 'W', 97, 'GL3406', 3, 0, 1155),
('2009-07-19', 'L', 'W', 32, 'GL3406', 4, 1, 1156),
('2010-05-08', 'L', 'D', 22, 'GL3406', 5, 0, 1157),
('2010-09-06', 'P', 'D', 86, 'GL3406', 4, 0, 1158),
('2002-02-22', 'L', 'D', 16, 'GL5807', 4, 0, 1159),
('2002-03-15', 'L', 'W', 13, 'GL5807', 5, 4, 1160),
('2002-04-06', 'L', 'W', 54, 'GL5807', 5, 4, 1161),
('2002-04-19', 'L', 'D', 68, 'GL5807', 3, 5, 1162),
('2002-05-26', 'P', 'D', 97, 'GL5807', 2, 4, 1163),
('2002-05-27', 'L', 'D', 36, 'GL5807', 4, 4, 1164),
('2002-09-18', 'L', 'D', 83, 'GL5807', 0, 1, 1165),
('2004-06-02', 'P', 'D', 10, 'GL5807', 3, 1, 1166),
('2004-06-22', 'L', 'D', 25, 'GL5807', 5, 5, 1167),
('2004-09-11', 'L', 'W', 34, 'GL5807', 1, 3, 1168),
('2004-10-28', 'L', 'W', 64, 'GL5807', 3, 4, 1169),
('2006-06-22', 'L', 'D', 1, 'GL5807', 4, 4, 1170),
('2006-09-15', 'P', 'D', 49, 'GL5807', 6, 3, 1171),
('2007-05-10', 'L', 'D', 70, 'GL5807', 6, 0, 1172),
('2007-07-20', 'L', 'W', 56, 'GL5807', 6, 0, 1173),
('2007-08-20', 'P', 'W', 1, 'GL5807', 6, 2, 1174),
('2008-02-06', 'L', 'D', 58, 'GL5807', 6, 4, 1175),
('2008-03-11', 'L', 'D', 47, 'GL5807', 0, 1, 1176),
('2008-06-27', 'P', 'W', 53, 'GL5807', 4, 3, 1177),
('2009-04-12', 'L', 'W', 75, 'GL5807', 0, 3, 1178),
('2009-07-09', 'L', 'D', 59, 'GL5807', 4, 4, 1179),
('2009-07-20', 'L', 'D', 86, 'GL5807', 4, 4, 1180),
('2010-05-20', 'L', 'W', 40, 'GL5807', 1, 5, 1181),
('2010-09-04', 'T', 'D', 43, 'GL5807', 6, 0, 1182),
('2003-01-29', 'L', 'D', 26, 'GM9240', 6, 5, 1183),
('2004-06-12', 'L', 'D', 65, 'GM9240', 3, 2, 1184),
('2005-05-24', 'L', 'D', 86, 'GM9240', 2, 5, 1185),
('2006-01-07', 'L', 'D', 19, 'GM9240', 3, 4, 1186),
('2006-06-14', 'L', 'W', 34, 'GM9240', 2, 0, 1187),
('2007-07-05', 'L', 'D', 100, 'GM9240', 1, 2, 1188),
('2008-05-13', 'L', 'D', 5, 'GM9240', 0, 4, 1189),
('2008-05-19', 'L', 'D', 84, 'GM9240', 2, 3, 1190),
('2008-07-05', 'T', 'W', 43, 'GM9240', 3, 1, 1191),
('2008-08-13', 'T', 'D', 3, 'GM9240', 5, 1, 1192),
('2009-03-16', 'L', 'D', 37, 'GM9240', 3, 0, 1193),
('2010-08-29', 'L', 'W', 96, 'GM9240', 3, 3, 1194),
('2011-08-16', 'L', 'W', 14, 'GM9240', 0, 1, 1195),
('2002-05-08', 'L', 'D', 2, 'GN5798', 5, 4, 1196),
('2002-07-27', 'L', 'W', 10, 'GN5798', 4, 4, 1197),
('2002-12-31', 'L', 'W', 93, 'GN5798', 1, 0, 1198),
('2003-03-23', 'L', 'W', 56, 'GN5798', 3, 5, 1199),
('2003-04-25', 'L', 'D', 55, 'GN5798', 2, 1, 1200),
('2003-08-30', 'L', 'W', 6, 'GN5798', 6, 5, 1201),
('2003-09-17', 'L', 'W', 75, 'GN5798', 5, 5, 1202),
('2004-05-15', 'L', 'D', 54, 'GN5798', 2, 5, 1203),
('2004-10-07', 'L', 'D', 20, 'GN5798', 5, 1, 1204),
('2004-11-10', 'L', 'D', 75, 'GN5798', 5, 2, 1205),
('2005-07-26', 'L', 'W', 22, 'GN5798', 2, 2, 1206),
('2005-09-05', 'L', 'D', 63, 'GN5798', 1, 1, 1207),
('2006-04-23', 'L', 'D', 51, 'GN5798', 3, 2, 1208),
('2006-09-09', 'L', 'D', 89, 'GN5798', 0, 4, 1209),
('2007-11-17', 'L', 'D', 44, 'GN5798', 6, 1, 1210),
('2008-10-27', 'L', 'D', 40, 'GN5798', 2, 5, 1211),
('2011-04-30', 'L', 'W', 65, 'GN5798', 4, 2, 1212),
('2011-09-29', 'L', 'D', 56, 'GN5798', 1, 3, 1213),
('2003-06-29', 'P', 'W', 90, 'HA4297', 6, 5, 1214),
('2003-11-27', 'L', 'W', 76, 'HA4297', 3, 0, 1215),
('2006-03-09', 'P', 'W', 23, 'HA4297', 1, 1, 1216),
('2007-11-20', 'L', 'W', 63, 'HA4297', 0, 5, 1217),
('2008-08-07', 'L', 'D', 37, 'HA4297', 5, 1, 1218),
('2009-07-03', 'P', 'W', 72, 'HA4297', 5, 0, 1219),
('2009-09-16', 'L', 'W', 18, 'HA4297', 5, 0, 1220),
('2009-10-16', 'L', 'D', 37, 'HA4297', 5, 4, 1221),
('2010-02-10', 'L', 'W', 14, 'HA4297', 1, 1, 1222),
('2010-03-27', 'L', 'W', 49, 'HA4297', 2, 0, 1223),
('2010-09-26', 'P', 'W', 58, 'HA4297', 0, 1, 1224),
('2002-02-14', 'L', 'W', 67, 'HA8767', 0, 0, 1225),
('2002-08-22', 'L', 'D', 40, 'HA8767', 0, 0, 1226),
('2003-01-17', 'L', 'D', 95, 'HA8767', 1, 0, 1227),
('2005-03-03', 'L', 'W', 93, 'HA8767', 4, 4, 1228),
('2006-07-25', 'L', 'W', 49, 'HA8767', 4, 0, 1229),
('2007-01-08', 'L', 'W', 24, 'HA8767', 0, 5, 1230),
('2007-03-07', 'L', 'W', 64, 'HA8767', 1, 3, 1231),
('2007-05-18', 'T', 'D', 47, 'HA8767', 1, 1, 1232),
('2007-12-15', 'L', 'D', 64, 'HA8767', 5, 3, 1233),
('2008-05-30', 'L', 'W', 12, 'HA8767', 1, 2, 1234),
('2009-10-02', 'P', 'W', 89, 'HA8767', 3, 1, 1235),
('2011-02-18', 'L', 'W', 29, 'HA8767', 1, 4, 1236),
('2011-04-13', 'L', 'W', 72, 'HA8767', 0, 1, 1237),
('2011-10-21', 'L', 'D', 96, 'HA8767', 1, 0, 1238),
('2002-01-05', 'L', 'D', 22, 'HC8385', 4, 0, 1239),
('2002-01-24', 'L', 'D', 8, 'HC8385', 0, 3, 1240),
('2003-09-04', 'P', 'D', 81, 'HC8385', 2, 0, 1241),
('2004-01-29', 'P', 'D', 92, 'HC8385', 2, 3, 1242),
('2004-06-04', 'L', 'W', 6, 'HC8385', 1, 4, 1243),
('2005-10-19', 'L', 'D', 17, 'HC8385', 1, 5, 1244),
('2006-12-08', 'L', 'D', 25, 'HC8385', 6, 3, 1245),
('2007-01-30', 'L', 'W', 97, 'HC8385', 3, 3, 1246),
('2007-06-13', 'L', 'W', 80, 'HC8385', 5, 1, 1247),
('2009-07-06', 'L', 'D', 27, 'HC8385', 6, 1, 1248),
('2009-10-08', 'L', 'D', 32, 'HC8385', 4, 1, 1249),
('2009-11-15', 'L', 'W', 67, 'HC8385', 3, 3, 1250),
('2010-03-17', 'T', 'W', 73, 'HC8385', 4, 1, 1251),
('2010-07-25', 'L', 'W', 62, 'HC8385', 5, 4, 1252),
('2010-10-13', 'L', 'D', 60, 'HC8385', 0, 2, 1253),
('2010-11-06', 'L', 'W', 83, 'HC8385', 4, 4, 1254),
('2011-03-22', 'L', 'D', 13, 'HC8385', 6, 0, 1255),
('2011-11-23', 'L', 'D', 10, 'HC8385', 3, 5, 1256),
('2011-12-18', 'L', 'W', 11, 'HC8385', 0, 2, 1257),
('2002-07-17', 'L', 'D', 68, 'HF4351', 2, 1, 1258),
('2003-09-30', 'L', 'D', 89, 'HF4351', 4, 1, 1259),
('2003-10-03', 'L', 'D', 89, 'HF4351', 5, 2, 1260),
('2005-12-18', 'L', 'D', 92, 'HF4351', 2, 5, 1261),
('2006-06-24', 'L', 'W', 85, 'HF4351', 4, 1, 1262),
('2008-02-18', 'P', 'D', 17, 'HF4351', 0, 5, 1263),
('2008-05-07', 'L', 'D', 67, 'HF4351', 3, 1, 1264),
('2008-10-14', 'L', 'D', 25, 'HF4351', 2, 1, 1265),
('2009-01-19', 'T', 'W', 95, 'HF4351', 6, 5, 1266),
('2009-05-06', 'L', 'W', 43, 'HF4351', 0, 3, 1267),
('2009-05-22', 'L', 'D', 24, 'HF4351', 6, 1, 1268),
('2009-06-17', 'L', 'D', 47, 'HF4351', 3, 4, 1269),
('2009-10-20', 'L', 'D', 32, 'HF4351', 0, 4, 1270),
('2009-12-23', 'L', 'W', 50, 'HF4351', 5, 5, 1271),
('2011-01-21', 'L', 'D', 78, 'HF4351', 0, 4, 1272),
('2011-03-04', 'L', 'D', 35, 'HF4351', 5, 5, 1273),
('2011-12-25', 'L', 'D', 40, 'HF4351', 5, 2, 1274),
('2002-07-12', 'L', 'D', 56, 'HF6490', 6, 1, 1275),
('2003-01-27', 'L', 'D', 5, 'HF6490', 0, 4, 1276),
('2003-11-21', 'L', 'D', 41, 'HF6490', 4, 3, 1277),
('2003-12-30', 'L', 'W', 14, 'HF6490', 1, 0, 1278),
('2004-09-21', 'L', 'D', 91, 'HF6490', 5, 4, 1279),
('2004-10-14', 'L', 'W', 67, 'HF6490', 0, 3, 1280),
('2005-01-19', 'L', 'D', 7, 'HF6490', 4, 2, 1281),
('2005-03-22', 'L', 'D', 80, 'HF6490', 5, 4, 1282),
('2005-12-12', 'L', 'W', 84, 'HF6490', 0, 1, 1283),
('2006-01-11', 'L', 'D', 52, 'HF6490', 4, 3, 1284),
('2006-04-02', 'L', 'W', 16, 'HF6490', 3, 1, 1285),
('2006-04-30', 'P', 'D', 64, 'HF6490', 6, 1, 1286),
('2007-05-16', 'P', 'D', 97, 'HF6490', 0, 0, 1287),
('2007-06-26', 'T', 'W', 15, 'HF6490', 2, 1, 1288),
('2008-01-03', 'L', 'D', 11, 'HF6490', 1, 0, 1289),
('2008-02-20', 'L', 'D', 92, 'HF6490', 4, 3, 1290),
('2009-10-29', 'L', 'D', 5, 'HF6490', 3, 1, 1291),
('2009-11-03', 'L', 'W', 23, 'HF6490', 2, 1, 1292),
('2009-11-18', 'L', 'D', 50, 'HF6490', 3, 1, 1293),
('2010-02-07', 'L', 'W', 91, 'HF6490', 4, 3, 1294),
('2010-09-19', 'L', 'W', 60, 'HF6490', 2, 2, 1295),
('2010-09-24', 'T', 'D', 10, 'HF6490', 6, 2, 1296),
('2010-10-04', 'L', 'D', 19, 'HF6490', 0, 1, 1297),
('2010-10-22', 'L', 'D', 40, 'HF6490', 6, 2, 1298),
('2010-12-23', 'L', 'W', 44, 'HF6490', 0, 4, 1299),
('2011-12-12', 'P', 'D', 8, 'HF6490', 2, 4, 1300),
('2011-12-24', 'L', 'W', 21, 'HF6490', 4, 5, 1301),
('2003-05-10', 'T', 'D', 73, 'HH7146', 3, 2, 1302),
('2003-06-23', 'L', 'D', 37, 'HH7146', 6, 4, 1303),
('2003-07-13', 'P', 'W', 56, 'HH7146', 6, 3, 1304),
('2004-02-19', 'L', 'D', 20, 'HH7146', 1, 3, 1305),
('2004-02-29', 'T', 'W', 6, 'HH7146', 5, 3, 1306),
('2004-07-16', 'P', 'W', 63, 'HH7146', 1, 0, 1307),
('2005-01-22', 'L', 'D', 98, 'HH7146', 3, 4, 1308),
('2005-03-08', 'L', 'W', 100, 'HH7146', 4, 1, 1309),
('2005-07-04', 'L', 'W', 45, 'HH7146', 4, 1, 1310),
('2006-01-15', 'L', 'D', 1, 'HH7146', 1, 3, 1311),
('2006-05-28', 'L', 'D', 11, 'HH7146', 5, 3, 1312),
('2006-06-04', 'T', 'D', 18, 'HH7146', 3, 1, 1313),
('2006-06-25', 'P', 'D', 96, 'HH7146', 1, 4, 1314),
('2007-05-31', 'T', 'D', 40, 'HH7146', 6, 2, 1315),
('2007-06-04', 'L', 'W', 50, 'HH7146', 1, 5, 1316),
('2007-09-28', 'L', 'W', 89, 'HH7146', 4, 2, 1317),
('2008-09-17', 'L', 'D', 74, 'HH7146', 5, 5, 1318),
('2009-03-06', 'L', 'W', 76, 'HH7146', 0, 1, 1319),
('2009-04-25', 'P', 'D', 62, 'HH7146', 1, 2, 1320),
('2009-06-25', 'L', 'W', 64, 'HH7146', 4, 5, 1321),
('2002-02-15', 'L', 'W', 55, 'HJ7005', 1, 3, 1322),
('2002-03-29', 'L', 'W', 28, 'HJ7005', 6, 2, 1323),
('2002-04-29', 'L', 'W', 93, 'HJ7005', 5, 1, 1324),
('2002-11-25', 'L', 'D', 2, 'HJ7005', 5, 3, 1325),
('2003-07-04', 'L', 'D', 15, 'HJ7005', 3, 1, 1326),
('2004-03-16', 'L', 'D', 21, 'HJ7005', 1, 0, 1327),
('2004-07-08', 'L', 'W', 45, 'HJ7005', 6, 2, 1328),
('2004-08-05', 'L', 'D', 86, 'HJ7005', 2, 4, 1329),
('2004-12-24', 'L', 'W', 58, 'HJ7005', 6, 4, 1330),
('2004-12-29', 'P', 'W', 22, 'HJ7005', 3, 4, 1331),
('2005-06-13', 'L', 'D', 92, 'HJ7005', 0, 0, 1332),
('2005-07-15', 'L', 'W', 89, 'HJ7005', 6, 0, 1333),
('2006-01-30', 'P', 'D', 28, 'HJ7005', 4, 3, 1334),
('2006-07-29', 'L', 'D', 13, 'HJ7005', 3, 3, 1335),
('2007-08-30', 'L', 'D', 68, 'HJ7005', 4, 4, 1336),
('2008-12-28', 'L', 'W', 22, 'HJ7005', 5, 2, 1337),
('2009-02-23', 'P', 'D', 43, 'HJ7005', 5, 4, 1338),
('2009-03-10', 'L', 'W', 16, 'HJ7005', 3, 2, 1339),
('2009-08-14', 'L', 'D', 85, 'HJ7005', 1, 5, 1340),
('2009-08-15', 'L', 'W', 11, 'HJ7005', 0, 4, 1341),
('2010-07-15', 'L', 'D', 52, 'HJ7005', 1, 2, 1342),
('2011-08-20', 'L', 'D', 49, 'HJ7005', 0, 1, 1343),
('2011-12-28', 'L', 'D', 60, 'HJ7005', 1, 3, 1344),
('2003-01-21', 'L', 'D', 14, 'HN3479', 2, 5, 1345),
('2003-04-28', 'L', 'W', 22, 'HN3479', 3, 2, 1346),
('2003-04-30', 'L', 'W', 75, 'HN3479', 2, 1, 1347),
('2003-07-19', 'L', 'D', 83, 'HN3479', 1, 5, 1348),
('2003-08-17', 'P', 'W', 45, 'HN3479', 5, 3, 1349),
('2003-09-29', 'P', 'D', 44, 'HN3479', 6, 3, 1350),
('2004-08-11', 'L', 'W', 4, 'HN3479', 6, 4, 1351),
('2005-04-01', 'L', 'W', 71, 'HN3479', 4, 0, 1352),
('2006-06-26', 'L', 'W', 79, 'HN3479', 0, 1, 1353),
('2006-07-06', 'L', 'D', 55, 'HN3479', 0, 5, 1354),
('2008-05-27', 'L', 'D', 7, 'HN3479', 0, 2, 1355),
('2008-10-11', 'L', 'W', 42, 'HN3479', 0, 3, 1356),
('2008-12-11', 'L', 'D', 69, 'HN3479', 4, 1, 1357),
('2009-04-01', 'L', 'W', 74, 'HN3479', 0, 5, 1358),
('2009-05-15', 'L', 'W', 97, 'HN3479', 2, 3, 1359),
('2009-05-24', 'L', 'D', 98, 'HN3479', 3, 5, 1360),
('2009-10-22', 'L', 'W', 15, 'HN3479', 1, 4, 1361),
('2010-08-31', 'T', 'D', 25, 'HN3479', 5, 0, 1362),
('2010-10-14', 'P', 'W', 57, 'HN3479', 1, 1, 1363),
('2011-01-04', 'L', 'D', 93, 'HN3479', 3, 5, 1364),
('2011-06-18', 'L', 'D', 84, 'HN3479', 2, 4, 1365),
('2011-08-02', 'L', 'W', 49, 'HN3479', 4, 5, 1366),
('2011-11-21', 'P', 'W', 10, 'HN3479', 6, 2, 1367),
('2003-12-04', 'L', 'D', 81, 'HN8188', 0, 0, 1368),
('2004-04-16', 'P', 'W', 87, 'HN8188', 6, 2, 1369),
('2004-06-25', 'L', 'D', 55, 'HN8188', 0, 5, 1370),
('2004-06-29', 'L', 'W', 57, 'HN8188', 2, 2, 1371),
('2004-08-03', 'L', 'D', 22, 'HN8188', 5, 4, 1372),
('2005-04-07', 'L', 'W', 82, 'HN8188', 2, 5, 1373),
('2006-06-02', 'L', 'D', 97, 'HN8188', 4, 4, 1374),
('2009-03-15', 'L', 'W', 24, 'HN8188', 1, 4, 1375),
('2009-07-17', 'L', 'D', 59, 'HN8188', 1, 4, 1376),
('2009-08-17', 'L', 'W', 99, 'HN8188', 6, 3, 1377),
('2011-02-14', 'L', 'W', 48, 'HN8188', 5, 4, 1378),
('2002-03-03', 'L', 'D', 87, 'IA9782', 5, 1, 1379),
('2002-06-26', 'L', 'W', 6, 'IA9782', 4, 4, 1380),
('2004-11-04', 'L', 'D', 26, 'IA9782', 0, 5, 1381),
('2005-01-27', 'L', 'D', 96, 'IA9782', 1, 4, 1382),
('2006-10-25', 'P', 'D', 38, 'IA9782', 6, 3, 1383),
('2008-07-28', 'L', 'W', 79, 'IA9782', 6, 0, 1384),
('2008-10-22', 'P', 'W', 46, 'IA9782', 5, 4, 1385),
('2008-11-21', 'L', 'D', 49, 'IA9782', 1, 1, 1386),
('2009-07-15', 'L', 'W', 63, 'IA9782', 6, 3, 1387),
('2009-08-28', 'L', 'W', 4, 'IA9782', 0, 3, 1388),
('2011-04-05', 'L', 'D', 85, 'IA9782', 5, 0, 1389),
('2011-04-26', 'L', 'W', 36, 'IA9782', 1, 1, 1390),
('2011-12-03', 'L', 'W', 83, 'IA9782', 6, 2, 1391),
('2002-05-22', 'L', 'D', 18, 'IC2160', 4, 2, 1392),
('2003-01-30', 'L', 'W', 35, 'IC2160', 3, 0, 1393),
('2003-07-31', 'L', 'D', 99, 'IC2160', 6, 4, 1394),
('2004-03-10', 'L', 'D', 58, 'IC2160', 3, 0, 1395),
('2004-10-05', 'L', 'D', 46, 'IC2160', 0, 5, 1396),
('2005-10-01', 'L', 'D', 75, 'IC2160', 1, 5, 1397),
('2005-12-28', 'L', 'D', 54, 'IC2160', 3, 4, 1398),
('2006-10-12', 'T', 'W', 44, 'IC2160', 2, 3, 1399),
('2006-11-13', 'L', 'D', 16, 'IC2160', 1, 2, 1400),
('2006-12-10', 'L', 'D', 17, 'IC2160', 2, 3, 1401),
('2008-03-25', 'L', 'D', 70, 'IC2160', 3, 3, 1402),
('2008-05-03', 'L', 'D', 83, 'IC2160', 6, 4, 1403),
('2008-05-17', 'L', 'W', 73, 'IC2160', 3, 3, 1404),
('2009-08-24', 'L', 'W', 99, 'IC2160', 0, 3, 1405),
('2010-01-29', 'L', 'D', 97, 'IC2160', 4, 0, 1406),
('2010-10-17', 'P', 'D', 60, 'IC2160', 4, 4, 1407),
('2011-05-02', 'L', 'D', 69, 'IC2160', 5, 2, 1408),
('2011-08-06', 'P', 'D', 60, 'IC2160', 3, 2, 1409),
('2003-07-06', 'L', 'D', 59, 'IC6748', 5, 3, 1410),
('2003-12-11', 'P', 'W', 29, 'IC6748', 1, 3, 1411),
('2004-11-22', 'P', 'D', 55, 'IC6748', 0, 2, 1412),
('2005-03-25', 'L', 'D', 15, 'IC6748', 2, 4, 1413),
('2005-06-29', 'L', 'W', 25, 'IC6748', 3, 5, 1414),
('2005-08-09', 'L', 'D', 100, 'IC6748', 0, 4, 1415),
('2005-12-10', 'L', 'W', 56, 'IC6748', 1, 4, 1416),
('2006-02-17', 'L', 'D', 12, 'IC6748', 2, 1, 1417),
('2006-10-13', 'L', 'W', 79, 'IC6748', 1, 3, 1418),
('2007-03-27', 'L', 'D', 70, 'IC6748', 6, 3, 1419),
('2007-07-29', 'P', 'W', 70, 'IC6748', 5, 1, 1420),
('2007-08-02', 'L', 'W', 70, 'IC6748', 6, 2, 1421),
('2008-04-08', 'L', 'D', 63, 'IC6748', 3, 3, 1422),
('2008-06-02', 'P', 'D', 73, 'IC6748', 6, 0, 1423),
('2008-12-02', 'L', 'W', 8, 'IC6748', 3, 2, 1424),
('2008-12-26', 'P', 'W', 23, 'IC6748', 0, 3, 1425),
('2011-04-04', 'L', 'D', 78, 'IC6748', 5, 4, 1426),
('2011-05-29', 'L', 'D', 77, 'IC6748', 2, 2, 1427),
('2011-08-12', 'P', 'W', 11, 'IC6748', 4, 2, 1428),
('2002-09-15', 'L', 'D', 21, 'IF9990', 4, 0, 1429),
('2002-12-01', 'L', 'W', 50, 'IF9990', 5, 1, 1430),
('2003-11-11', 'L', 'D', 94, 'IF9990', 0, 5, 1431),
('2004-07-09', 'L', 'D', 73, 'IF9990', 2, 3, 1432),
('2004-09-22', 'L', 'W', 14, 'IF9990', 4, 5, 1433),
('2004-09-25', 'P', 'W', 69, 'IF9990', 5, 5, 1434),
('2005-02-09', 'L', 'D', 34, 'IF9990', 5, 3, 1435),
('2005-12-23', 'L', 'D', 81, 'IF9990', 6, 4, 1436),
('2007-01-01', 'L', 'W', 26, 'IF9990', 4, 3, 1437),
('2007-04-07', 'L', 'D', 28, 'IF9990', 5, 4, 1438),
('2007-10-11', 'L', 'W', 63, 'IF9990', 1, 4, 1439),
('2009-07-01', 'L', 'W', 22, 'IF9990', 6, 4, 1440),
('2009-09-13', 'L', 'D', 40, 'IF9990', 5, 4, 1441),
('2010-04-07', 'T', 'D', 27, 'IF9990', 6, 3, 1442),
('2011-03-08', 'L', 'D', 15, 'IF9990', 6, 3, 1443),
('2011-10-02', 'P', 'D', 88, 'IF9990', 5, 0, 1444),
('2002-01-23', 'L', 'W', 3, 'IH8152', 4, 5, 1445),
('2002-08-04', 'L', 'W', 30, 'IH8152', 1, 0, 1446),
('2002-09-25', 'L', 'D', 26, 'IH8152', 5, 0, 1447),
('2003-11-22', 'L', 'D', 17, 'IH8152', 2, 2, 1448),
('2005-02-07', 'L', 'W', 16, 'IH8152', 1, 5, 1449),
('2005-03-11', 'L', 'D', 21, 'IH8152', 5, 1, 1450),
('2005-04-04', 'L', 'D', 82, 'IH8152', 1, 0, 1451),
('2006-06-19', 'L', 'D', 46, 'IH8152', 5, 3, 1452),
('2006-09-21', 'L', 'W', 70, 'IH8152', 5, 4, 1453),
('2006-09-22', 'L', 'D', 45, 'IH8152', 2, 1, 1454),
('2007-11-11', 'L', 'W', 26, 'IH8152', 6, 5, 1455),
('2008-09-11', 'L', 'D', 51, 'IH8152', 5, 5, 1456),
('2010-03-03', 'L', 'D', 61, 'IH8152', 2, 5, 1457),
('2010-11-30', 'L', 'D', 30, 'IH8152', 1, 3, 1458),
('2011-03-24', 'L', 'W', 87, 'IH8152', 2, 0, 1459),
('2011-05-22', 'L', 'W', 83, 'IH8152', 0, 0, 1460),
('2002-05-12', 'T', 'W', 6, 'II4034', 1, 1, 1461),
('2002-07-09', 'L', 'W', 1, 'II4034', 3, 2, 1462),
('2004-05-31', 'L', 'D', 96, 'II4034', 2, 0, 1463),
('2004-08-13', 'L', 'D', 53, 'II4034', 2, 2, 1464),
('2005-02-24', 'L', 'W', 43, 'II4034', 3, 2, 1465),
('2005-05-22', 'L', 'W', 31, 'II4034', 2, 1, 1466),
('2006-11-20', 'L', 'W', 66, 'II4034', 2, 2, 1467),
('2008-04-19', 'L', 'W', 98, 'II4034', 5, 2, 1468),
('2008-07-17', 'L', 'D', 15, 'II4034', 3, 0, 1469),
('2008-11-07', 'L', 'W', 31, 'II4034', 5, 0, 1470),
('2010-02-28', 'L', 'W', 10, 'II4034', 6, 2, 1471),
('2010-04-08', 'L', 'W', 13, 'II4034', 5, 3, 1472),
('2010-09-02', 'L', 'W', 9, 'II4034', 1, 2, 1473),
('2011-07-07', 'L', 'D', 88, 'II4034', 2, 1, 1474),
('2011-11-13', 'L', 'W', 73, 'II4034', 6, 5, 1475),
('2003-05-12', 'L', 'W', 57, 'IJ5595', 0, 1, 1476),
('2004-07-01', 'L', 'D', 55, 'IJ5595', 3, 5, 1477),
('2005-04-27', 'L', 'D', 82, 'IJ5595', 4, 1, 1478),
('2005-06-03', 'L', 'D', 18, 'IJ5595', 5, 4, 1479),
('2006-12-11', 'L', 'W', 73, 'IJ5595', 3, 1, 1480),
('2007-09-08', 'L', 'W', 3, 'IJ5595', 4, 0, 1481),
('2008-04-03', 'P', 'W', 99, 'IJ5595', 2, 0, 1482),
('2010-12-07', 'L', 'D', 55, 'IJ5595', 6, 2, 1483),
('2011-12-08', 'L', 'W', 63, 'IJ5595', 6, 2, 1484),
('2002-07-20', 'L', 'W', 1, 'IJ6370', 1, 4, 1485),
('2003-08-20', 'L', 'D', 85, 'IJ6370', 3, 4, 1486),
('2003-09-22', 'L', 'W', 53, 'IJ6370', 1, 5, 1487),
('2003-12-18', 'L', 'D', 2, 'IJ6370', 1, 2, 1488),
('2004-05-26', 'P', 'D', 20, 'IJ6370', 0, 0, 1489),
('2004-09-19', 'P', 'D', 20, 'IJ6370', 6, 5, 1490),
('2004-09-24', 'L', 'W', 8, 'IJ6370', 6, 2, 1491),
('2004-10-17', 'L', 'W', 42, 'IJ6370', 0, 1, 1492),
('2004-12-13', 'L', 'W', 64, 'IJ6370', 3, 4, 1493),
('2005-01-07', 'L', 'D', 20, 'IJ6370', 6, 5, 1494),
('2005-04-06', 'L', 'D', 50, 'IJ6370', 0, 2, 1495),
('2005-06-09', 'L', 'W', 66, 'IJ6370', 4, 3, 1496),
('2005-06-25', 'L', 'D', 81, 'IJ6370', 2, 1, 1497),
('2005-11-14', 'L', 'D', 44, 'IJ6370', 6, 1, 1498),
('2006-05-26', 'L', 'W', 46, 'IJ6370', 3, 4, 1499),
('2006-10-05', 'L', 'W', 42, 'IJ6370', 1, 1, 1500),
('2006-12-01', 'T', 'D', 53, 'IJ6370', 2, 3, 1501),
('2007-03-29', 'T', 'D', 71, 'IJ6370', 5, 0, 1502),
('2007-04-24', 'L', 'D', 86, 'IJ6370', 6, 2, 1503),
('2007-11-24', 'L', 'W', 91, 'IJ6370', 1, 4, 1504),
('2008-12-05', 'L', 'D', 94, 'IJ6370', 1, 4, 1505),
('2009-08-12', 'L', 'W', 66, 'IJ6370', 5, 2, 1506),
('2010-01-17', 'L', 'W', 19, 'IJ6370', 1, 3, 1507),
('2011-02-16', 'L', 'W', 12, 'IJ6370', 1, 3, 1508),
('2002-06-01', 'L', 'W', 86, 'IK7728', 5, 4, 1509),
('2003-01-03', 'P', 'D', 18, 'IK7728', 0, 1, 1510),
('2003-06-11', 'L', 'W', 30, 'IK7728', 5, 2, 1511),
('2003-10-05', 'L', 'W', 93, 'IK7728', 2, 1, 1512),
('2003-10-27', 'P', 'W', 80, 'IK7728', 6, 5, 1513),
('2004-10-24', 'P', 'W', 36, 'IK7728', 4, 2, 1514),
('2005-11-25', 'L', 'W', 38, 'IK7728', 0, 0, 1515),
('2006-12-23', 'L', 'D', 57, 'IK7728', 3, 0, 1516),
('2007-06-24', 'T', 'D', 34, 'IK7728', 0, 4, 1517),
('2007-12-27', 'L', 'D', 34, 'IK7728', 3, 2, 1518),
('2008-01-12', 'L', 'W', 17, 'IK7728', 5, 3, 1519),
('2008-06-22', 'L', 'D', 1, 'IK7728', 0, 2, 1520),
('2010-08-16', 'L', 'W', 76, 'IK7728', 5, 0, 1521),
('2010-08-27', 'L', 'W', 46, 'IK7728', 3, 4, 1522),
('2011-01-25', 'L', 'D', 90, 'IK7728', 6, 0, 1523),
('2011-02-22', 'L', 'W', 79, 'IK7728', 5, 3, 1524),
('2011-11-28', 'L', 'D', 33, 'IK7728', 3, 5, 1525),
('2002-01-07', 'L', 'D', 97, 'IM7081', 5, 4, 1526),
('2003-06-19', 'L', 'D', 59, 'IM7081', 2, 0, 1527),
('2004-04-09', 'L', 'D', 41, 'IM7081', 0, 3, 1528),
('2004-12-27', 'L', 'D', 88, 'IM7081', 6, 0, 1529),
('2005-08-17', 'L', 'D', 6, 'IM7081', 3, 3, 1530),
('2005-11-17', 'L', 'D', 6, 'IM7081', 5, 2, 1531),
('2006-10-30', 'L', 'W', 44, 'IM7081', 0, 5, 1532),
('2008-03-29', 'L', 'W', 76, 'IM7081', 2, 1, 1533),
('2008-06-04', 'P', 'D', 93, 'IM7081', 4, 1, 1534),
('2010-01-08', 'P', 'W', 96, 'IM7081', 1, 4, 1535),
('2010-05-19', 'L', 'D', 25, 'IM7081', 0, 0, 1536),
('2011-07-17', 'L', 'D', 8, 'IM7081', 0, 4, 1537),
('2011-09-28', 'T', 'W', 15, 'IM7081', 4, 2, 1538),
('2011-12-16', 'L', 'D', 19, 'IM7081', 1, 4, 1539),
('2003-04-17', 'L', 'W', 22, 'JA3814', 4, 3, 1540),
('2003-10-16', 'L', 'D', 8, 'JA3814', 5, 3, 1541),
('2004-06-17', 'L', 'W', 55, 'JA3814', 1, 4, 1542),
('2005-02-10', 'L', 'W', 49, 'JA3814', 5, 0, 1543),
('2005-05-30', 'L', 'W', 88, 'JA3814', 6, 3, 1544),
('2005-10-16', 'P', 'W', 91, 'JA3814', 1, 0, 1545),
('2006-04-22', 'P', 'D', 2, 'JA3814', 3, 5, 1546),
('2006-12-20', 'T', 'W', 27, 'JA3814', 1, 0, 1547),
('2007-02-11', 'L', 'D', 53, 'JA3814', 5, 4, 1548),
('2007-02-12', 'L', 'W', 79, 'JA3814', 2, 4, 1549),
('2007-02-15', 'L', 'W', 91, 'JA3814', 3, 3, 1550),
('2007-06-01', 'L', 'W', 68, 'JA3814', 1, 3, 1551),
('2008-05-16', 'L', 'D', 55, 'JA3814', 2, 1, 1552),
('2008-08-11', 'L', 'D', 95, 'JA3814', 1, 0, 1553),
('2009-01-31', 'L', 'W', 42, 'JA3814', 4, 2, 1554),
('2009-03-23', 'T', 'W', 15, 'JA3814', 0, 4, 1555),
('2010-01-26', 'P', 'W', 75, 'JA3814', 5, 4, 1556),
('2010-07-01', 'L', 'W', 83, 'JA3814', 3, 1, 1557),
('2011-06-03', 'L', 'D', 92, 'JA3814', 0, 5, 1558),
('2011-06-29', 'L', 'D', 88, 'JA3814', 3, 0, 1559),
('2011-08-18', 'L', 'W', 78, 'JA3814', 1, 4, 1560),
('2011-08-30', 'L', 'W', 65, 'JA3814', 4, 1, 1561),
('2011-11-04', 'L', 'W', 46, 'JA3814', 0, 5, 1562),
('2002-10-26', 'L', 'W', 52, 'JB7620', 4, 0, 1563),
('2003-10-28', 'L', 'W', 81, 'JB7620', 3, 2, 1564),
('2004-02-10', 'L', 'W', 74, 'JB7620', 2, 1, 1565),
('2004-03-19', 'L', 'W', 57, 'JB7620', 4, 5, 1566),
('2004-05-18', 'L', 'W', 13, 'JB7620', 2, 2, 1567),
('2004-12-28', 'L', 'D', 91, 'JB7620', 3, 3, 1568),
('2005-07-22', 'L', 'D', 99, 'JB7620', 5, 2, 1569),
('2005-08-21', 'P', 'D', 90, 'JB7620', 2, 4, 1570),
('2007-08-07', 'L', 'W', 73, 'JB7620', 2, 1, 1571),
('2007-11-27', 'L', 'W', 24, 'JB7620', 4, 4, 1572),
('2008-10-23', 'L', 'W', 5, 'JB7620', 2, 4, 1573),
('2008-12-13', 'L', 'D', 56, 'JB7620', 6, 3, 1574),
('2009-09-17', 'L', 'W', 99, 'JB7620', 5, 4, 1575),
('2010-04-16', 'L', 'W', 48, 'JB7620', 2, 2, 1576),
('2010-06-15', 'L', 'W', 88, 'JB7620', 0, 0, 1577),
('2010-06-28', 'L', 'D', 63, 'JB7620', 2, 5, 1578),
('2010-07-22', 'L', 'W', 33, 'JB7620', 5, 2, 1579),
('2010-09-15', 'L', 'W', 72, 'JB7620', 1, 5, 1580),
('2011-07-22', 'L', 'D', 18, 'JB7620', 6, 2, 1581),
('2011-10-14', 'L', 'D', 4, 'JB7620', 3, 4, 1582),
('2002-03-11', 'L', 'W', 78, 'JC8478', 6, 0, 1583),
('2002-05-02', 'L', 'D', 65, 'JC8478', 3, 1, 1584),
('2003-06-21', 'L', 'D', 54, 'JC8478', 0, 3, 1585),
('2004-02-27', 'L', 'D', 5, 'JC8478', 2, 5, 1586),
('2004-03-08', 'L', 'W', 5, 'JC8478', 0, 4, 1587),
('2004-10-06', 'L', 'W', 11, 'JC8478', 6, 5, 1588),
('2005-09-13', 'L', 'W', 1, 'JC8478', 3, 1, 1589),
('2005-12-09', 'L', 'D', 46, 'JC8478', 6, 0, 1590),
('2005-12-21', 'L', 'W', 56, 'JC8478', 0, 1, 1591),
('2006-10-11', 'L', 'W', 36, 'JC8478', 3, 1, 1592),
('2007-03-13', 'L', 'W', 79, 'JC8478', 4, 0, 1593),
('2007-06-30', 'L', 'D', 14, 'JC8478', 5, 5, 1594),
('2007-12-23', 'L', 'W', 25, 'JC8478', 3, 4, 1595),
('2008-06-18', 'L', 'D', 33, 'JC8478', 0, 0, 1596),
('2008-10-05', 'P', 'W', 55, 'JC8478', 2, 1, 1597),
('2009-01-09', 'L', 'W', 39, 'JC8478', 3, 5, 1598),
('2009-11-20', 'L', 'W', 76, 'JC8478', 3, 0, 1599),
('2010-11-20', 'L', 'D', 22, 'JC8478', 5, 2, 1600),
('2002-09-21', 'L', 'D', 50, 'JD5851', 6, 4, 1601),
('2004-04-14', 'L', 'D', 44, 'JD5851', 6, 0, 1602),
('2006-07-23', 'L', 'W', 54, 'JD5851', 1, 1, 1603),
('2006-11-18', 'L', 'W', 31, 'JD5851', 3, 1, 1604),
('2007-03-16', 'L', 'D', 100, 'JD5851', 1, 4, 1605),
('2007-10-05', 'L', 'D', 12, 'JD5851', 5, 0, 1606),
('2008-08-25', 'P', 'W', 31, 'JD5851', 3, 5, 1607),
('2008-10-30', 'L', 'W', 73, 'JD5851', 0, 5, 1608),
('2008-12-17', 'L', 'W', 19, 'JD5851', 3, 0, 1609),
('2009-09-05', 'L', 'W', 55, 'JD5851', 1, 4, 1610),
('2009-10-12', 'P', 'D', 17, 'JD5851', 2, 1, 1611),
('2009-11-23', 'L', 'D', 66, 'JD5851', 2, 1, 1612),
('2010-07-28', 'L', 'W', 35, 'JD5851', 0, 4, 1613),
('2010-09-13', 'L', 'D', 71, 'JD5851', 0, 0, 1614),
('2010-10-19', 'L', 'D', 89, 'JD5851', 3, 1, 1615),
('2003-03-29', 'L', 'W', 23, 'JF7164', 3, 5, 1616),
('2004-10-26', 'L', 'W', 63, 'JF7164', 5, 1, 1617),
('2005-05-07', 'L', 'W', 41, 'JF7164', 4, 3, 1618),
('2007-02-10', 'L', 'D', 30, 'JF7164', 1, 5, 1619),
('2007-03-02', 'L', 'W', 94, 'JF7164', 3, 2, 1620),
('2007-03-24', 'P', 'W', 50, 'JF7164', 1, 0, 1621),
('2009-05-14', 'L', 'W', 100, 'JF7164', 4, 0, 1622),
('2010-04-13', 'L', 'D', 9, 'JF7164', 0, 1, 1623),
('2011-03-03', 'L', 'D', 37, 'JF7164', 6, 3, 1624),
('2002-02-01', 'L', 'D', 82, 'JG2805', 3, 5, 1625),
('2002-02-11', 'L', 'D', 43, 'JG2805', 4, 2, 1626),
('2002-02-20', 'P', 'W', 82, 'JG2805', 3, 1, 1627),
('2003-02-24', 'P', 'W', 17, 'JG2805', 5, 0, 1628),
('2003-10-17', 'L', 'D', 12, 'JG2805', 1, 0, 1629),
('2003-11-15', 'L', 'W', 81, 'JG2805', 1, 5, 1630),
('2004-05-13', 'L', 'D', 8, 'JG2805', 1, 1, 1631),
('2005-06-11', 'L', 'D', 64, 'JG2805', 6, 0, 1632),
('2006-04-17', 'L', 'D', 25, 'JG2805', 0, 5, 1633),
('2007-02-08', 'L', 'W', 14, 'JG2805', 5, 4, 1634),
('2009-05-28', 'L', 'D', 14, 'JG2805', 0, 3, 1635),
('2009-06-27', 'L', 'W', 79, 'JG2805', 6, 4, 1636),
('2009-09-22', 'L', 'D', 75, 'JG2805', 4, 4, 1637),
('2011-10-25', 'L', 'D', 52, 'JG2805', 2, 4, 1638),
('2011-12-20', 'L', 'D', 19, 'JG2805', 0, 2, 1639),
('2002-01-21', 'L', 'W', 32, 'JG8466', 0, 2, 1640),
('2002-02-18', 'L', 'D', 99, 'JG8466', 1, 2, 1641),
('2003-08-08', 'L', 'W', 19, 'JG8466', 6, 0, 1642),
('2003-10-09', 'L', 'W', 67, 'JG8466', 2, 3, 1643),
('2003-11-20', 'L', 'D', 58, 'JG8466', 2, 3, 1644),
('2003-11-25', 'L', 'D', 42, 'JG8466', 4, 0, 1645),
('2004-03-14', 'L', 'W', 26, 'JG8466', 4, 1, 1646),
('2004-08-09', 'L', 'D', 25, 'JG8466', 1, 5, 1647),
('2005-06-14', 'L', 'W', 43, 'JG8466', 1, 1, 1648),
('2006-02-22', 'L', 'D', 99, 'JG8466', 6, 5, 1649),
('2006-07-02', 'L', 'D', 73, 'JG8466', 2, 5, 1650),
('2008-04-10', 'P', 'W', 34, 'JG8466', 6, 0, 1651),
('2009-03-27', 'L', 'W', 98, 'JG8466', 6, 3, 1652),
('2009-06-01', 'L', 'W', 58, 'JG8466', 3, 2, 1653),
('2009-07-13', 'L', 'W', 81, 'JG8466', 5, 4, 1654),
('2009-09-03', 'L', 'W', 11, 'JG8466', 2, 1, 1655),
('2009-10-25', 'L', 'W', 15, 'JG8466', 3, 0, 1656),
('2009-10-31', 'L', 'D', 11, 'JG8466', 2, 2, 1657),
('2010-05-02', 'P', 'W', 1, 'JG8466', 5, 4, 1658),
('2002-04-24', 'L', 'D', 1, 'JI5397', 2, 1, 1659),
('2003-03-19', 'L', 'D', 40, 'JI5397', 0, 0, 1660),
('2003-08-14', 'L', 'W', 68, 'JI5397', 2, 4, 1661),
('2004-10-31', 'L', 'W', 20, 'JI5397', 6, 5, 1662),
('2005-03-16', 'T', 'D', 98, 'JI5397', 5, 0, 1663),
('2005-07-28', 'L', 'W', 8, 'JI5397', 1, 3, 1664),
('2005-09-25', 'L', 'W', 64, 'JI5397', 6, 2, 1665),
('2007-10-22', 'L', 'W', 24, 'JI5397', 5, 1, 1666),
('2009-02-02', 'L', 'W', 76, 'JI5397', 6, 2, 1667),
('2009-06-29', 'L', 'D', 57, 'JI5397', 6, 0, 1668),
('2009-12-02', 'L', 'D', 31, 'JI5397', 2, 3, 1669),
('2011-08-11', 'L', 'W', 79, 'JI5397', 6, 2, 1670),
('2011-10-06', 'L', 'D', 3, 'JI5397', 1, 1, 1671),
('2003-03-11', 'L', 'W', 12, 'JL7283', 4, 3, 1672),
('2003-03-17', 'L', 'D', 1, 'JL7283', 3, 2, 1673),
('2003-04-23', 'L', 'W', 63, 'JL7283', 0, 4, 1674),
('2004-01-14', 'L', 'D', 41, 'JL7283', 2, 2, 1675),
('2005-06-19', 'P', 'D', 9, 'JL7283', 0, 3, 1676),
('2005-07-06', 'L', 'W', 3, 'JL7283', 0, 2, 1677),
('2008-01-13', 'L', 'W', 5, 'JL7283', 6, 2, 1678),
('2009-04-03', 'L', 'W', 30, 'JL7283', 2, 3, 1679),
('2011-06-20', 'T', 'D', 1, 'JL7283', 2, 0, 1680),
('2011-06-27', 'L', 'D', 64, 'JL7283', 6, 2, 1681),
('2002-01-10', 'L', 'D', 49, 'JM2406', 6, 3, 1682),
('2002-11-24', 'L', 'D', 9, 'JM2406', 0, 2, 1683),
('2002-12-16', 'L', 'D', 56, 'JM2406', 1, 1, 1684),
('2003-04-14', 'L', 'D', 72, 'JM2406', 2, 3, 1685),
('2004-02-21', 'L', 'W', 81, 'JM2406', 0, 1, 1686),
('2005-01-31', 'L', 'W', 92, 'JM2406', 3, 2, 1687),
('2005-03-14', 'L', 'W', 15, 'JM2406', 6, 0, 1688),
('2005-05-19', 'L', 'W', 73, 'JM2406', 5, 4, 1689),
('2005-07-29', 'T', 'W', 8, 'JM2406', 3, 4, 1690),
('2005-12-04', 'L', 'D', 36, 'JM2406', 1, 3, 1691),
('2006-08-27', 'L', 'D', 10, 'JM2406', 0, 4, 1692),
('2007-01-22', 'L', 'W', 96, 'JM2406', 4, 3, 1693),
('2008-07-06', 'L', 'W', 88, 'JM2406', 2, 4, 1694),
('2008-10-18', 'L', 'W', 86, 'JM2406', 6, 2, 1695),
('2008-11-04', 'L', 'W', 27, 'JM2406', 4, 5, 1696),
('2009-01-02', 'L', 'D', 27, 'JM2406', 0, 2, 1697),
('2010-02-20', 'L', 'D', 36, 'JM2406', 4, 2, 1698),
('2010-12-25', 'L', 'D', 11, 'JM2406', 3, 5, 1699),
('2011-08-05', 'L', 'W', 6, 'JM2406', 5, 5, 1700),
('2002-01-29', 'L', 'D', 72, 'KB3702', 0, 4, 1701),
('2002-11-03', 'L', 'W', 49, 'KB3702', 2, 4, 1702),
('2003-01-02', 'P', 'W', 26, 'KB3702', 0, 1, 1703),
('2003-11-01', 'L', 'D', 56, 'KB3702', 1, 2, 1704),
('2004-04-07', 'L', 'W', 97, 'KB3702', 0, 0, 1705),
('2005-07-03', 'L', 'W', 65, 'KB3702', 1, 2, 1706),
('2005-07-13', 'L', 'W', 8, 'KB3702', 6, 2, 1707),
('2006-04-27', 'L', 'D', 47, 'KB3702', 5, 2, 1708),
('2006-06-07', 'L', 'W', 77, 'KB3702', 6, 3, 1709),
('2006-07-21', 'L', 'W', 34, 'KB3702', 5, 4, 1710),
('2007-09-11', 'L', 'D', 12, 'KB3702', 4, 0, 1711),
('2009-01-05', 'T', 'W', 47, 'KB3702', 2, 2, 1712),
('2009-08-21', 'L', 'D', 50, 'KB3702', 2, 5, 1713),
('2009-10-10', 'L', 'W', 76, 'KB3702', 2, 1, 1714),
('2009-12-22', 'L', 'D', 100, 'KB3702', 1, 2, 1715),
('2010-03-01', 'L', 'W', 20, 'KB3702', 0, 4, 1716),
('2010-06-12', 'P', 'W', 76, 'KB3702', 2, 1, 1717),
('2010-08-30', 'L', 'D', 97, 'KB3702', 4, 5, 1718),
('2010-09-16', 'L', 'D', 84, 'KB3702', 1, 0, 1719),
('2010-12-17', 'L', 'W', 51, 'KB3702', 5, 4, 1720),
('2011-01-01', 'L', 'W', 28, 'KB3702', 6, 5, 1721),
('2011-09-03', 'L', 'D', 41, 'KB3702', 2, 2, 1722),
('2002-12-22', 'L', 'D', 56, 'KC1286', 4, 3, 1723),
('2003-06-07', 'L', 'D', 31, 'KC1286', 3, 5, 1724),
('2003-06-15', 'L', 'D', 83, 'KC1286', 4, 5, 1725),
('2003-11-29', 'L', 'D', 13, 'KC1286', 4, 2, 1726),
('2004-05-23', 'L', 'W', 2, 'KC1286', 5, 3, 1727),
('2005-01-11', 'P', 'D', 78, 'KC1286', 2, 2, 1728),
('2005-05-25', 'L', 'W', 100, 'KC1286', 1, 2, 1729),
('2007-04-26', 'P', 'D', 72, 'KC1286', 5, 1, 1730),
('2007-12-29', 'P', 'D', 24, 'KC1286', 6, 3, 1731),
('2008-09-23', 'L', 'W', 16, 'KC1286', 4, 5, 1732),
('2009-03-20', 'L', 'W', 87, 'KC1286', 2, 1, 1733),
('2009-04-22', 'L', 'W', 11, 'KC1286', 0, 1, 1734),
('2010-06-27', 'L', 'D', 66, 'KC1286', 6, 5, 1735),
('2002-05-18', 'L', 'W', 36, 'KF2609', 2, 5, 1736),
('2002-07-02', 'L', 'W', 40, 'KF2609', 2, 3, 1737),
('2003-02-18', 'L', 'W', 51, 'KF2609', 3, 5, 1738),
('2004-01-07', 'L', 'D', 70, 'KF2609', 2, 0, 1739),
('2005-02-05', 'L', 'W', 96, 'KF2609', 3, 3, 1740),
('2006-01-26', 'L', 'W', 93, 'KF2609', 4, 3, 1741),
('2006-06-20', 'L', 'W', 62, 'KF2609', 1, 5, 1742),
('2006-08-04', 'P', 'D', 64, 'KF2609', 2, 2, 1743),
('2006-09-30', 'L', 'W', 20, 'KF2609', 0, 1, 1744),
('2008-01-10', 'P', 'W', 58, 'KF2609', 0, 4, 1745),
('2008-06-24', 'P', 'D', 4, 'KF2609', 6, 1, 1746),
('2010-01-23', 'L', 'W', 85, 'KF2609', 6, 0, 1747),
('2011-03-19', 'L', 'W', 89, 'KF2609', 5, 2, 1748),
('2011-10-12', 'L', 'W', 32, 'KF2609', 2, 2, 1749),
('2002-03-21', 'L', 'W', 62, 'KF5645', 2, 0, 1750),
('2003-10-29', 'L', 'D', 91, 'KF5645', 2, 2, 1751),
('2004-04-27', 'L', 'W', 41, 'KF5645', 2, 0, 1752),
('2006-12-12', 'L', 'W', 82, 'KF5645', 1, 2, 1753),
('2007-02-27', 'L', 'D', 3, 'KF5645', 6, 0, 1754),
('2007-08-25', 'L', 'W', 47, 'KF5645', 0, 4, 1755),
('2007-10-09', 'L', 'D', 18, 'KF5645', 1, 5, 1756),
('2008-04-01', 'L', 'W', 30, 'KF5645', 3, 2, 1757),
('2008-10-03', 'L', 'D', 35, 'KF5645', 1, 2, 1758),
('2008-11-28', 'T', 'W', 57, 'KF5645', 4, 2, 1759),
('2009-09-07', 'L', 'D', 2, 'KF5645', 1, 4, 1760),
('2002-11-16', 'L', 'W', 26, 'KG2771', 2, 5, 1761),
('2003-06-10', 'L', 'W', 79, 'KG2771', 1, 3, 1762),
('2004-03-04', 'L', 'D', 57, 'KG2771', 1, 4, 1763),
('2005-08-27', 'L', 'D', 18, 'KG2771', 4, 1, 1764),
('2006-05-06', 'L', 'D', 30, 'KG2771', 3, 4, 1765),
('2006-11-24', 'L', 'D', 63, 'KG2771', 6, 0, 1766),
('2008-06-28', 'L', 'W', 63, 'KG2771', 3, 0, 1767),
('2009-06-11', 'L', 'D', 12, 'KG2771', 1, 3, 1768),
('2009-11-30', 'L', 'W', 81, 'KG2771', 3, 2, 1769),
('2010-01-06', 'L', 'W', 53, 'KG2771', 1, 4, 1770),
('2011-03-10', 'L', 'D', 3, 'KG2771', 1, 4, 1771),
('2011-07-05', 'L', 'D', 56, 'KG2771', 5, 4, 1772),
('2011-11-01', 'L', 'D', 96, 'KG2771', 4, 5, 1773),
('2002-02-28', 'L', 'D', 47, 'KI2449', 3, 2, 1774),
('2002-07-23', 'L', 'D', 90, 'KI2449', 2, 5, 1775),
('2003-05-04', 'L', 'W', 30, 'KI2449', 0, 4, 1776),
('2003-08-28', 'P', 'D', 36, 'KI2449', 2, 3, 1777),
('2004-02-11', 'L', 'W', 30, 'KI2449', 3, 0, 1778),
('2004-03-13', 'L', 'W', 5, 'KI2449', 0, 1, 1779),
('2006-01-25', 'L', 'W', 77, 'KI2449', 0, 0, 1780),
('2006-08-29', 'L', 'W', 40, 'KI2449', 1, 0, 1781),
('2007-06-27', 'L', 'W', 88, 'KI2449', 3, 4, 1782),
('2008-08-18', 'L', 'D', 10, 'KI2449', 4, 0, 1783),
('2008-09-16', 'L', 'W', 95, 'KI2449', 5, 3, 1784),
('2008-12-23', 'L', 'D', 87, 'KI2449', 6, 2, 1785),
('2009-04-17', 'L', 'D', 65, 'KI2449', 3, 0, 1786),
('2009-11-29', 'P', 'D', 91, 'KI2449', 3, 4, 1787),
('2010-12-27', 'P', 'D', 24, 'KI2449', 6, 4, 1788),
('2011-09-15', 'L', 'W', 55, 'KI2449', 5, 4, 1789),
('2011-12-11', 'L', 'W', 76, 'KI2449', 2, 3, 1790),
('2002-01-03', 'L', 'D', 60, 'KJ9494', 0, 1, 1791),
('2002-06-19', 'L', 'W', 40, 'KJ9494', 6, 4, 1792),
('2002-06-22', 'L', 'D', 5, 'KJ9494', 1, 3, 1793),
('2003-12-20', 'P', 'D', 93, 'KJ9494', 3, 2, 1794),
('2004-10-30', 'P', 'D', 14, 'KJ9494', 5, 3, 1795),
('2004-11-24', 'L', 'D', 54, 'KJ9494', 3, 3, 1796),
('2005-11-09', 'P', 'D', 79, 'KJ9494', 2, 3, 1797),
('2007-03-06', 'L', 'D', 75, 'KJ9494', 6, 2, 1798),
('2007-04-02', 'L', 'W', 85, 'KJ9494', 0, 0, 1799),
('2008-01-01', 'L', 'D', 96, 'KJ9494', 2, 0, 1800),
('2009-05-11', 'L', 'D', 96, 'KJ9494', 4, 5, 1801),
('2010-06-06', 'L', 'D', 18, 'KJ9494', 2, 2, 1802),
('2010-07-11', 'P', 'W', 18, 'KJ9494', 4, 5, 1803),
('2011-02-17', 'P', 'D', 23, 'KJ9494', 2, 4, 1804),
('2002-05-01', 'P', 'D', 31, 'KK1815', 1, 1, 1805),
('2002-06-24', 'P', 'W', 36, 'KK1815', 4, 4, 1806),
('2002-11-08', 'L', 'W', 77, 'KK1815', 5, 4, 1807),
('2003-09-21', 'L', 'D', 85, 'KK1815', 2, 5, 1808),
('2006-11-08', 'L', 'W', 69, 'KK1815', 2, 3, 1809),
('2007-01-26', 'L', 'W', 75, 'KK1815', 0, 3, 1810),
('2007-12-21', 'L', 'D', 82, 'KK1815', 2, 1, 1811),
('2008-05-20', 'L', 'W', 17, 'KK1815', 0, 3, 1812),
('2008-12-27', 'T', 'D', 25, 'KK1815', 3, 3, 1813),
('2009-08-10', 'L', 'W', 74, 'KK1815', 2, 1, 1814),
('2010-07-26', 'L', 'D', 67, 'KK1815', 3, 4, 1815),
('2010-09-21', 'L', 'W', 72, 'KK1815', 6, 3, 1816),
('2011-08-23', 'L', 'D', 67, 'KK1815', 6, 3, 1817),
('2003-08-26', 'T', 'D', 54, 'KL0482', 1, 2, 1818),
('2003-09-05', 'L', 'W', 71, 'KL0482', 0, 1, 1819),
('2004-07-27', 'L', 'W', 53, 'KL0482', 1, 2, 1820),
('2004-08-10', 'T', 'W', 12, 'KL0482', 6, 3, 1821),
('2006-08-31', 'L', 'W', 20, 'KL0482', 2, 4, 1822),
('2006-11-27', 'L', 'W', 22, 'KL0482', 5, 5, 1823),
('2008-05-28', 'L', 'D', 39, 'KL0482', 1, 1, 1824),
('2008-09-25', 'L', 'W', 84, 'KL0482', 0, 2, 1825),
('2009-06-12', 'P', 'W', 36, 'KL0482', 1, 4, 1826),
('2010-12-29', 'L', 'W', 100, 'KL0482', 5, 4, 1827),
('2011-06-13', 'P', 'D', 26, 'KL0482', 1, 0, 1828),
('2002-01-30', 'L', 'W', 14, 'KN1916', 2, 3, 1829),
('2003-12-06', 'L', 'D', 16, 'KN1916', 4, 2, 1830),
('2005-03-15', 'L', 'D', 16, 'KN1916', 1, 2, 1831),
('2005-05-21', 'T', 'D', 69, 'KN1916', 0, 5, 1832),
('2005-07-01', 'L', 'W', 64, 'KN1916', 4, 0, 1833),
('2006-09-03', 'P', 'D', 64, 'KN1916', 3, 0, 1834),
('2007-10-15', 'P', 'D', 5, 'KN1916', 4, 5, 1835),
('2007-11-08', 'L', 'D', 36, 'KN1916', 4, 1, 1836),
('2008-12-18', 'L', 'D', 8, 'KN1916', 3, 0, 1837),
('2009-05-05', 'L', 'W', 75, 'KN1916', 3, 5, 1838),
('2009-12-08', 'L', 'D', 14, 'KN1916', 5, 5, 1839),
('2010-05-04', 'P', 'W', 56, 'KN1916', 0, 1, 1840),
('2010-07-17', 'L', 'D', 19, 'KN1916', 2, 3, 1841),
('2010-08-03', 'L', 'D', 80, 'KN1916', 2, 4, 1842),
('2011-02-26', 'L', 'W', 95, 'KN1916', 1, 2, 1843),
('2011-04-18', 'T', 'W', 86, 'KN1916', 0, 0, 1844),
('2002-05-29', 'L', 'D', 54, 'KO5328', 0, 1, 1845),
('2004-01-30', 'L', 'W', 60, 'KO5328', 0, 2, 1846),
('2005-10-14', 'L', 'D', 100, 'KO5328', 3, 0, 1847),
('2006-07-31', 'L', 'D', 56, 'KO5328', 1, 0, 1848),
('2007-02-04', 'L', 'D', 19, 'KO5328', 3, 0, 1849),
('2007-04-12', 'L', 'D', 60, 'KO5328', 2, 0, 1850),
('2007-05-05', 'P', 'W', 78, 'KO5328', 3, 3, 1851),
('2007-07-14', 'L', 'D', 38, 'KO5328', 5, 3, 1852),
('2007-08-15', 'P', 'W', 78, 'KO5328', 6, 4, 1853),
('2007-09-13', 'L', 'W', 22, 'KO5328', 0, 1, 1854),
('2008-03-21', 'L', 'W', 23, 'KO5328', 0, 5, 1855),
('2008-09-26', 'P', 'D', 59, 'KO5328', 6, 4, 1856),
('2009-01-17', 'L', 'D', 61, 'KO5328', 6, 3, 1857),
('2009-03-25', 'L', 'W', 33, 'KO5328', 5, 0, 1858),
('2010-05-26', 'L', 'W', 38, 'KO5328', 4, 5, 1859),
('2010-07-02', 'L', 'D', 94, 'KO5328', 4, 3, 1860),
('2011-03-15', 'L', 'D', 42, 'KO5328', 6, 3, 1861),
('2011-10-09', 'L', 'D', 29, 'KO5328', 0, 1, 1862),
('2002-12-07', 'L', 'D', 50, 'LA3477', 6, 3, 1863),
('2003-12-21', 'L', 'W', 78, 'LA3477', 0, 1, 1864),
('2005-04-14', 'P', 'D', 63, 'LA3477', 3, 5, 1865),
('2005-06-08', 'L', 'D', 99, 'LA3477', 5, 5, 1866),
('2005-08-02', 'L', 'D', 11, 'LA3477', 1, 5, 1867),
('2009-10-27', 'L', 'D', 93, 'LA3477', 5, 3, 1868),
('2010-01-04', 'L', 'D', 55, 'LA3477', 2, 4, 1869),
('2010-11-01', 'L', 'W', 43, 'LA3477', 2, 2, 1870),
('2002-10-14', 'L', 'D', 100, 'LA6168', 0, 4, 1871),
('2003-09-13', 'L', 'W', 68, 'LA6168', 1, 2, 1872),
('2003-11-06', 'L', 'W', 98, 'LA6168', 1, 3, 1873),
('2004-12-22', 'L', 'W', 32, 'LA6168', 1, 1, 1874),
('2005-05-13', 'L', 'D', 4, 'LA6168', 2, 5, 1875),
('2006-03-03', 'L', 'W', 10, 'LA6168', 1, 1, 1876),
('2006-07-10', 'P', 'W', 47, 'LA6168', 0, 4, 1877),
('2007-02-01', 'L', 'W', 67, 'LA6168', 3, 0, 1878),
('2008-06-05', 'L', 'D', 18, 'LA6168', 4, 3, 1879),
('2008-10-31', 'P', 'W', 51, 'LA6168', 3, 3, 1880),
('2010-07-03', 'L', 'W', 98, 'LA6168', 1, 4, 1881),
('2010-07-21', 'L', 'W', 53, 'LA6168', 5, 1, 1882),
('2010-08-04', 'L', 'D', 60, 'LA6168', 5, 2, 1883),
('2010-10-26', 'P', 'D', 7, 'LA6168', 1, 4, 1884),
('2010-12-20', 'L', 'D', 98, 'LA6168', 4, 4, 1885),
('2011-02-21', 'L', 'D', 33, 'LA6168', 2, 1, 1886),
('2011-12-26', 'L', 'W', 19, 'LA6168', 3, 5, 1887),
('2002-08-17', 'T', 'W', 1, 'LD5556', 6, 3, 1888),
('2004-12-04', 'L', 'W', 40, 'LD5556', 3, 1, 1889),
('2005-01-20', 'L', 'D', 9, 'LD5556', 3, 0, 1890),
('2005-10-30', 'L', 'W', 96, 'LD5556', 2, 4, 1891),
('2006-01-12', 'L', 'W', 38, 'LD5556', 0, 4, 1892),
('2006-05-19', 'L', 'W', 11, 'LD5556', 2, 3, 1893),
('2006-08-20', 'L', 'W', 24, 'LD5556', 3, 1, 1894),
('2006-10-16', 'L', 'W', 100, 'LD5556', 2, 5, 1895),
('2007-12-11', 'P', 'D', 11, 'LD5556', 3, 3, 1896),
('2008-03-31', 'L', 'D', 30, 'LD5556', 4, 4, 1897),
('2008-09-22', 'L', 'W', 5, 'LD5556', 4, 5, 1898),
('2010-01-25', 'L', 'W', 64, 'LD5556', 6, 1, 1899),
('2010-03-21', 'L', 'W', 3, 'LD5556', 6, 2, 1900),
('2011-01-23', 'L', 'W', 29, 'LD5556', 5, 0, 1901),
('2002-01-15', 'L', 'D', 71, 'LD7997', 6, 0, 1902),
('2002-02-03', 'P', 'W', 53, 'LD7997', 0, 2, 1903),
('2002-04-18', 'L', 'D', 44, 'LD7997', 6, 5, 1904),
('2002-06-08', 'L', 'W', 68, 'LD7997', 5, 4, 1905),
('2003-04-04', 'L', 'D', 36, 'LD7997', 3, 5, 1906),
('2004-02-23', 'L', 'D', 50, 'LD7997', 2, 5, 1907),
('2004-07-04', 'L', 'W', 21, 'LD7997', 4, 0, 1908),
('2005-03-29', 'P', 'W', 81, 'LD7997', 1, 0, 1909),
('2005-10-20', 'L', 'W', 8, 'LD7997', 5, 1, 1910),
('2005-11-29', 'L', 'D', 23, 'LD7997', 3, 3, 1911),
('2006-08-14', 'L', 'W', 77, 'LD7997', 0, 4, 1912),
('2006-09-17', 'L', 'D', 7, 'LD7997', 5, 1, 1913),
('2007-05-23', 'L', 'W', 24, 'LD7997', 2, 1, 1914),
('2008-04-27', 'L', 'D', 91, 'LD7997', 5, 2, 1915),
('2009-05-21', 'L', 'D', 82, 'LD7997', 2, 5, 1916),
('2009-06-06', 'L', 'D', 48, 'LD7997', 4, 2, 1917),
('2009-11-22', 'T', 'D', 13, 'LD7997', 5, 0, 1918),
('2009-11-25', 'T', 'W', 58, 'LD7997', 1, 5, 1919),
('2010-07-10', 'L', 'D', 62, 'LD7997', 3, 3, 1920),
('2011-06-23', 'L', 'D', 90, 'LD7997', 5, 0, 1921),
('2011-10-17', 'P', 'D', 73, 'LD7997', 3, 2, 1922),
('2002-08-21', 'P', 'D', 68, 'LG6551', 5, 2, 1923),
('2002-10-21', 'P', 'W', 83, 'LG6551', 3, 4, 1924),
('2002-12-02', 'L', 'W', 66, 'LG6551', 5, 4, 1925),
('2002-12-26', 'P', 'W', 69, 'LG6551', 0, 2, 1926),
('2003-02-16', 'L', 'W', 69, 'LG6551', 1, 5, 1927),
('2003-09-24', 'L', 'W', 53, 'LG6551', 4, 2, 1928),
('2003-10-12', 'P', 'D', 81, 'LG6551', 4, 4, 1929),
('2005-02-14', 'L', 'D', 11, 'LG6551', 4, 0, 1930),
('2005-09-02', 'L', 'W', 22, 'LG6551', 1, 1, 1931),
('2005-10-12', 'L', 'D', 84, 'LG6551', 3, 2, 1932),
('2006-02-18', 'P', 'W', 58, 'LG6551', 3, 5, 1933),
('2006-05-10', 'L', 'W', 84, 'LG6551', 4, 3, 1934),
('2007-06-06', 'P', 'D', 66, 'LG6551', 4, 4, 1935),
('2007-06-15', 'L', 'D', 97, 'LG6551', 4, 5, 1936),
('2008-01-24', 'L', 'W', 75, 'LG6551', 4, 0, 1937),
('2008-09-07', 'L', 'D', 18, 'LG6551', 1, 1, 1938),
('2009-06-21', 'L', 'D', 24, 'LG6551', 6, 1, 1939),
('2010-12-22', 'L', 'D', 21, 'LG6551', 1, 4, 1940),
('2011-09-22', 'L', 'W', 63, 'LG6551', 5, 5, 1941),
('2011-11-27', 'L', 'W', 48, 'LG6551', 4, 5, 1942),
('2011-12-15', 'L', 'D', 40, 'LG6551', 4, 1, 1943),
('2002-06-11', 'L', 'D', 88, 'LH0105', 0, 1, 1944),
('2002-09-26', 'P', 'D', 55, 'LH0105', 0, 0, 1945),
('2003-01-12', 'L', 'W', 71, 'LH0105', 0, 5, 1946),
('2003-07-25', 'L', 'D', 46, 'LH0105', 3, 5, 1947),
('2003-12-29', 'P', 'D', 27, 'LH0105', 0, 4, 1948),
('2004-09-30', 'L', 'W', 40, 'LH0105', 1, 5, 1949),
('2007-10-07', 'L', 'D', 90, 'LH0105', 5, 2, 1950),
('2007-12-06', 'L', 'D', 74, 'LH0105', 3, 4, 1951),
('2008-01-21', 'L', 'W', 29, 'LH0105', 4, 1, 1952),
('2008-07-12', 'L', 'D', 65, 'LH0105', 6, 2, 1953),
('2008-08-22', 'L', 'W', 93, 'LH0105', 1, 2, 1954),
('2009-09-30', 'L', 'D', 40, 'LH0105', 0, 3, 1955),
('2009-12-12', 'L', 'D', 74, 'LH0105', 5, 0, 1956),
('2009-12-31', 'L', 'D', 95, 'LH0105', 4, 4, 1957),
('2010-01-30', 'L', 'D', 75, 'LH0105', 1, 0, 1958),
('2010-06-08', 'L', 'W', 63, 'LH0105', 0, 3, 1959),
('2011-06-30', 'L', 'D', 52, 'LH0105', 5, 3, 1960),
('2011-11-25', 'P', 'D', 4, 'LH0105', 0, 3, 1961),
('2011-12-19', 'P', 'W', 25, 'LH0105', 1, 1, 1962),
('2002-04-30', 'L', 'W', 76, 'LH1368', 4, 4, 1963),
('2002-11-14', 'L', 'D', 27, 'LH1368', 0, 2, 1964),
('2005-07-31', 'P', 'D', 74, 'LH1368', 6, 1, 1965),
('2005-10-29', 'T', 'D', 4, 'LH1368', 4, 5, 1966),
('2006-01-14', 'P', 'W', 99, 'LH1368', 1, 5, 1967),
('2006-04-25', 'L', 'W', 71, 'LH1368', 4, 5, 1968),
('2006-05-05', 'L', 'W', 38, 'LH1368', 1, 3, 1969),
('2007-08-09', 'P', 'W', 91, 'LH1368', 2, 4, 1970),
('2008-03-15', 'L', 'W', 78, 'LH1368', 5, 4, 1971),
('2009-05-02', 'L', 'W', 51, 'LH1368', 3, 1, 1972),
('2009-07-21', 'P', 'D', 83, 'LH1368', 1, 2, 1973),
('2010-05-09', 'L', 'W', 93, 'LH1368', 4, 2, 1974),
('2010-07-05', 'L', 'W', 24, 'LH1368', 4, 1, 1975),
('2011-06-09', 'P', 'W', 38, 'LH1368', 2, 1, 1976),
('2011-08-21', 'L', 'W', 29, 'LH1368', 6, 2, 1977),
('2011-09-10', 'P', 'W', 15, 'LH1368', 4, 3, 1978),
('2002-04-09', 'L', 'D', 11, 'LI6554', 4, 2, 1979),
('2002-08-13', 'L', 'D', 47, 'LI6554', 4, 0, 1980),
('2003-04-08', 'L', 'W', 18, 'LI6554', 1, 2, 1981),
('2003-07-03', 'L', 'D', 68, 'LI6554', 1, 0, 1982),
('2004-05-29', 'L', 'D', 60, 'LI6554', 1, 1, 1983),
('2005-10-22', 'P', 'D', 57, 'LI6554', 4, 5, 1984),
('2006-02-01', 'L', 'D', 98, 'LI6554', 5, 3, 1985),
('2006-07-04', 'L', 'W', 57, 'LI6554', 3, 1, 1986),
('2007-04-23', 'L', 'W', 39, 'LI6554', 4, 0, 1987),
('2007-11-06', 'L', 'D', 28, 'LI6554', 0, 3, 1988),
('2007-12-25', 'L', 'D', 79, 'LI6554', 1, 2, 1989),
('2008-02-28', 'L', 'D', 3, 'LI6554', 0, 2, 1990),
('2008-09-03', 'L', 'W', 1, 'LI6554', 0, 0, 1991),
('2009-01-15', 'L', 'D', 88, 'LI6554', 2, 4, 1992),
('2010-01-21', 'L', 'W', 6, 'LI6554', 3, 0, 1993),
('2011-01-06', 'L', 'W', 55, 'LI6554', 3, 4, 1994),
('2002-11-26', 'P', 'D', 51, 'LM1223', 2, 2, 1995),
('2003-04-01', 'P', 'D', 75, 'LM1223', 1, 3, 1996),
('2004-06-10', 'L', 'W', 55, 'LM1223', 6, 4, 1997),
('2005-11-20', 'L', 'W', 38, 'LM1223', 5, 1, 1998),
('2006-05-14', 'L', 'D', 30, 'LM1223', 1, 0, 1999),
('2006-12-27', 'L', 'W', 72, 'LM1223', 0, 5, 2000),
('2008-02-13', 'L', 'D', 87, 'LM1223', 6, 3, 2001),
('2008-05-09', 'L', 'W', 45, 'LM1223', 3, 1, 2002),
('2008-10-16', 'P', 'D', 79, 'LM1223', 5, 5, 2003),
('2008-10-29', 'L', 'W', 8, 'LM1223', 1, 1, 2004),
('2009-08-26', 'L', 'W', 67, 'LM1223', 0, 5, 2005),
('2010-03-13', 'L', 'D', 23, 'LM1223', 5, 2, 2006),
('2011-09-19', 'L', 'D', 55, 'LM1223', 5, 5, 2007),
('2002-07-21', 'P', 'D', 98, 'LO1402', 0, 3, 2008),
('2003-02-19', 'L', 'W', 49, 'LO1402', 4, 2, 2009),
('2003-05-23', 'L', 'W', 36, 'LO1402', 6, 4, 2010),
('2003-08-06', 'L', 'D', 43, 'LO1402', 3, 3, 2011),
('2003-11-13', 'L', 'W', 51, 'LO1402', 0, 4, 2012),
('2005-06-02', 'L', 'D', 72, 'LO1402', 0, 3, 2013),
('2005-08-16', 'L', 'D', 41, 'LO1402', 1, 5, 2014),
('2005-11-06', 'L', 'D', 47, 'LO1402', 4, 0, 2015),
('2006-04-09', 'L', 'D', 47, 'LO1402', 2, 3, 2016),
('2006-08-05', 'L', 'D', 96, 'LO1402', 2, 2, 2017),
('2007-03-20', 'L', 'W', 96, 'LO1402', 0, 2, 2018);
INSERT INTO `wyniki` (`Data_meczu`, `Rodzaj_meczu`, `Gdzie`, `Id_druzyny`, `Nr_licencji`, `Bramki_zdobyte`, `Bramki_stracone`, `Id_meczu`) VALUES
('2007-07-07', 'L', 'W', 11, 'LO1402', 1, 0, 2019),
('2007-07-22', 'L', 'W', 27, 'LO1402', 0, 1, 2020),
('2009-06-02', 'L', 'W', 16, 'LO1402', 6, 1, 2021),
('2009-08-09', 'P', 'W', 36, 'LO1402', 3, 3, 2022),
('2011-09-21', 'L', 'W', 36, 'LO1402', 3, 4, 2023),
('2002-06-10', 'L', 'D', 15, 'LO4501', 6, 1, 2024),
('2003-02-26', 'P', 'D', 22, 'LO4501', 1, 1, 2025),
('2003-11-07', 'L', 'D', 36, 'LO4501', 0, 1, 2026),
('2006-01-23', 'L', 'D', 61, 'LO4501', 1, 1, 2027),
('2007-01-31', 'L', 'W', 25, 'LO4501', 6, 2, 2028),
('2007-03-09', 'L', 'W', 7, 'LO4501', 4, 5, 2029),
('2008-01-22', 'L', 'D', 36, 'LO4501', 0, 1, 2030),
('2010-04-18', 'P', 'D', 69, 'LO4501', 5, 1, 2031),
('2011-01-28', 'P', 'W', 26, 'LO4501', 1, 3, 2032),
('2011-05-04', 'L', 'W', 82, 'LO4501', 5, 1, 2033),
('2002-03-31', 'L', 'D', 34, 'LO7083', 1, 1, 2034),
('2003-04-02', 'P', 'D', 91, 'LO7083', 4, 0, 2035),
('2003-05-25', 'L', 'W', 77, 'LO7083', 5, 2, 2036),
('2003-10-06', 'L', 'D', 57, 'LO7083', 5, 1, 2037),
('2003-12-24', 'L', 'D', 49, 'LO7083', 2, 0, 2038),
('2004-05-25', 'L', 'D', 55, 'LO7083', 6, 0, 2039),
('2005-05-26', 'L', 'W', 44, 'LO7083', 3, 5, 2040),
('2005-08-12', 'L', 'D', 94, 'LO7083', 1, 3, 2041),
('2005-09-10', 'L', 'D', 81, 'LO7083', 6, 5, 2042),
('2006-03-05', 'L', 'D', 40, 'LO7083', 3, 5, 2043),
('2006-11-28', 'L', 'D', 77, 'LO7083', 3, 1, 2044),
('2007-12-07', 'L', 'D', 77, 'LO7083', 2, 1, 2045),
('2008-03-17', 'L', 'D', 65, 'LO7083', 2, 4, 2046),
('2010-11-08', 'P', 'W', 11, 'LO7083', 5, 0, 2047),
('2011-05-13', 'L', 'D', 68, 'LO7083', 3, 0, 2048),
('2011-05-31', 'L', 'W', 57, 'LO7083', 3, 2, 2049),
('2011-07-28', 'L', 'D', 7, 'LO7083', 6, 4, 2050),
('2011-12-06', 'L', 'W', 92, 'LO7083', 6, 2, 2051),
('2002-12-10', 'L', 'D', 96, 'MA9185', 4, 0, 2052),
('2002-12-19', 'L', 'D', 89, 'MA9185', 5, 2, 2053),
('2003-09-11', 'L', 'D', 36, 'MA9185', 6, 5, 2054),
('2003-10-20', 'L', 'W', 3, 'MA9185', 2, 4, 2055),
('2004-07-18', 'L', 'W', 57, 'MA9185', 2, 1, 2056),
('2004-10-21', 'L', 'W', 99, 'MA9185', 2, 0, 2057),
('2004-12-20', 'L', 'W', 31, 'MA9185', 4, 5, 2058),
('2005-08-13', 'L', 'D', 10, 'MA9185', 5, 0, 2059),
('2005-08-20', 'P', 'W', 17, 'MA9185', 3, 1, 2060),
('2006-02-11', 'L', 'D', 7, 'MA9185', 5, 3, 2061),
('2008-01-08', 'L', 'D', 7, 'MA9185', 6, 3, 2062),
('2009-07-05', 'L', 'W', 71, 'MA9185', 6, 4, 2063),
('2010-04-23', 'L', 'W', 88, 'MA9185', 1, 1, 2064),
('2010-05-21', 'L', 'W', 55, 'MA9185', 6, 1, 2065),
('2010-09-30', 'L', 'D', 36, 'MA9185', 4, 1, 2066),
('2002-09-06', 'L', 'D', 78, 'MB4388', 1, 4, 2067),
('2002-10-18', 'L', 'W', 43, 'MB4388', 5, 1, 2068),
('2003-01-26', 'L', 'W', 63, 'MB4388', 3, 1, 2069),
('2003-06-28', 'L', 'D', 48, 'MB4388', 5, 4, 2070),
('2005-11-07', 'L', 'W', 14, 'MB4388', 0, 1, 2071),
('2006-08-18', 'L', 'D', 100, 'MB4388', 5, 0, 2072),
('2007-03-12', 'L', 'D', 82, 'MB4388', 0, 1, 2073),
('2007-09-30', 'L', 'D', 61, 'MB4388', 4, 5, 2074),
('2009-01-07', 'P', 'W', 54, 'MB4388', 3, 3, 2075),
('2009-03-18', 'T', 'D', 38, 'MB4388', 3, 1, 2076),
('2011-01-17', 'L', 'W', 39, 'MB4388', 4, 1, 2077),
('2011-11-19', 'L', 'D', 81, 'MB4388', 3, 4, 2078),
('2002-05-07', 'L', 'W', 43, 'MC5800', 6, 0, 2079),
('2003-03-04', 'L', 'D', 16, 'MC5800', 5, 3, 2080),
('2003-03-13', 'L', 'D', 43, 'MC5800', 5, 5, 2081),
('2003-08-03', 'L', 'W', 36, 'MC5800', 2, 1, 2082),
('2004-02-13', 'L', 'D', 56, 'MC5800', 6, 2, 2083),
('2004-11-15', 'L', 'D', 15, 'MC5800', 4, 4, 2084),
('2006-01-05', 'L', 'D', 31, 'MC5800', 6, 4, 2085),
('2006-03-26', 'L', 'W', 50, 'MC5800', 3, 5, 2086),
('2006-11-11', 'L', 'W', 27, 'MC5800', 3, 3, 2087),
('2007-03-04', 'L', 'D', 34, 'MC5800', 1, 4, 2088),
('2007-05-19', 'L', 'W', 85, 'MC5800', 6, 2, 2089),
('2007-07-06', 'P', 'D', 21, 'MC5800', 2, 5, 2090),
('2009-03-22', 'L', 'D', 86, 'MC5800', 5, 4, 2091),
('2009-04-10', 'L', 'W', 69, 'MC5800', 6, 3, 2092),
('2009-04-14', 'P', 'D', 58, 'MC5800', 2, 2, 2093),
('2009-12-19', 'L', 'D', 7, 'MC5800', 1, 5, 2094),
('2010-12-28', 'P', 'W', 72, 'MC5800', 3, 3, 2095),
('2011-02-28', 'L', 'W', 11, 'MC5800', 2, 0, 2096),
('2011-11-09', 'P', 'D', 41, 'MC5800', 0, 2, 2097),
('2002-04-26', 'T', 'D', 30, 'ME8137', 2, 3, 2098),
('2003-05-08', 'T', 'W', 15, 'ME8137', 5, 4, 2099),
('2003-06-05', 'L', 'W', 37, 'ME8137', 4, 2, 2100),
('2003-08-04', 'L', 'W', 42, 'ME8137', 5, 3, 2101),
('2003-10-31', 'P', 'D', 55, 'ME8137', 4, 1, 2102),
('2004-09-15', 'L', 'D', 33, 'ME8137', 3, 0, 2103),
('2004-12-26', 'L', 'D', 13, 'ME8137', 1, 1, 2104),
('2005-04-23', 'L', 'W', 73, 'ME8137', 0, 2, 2105),
('2005-08-15', 'P', 'D', 72, 'ME8137', 0, 3, 2106),
('2005-09-30', 'P', 'W', 52, 'ME8137', 1, 2, 2107),
('2005-11-11', 'L', 'W', 31, 'ME8137', 5, 5, 2108),
('2006-08-17', 'L', 'D', 87, 'ME8137', 5, 0, 2109),
('2007-07-15', 'T', 'D', 23, 'ME8137', 6, 1, 2110),
('2007-10-08', 'L', 'D', 16, 'ME8137', 0, 1, 2111),
('2008-06-01', 'L', 'D', 82, 'ME8137', 0, 2, 2112),
('2010-02-12', 'L', 'D', 60, 'ME8137', 5, 1, 2113),
('2010-06-18', 'L', 'W', 68, 'ME8137', 0, 3, 2114),
('2010-06-30', 'L', 'D', 66, 'ME8137', 3, 5, 2115),
('2010-08-20', 'L', 'W', 13, 'ME8137', 6, 3, 2116),
('2010-12-31', 'L', 'W', 54, 'ME8137', 3, 5, 2117),
('2011-03-20', 'L', 'D', 64, 'ME8137', 6, 1, 2118),
('2002-09-09', 'L', 'D', 43, 'MJ2594', 1, 2, 2119),
('2003-03-15', 'L', 'W', 72, 'MJ2594', 1, 2, 2120),
('2004-03-06', 'L', 'D', 22, 'MJ2594', 5, 5, 2121),
('2004-05-17', 'L', 'D', 41, 'MJ2594', 6, 2, 2122),
('2004-12-09', 'P', 'D', 86, 'MJ2594', 3, 1, 2123),
('2005-04-30', 'L', 'D', 26, 'MJ2594', 1, 2, 2124),
('2005-07-17', 'T', 'D', 86, 'MJ2594', 3, 1, 2125),
('2006-08-01', 'L', 'D', 78, 'MJ2594', 3, 5, 2126),
('2006-08-22', 'L', 'W', 73, 'MJ2594', 3, 5, 2127),
('2006-09-06', 'L', 'W', 19, 'MJ2594', 2, 3, 2128),
('2008-02-04', 'L', 'D', 15, 'MJ2594', 0, 5, 2129),
('2009-02-05', 'L', 'D', 6, 'MJ2594', 0, 4, 2130),
('2009-04-24', 'L', 'D', 64, 'MJ2594', 3, 5, 2131),
('2009-10-01', 'L', 'D', 26, 'MJ2594', 3, 0, 2132),
('2009-12-30', 'L', 'D', 21, 'MJ2594', 0, 3, 2133),
('2010-03-12', 'L', 'W', 100, 'MJ2594', 4, 5, 2134),
('2010-08-15', 'L', 'D', 58, 'MJ2594', 2, 5, 2135),
('2011-03-27', 'L', 'D', 36, 'MJ2594', 3, 5, 2136),
('2003-02-06', 'T', 'W', 28, 'MK1944', 5, 3, 2137),
('2003-06-09', 'L', 'W', 20, 'MK1944', 1, 2, 2138),
('2005-08-04', 'T', 'D', 86, 'MK1944', 2, 0, 2139),
('2006-09-02', 'L', 'W', 35, 'MK1944', 6, 5, 2140),
('2008-03-22', 'L', 'D', 42, 'MK1944', 5, 3, 2141),
('2008-07-20', 'L', 'D', 92, 'MK1944', 0, 1, 2142),
('2010-10-01', 'L', 'W', 97, 'MK1944', 6, 1, 2143),
('2011-09-12', 'L', 'W', 2, 'MK1944', 5, 4, 2144),
('2004-05-27', 'P', 'D', 8, 'MM6323', 0, 4, 2145),
('2004-06-07', 'L', 'D', 23, 'MM6323', 0, 0, 2146),
('2004-12-02', 'L', 'W', 56, 'MM6323', 3, 4, 2147),
('2005-12-19', 'T', 'D', 21, 'MM6323', 2, 3, 2148),
('2006-03-07', 'P', 'W', 33, 'MM6323', 3, 1, 2149),
('2006-05-16', 'L', 'D', 21, 'MM6323', 1, 2, 2150),
('2008-06-16', 'T', 'W', 80, 'MM6323', 5, 2, 2151),
('2009-12-17', 'L', 'W', 69, 'MM6323', 0, 1, 2152),
('2010-11-21', 'L', 'W', 51, 'MM6323', 0, 2, 2153),
('2011-05-08', 'L', 'W', 53, 'MM6323', 4, 0, 2154),
('2011-08-13', 'L', 'D', 82, 'MM6323', 4, 4, 2155),
('2002-10-16', 'L', 'D', 24, 'MN7462', 1, 5, 2156),
('2003-10-24', 'L', 'D', 14, 'MN7462', 1, 5, 2157),
('2004-10-11', 'L', 'D', 49, 'MN7462', 6, 0, 2158),
('2005-02-26', 'P', 'D', 22, 'MN7462', 4, 4, 2159),
('2005-06-28', 'L', 'D', 79, 'MN7462', 2, 2, 2160),
('2005-10-26', 'L', 'W', 27, 'MN7462', 3, 0, 2161),
('2006-03-20', 'L', 'W', 90, 'MN7462', 6, 5, 2162),
('2007-01-06', 'L', 'W', 98, 'MN7462', 4, 3, 2163),
('2007-04-16', 'L', 'D', 46, 'MN7462', 1, 1, 2164),
('2007-10-26', 'T', 'D', 32, 'MN7462', 4, 1, 2165),
('2008-02-02', 'P', 'W', 2, 'MN7462', 3, 4, 2166),
('2008-02-11', 'P', 'D', 10, 'MN7462', 1, 0, 2167),
('2010-05-23', 'L', 'W', 60, 'MN7462', 6, 1, 2168),
('2011-09-01', 'L', 'W', 65, 'MN7462', 2, 4, 2169),
('2011-09-23', 'L', 'D', 56, 'MN7462', 5, 5, 2170),
('2002-12-27', 'L', 'W', 39, 'NA1398', 5, 2, 2171),
('2003-02-04', 'L', 'W', 79, 'NA1398', 2, 2, 2172),
('2003-02-22', 'L', 'D', 5, 'NA1398', 0, 5, 2173),
('2003-02-28', 'P', 'W', 60, 'NA1398', 1, 2, 2174),
('2003-03-22', 'L', 'D', 11, 'NA1398', 3, 2, 2175),
('2004-02-16', 'L', 'W', 41, 'NA1398', 0, 5, 2176),
('2004-04-04', 'L', 'D', 19, 'NA1398', 3, 1, 2177),
('2005-04-03', 'L', 'W', 11, 'NA1398', 4, 2, 2178),
('2005-10-10', 'P', 'D', 37, 'NA1398', 6, 2, 2179),
('2006-04-15', 'L', 'D', 62, 'NA1398', 0, 5, 2180),
('2006-07-13', 'L', 'D', 27, 'NA1398', 5, 4, 2181),
('2008-04-12', 'L', 'D', 6, 'NA1398', 5, 4, 2182),
('2009-03-05', 'L', 'D', 20, 'NA1398', 2, 1, 2183),
('2009-08-06', 'L', 'D', 3, 'NA1398', 6, 4, 2184),
('2010-05-24', 'T', 'D', 33, 'NA1398', 3, 1, 2185),
('2010-10-28', 'L', 'W', 73, 'NA1398', 0, 0, 2186),
('2011-03-31', 'L', 'D', 63, 'NA1398', 5, 0, 2187),
('2011-04-02', 'L', 'D', 10, 'NA1398', 3, 2, 2188),
('2002-02-26', 'L', 'W', 82, 'NC9706', 5, 3, 2189),
('2002-09-04', 'L', 'D', 30, 'NC9706', 2, 5, 2190),
('2002-12-03', 'P', 'W', 75, 'NC9706', 4, 0, 2191),
('2003-01-10', 'P', 'W', 55, 'NC9706', 0, 3, 2192),
('2003-02-08', 'L', 'W', 68, 'NC9706', 3, 0, 2193),
('2003-11-17', 'L', 'D', 31, 'NC9706', 2, 1, 2194),
('2004-07-19', 'L', 'D', 92, 'NC9706', 3, 4, 2195),
('2004-09-14', 'L', 'W', 98, 'NC9706', 6, 1, 2196),
('2005-06-17', 'L', 'D', 47, 'NC9706', 4, 4, 2197),
('2005-12-26', 'L', 'W', 79, 'NC9706', 2, 3, 2198),
('2006-03-01', 'T', 'W', 15, 'NC9706', 3, 2, 2199),
('2006-03-22', 'L', 'D', 88, 'NC9706', 4, 0, 2200),
('2006-11-26', 'L', 'D', 64, 'NC9706', 6, 3, 2201),
('2006-12-02', 'L', 'W', 86, 'NC9706', 6, 4, 2202),
('2007-03-19', 'L', 'D', 69, 'NC9706', 1, 1, 2203),
('2008-09-01', 'L', 'W', 85, 'NC9706', 4, 4, 2204),
('2008-09-28', 'L', 'W', 17, 'NC9706', 4, 1, 2205),
('2008-12-31', 'P', 'D', 78, 'NC9706', 1, 2, 2206),
('2009-01-01', 'L', 'W', 8, 'NC9706', 1, 2, 2207),
('2009-03-08', 'L', 'W', 64, 'NC9706', 5, 4, 2208),
('2009-06-24', 'P', 'D', 98, 'NC9706', 2, 1, 2209),
('2010-03-20', 'L', 'D', 93, 'NC9706', 1, 1, 2210),
('2010-06-25', 'P', 'W', 66, 'NC9706', 5, 2, 2211),
('2010-08-26', 'L', 'D', 11, 'NC9706', 0, 2, 2212),
('2011-08-01', 'L', 'W', 97, 'NC9706', 5, 3, 2213),
('2011-08-26', 'L', 'W', 6, 'NC9706', 0, 5, 2214),
('2002-05-16', 'L', 'W', 33, 'NE3423', 0, 2, 2215),
('2002-09-22', 'L', 'W', 52, 'NE3423', 6, 0, 2216),
('2003-04-18', 'L', 'D', 7, 'NE3423', 1, 4, 2217),
('2004-07-22', 'L', 'W', 31, 'NE3423', 2, 1, 2218),
('2004-10-03', 'P', 'D', 72, 'NE3423', 1, 2, 2219),
('2005-09-15', 'L', 'D', 37, 'NE3423', 1, 1, 2220),
('2006-01-17', 'L', 'D', 41, 'NE3423', 0, 0, 2221),
('2006-04-07', 'L', 'W', 53, 'NE3423', 5, 0, 2222),
('2006-10-20', 'L', 'D', 30, 'NE3423', 0, 0, 2223),
('2007-06-10', 'L', 'W', 17, 'NE3423', 1, 1, 2224),
('2009-05-13', 'L', 'D', 98, 'NE3423', 4, 2, 2225),
('2009-08-22', 'L', 'W', 3, 'NE3423', 4, 4, 2226),
('2010-01-12', 'L', 'D', 81, 'NE3423', 4, 3, 2227),
('2002-01-22', 'P', 'D', 59, 'NF7098', 5, 1, 2228),
('2002-10-30', 'L', 'D', 75, 'NF7098', 3, 2, 2229),
('2004-07-24', 'L', 'D', 44, 'NF7098', 6, 1, 2230),
('2004-11-11', 'L', 'D', 81, 'NF7098', 1, 5, 2231),
('2005-01-14', 'L', 'W', 8, 'NF7098', 5, 0, 2232),
('2006-05-12', 'T', 'D', 46, 'NF7098', 1, 1, 2233),
('2006-07-08', 'L', 'W', 84, 'NF7098', 0, 5, 2234),
('2006-07-11', 'L', 'W', 74, 'NF7098', 6, 2, 2235),
('2006-09-13', 'L', 'D', 17, 'NF7098', 2, 2, 2236),
('2006-10-07', 'L', 'W', 41, 'NF7098', 4, 0, 2237),
('2006-12-14', 'L', 'D', 70, 'NF7098', 2, 3, 2238),
('2007-02-18', 'L', 'W', 82, 'NF7098', 4, 1, 2239),
('2007-08-12', 'L', 'W', 80, 'NF7098', 0, 3, 2240),
('2007-08-23', 'L', 'W', 58, 'NF7098', 4, 4, 2241),
('2008-09-20', 'L', 'D', 76, 'NF7098', 6, 2, 2242),
('2009-09-20', 'L', 'D', 61, 'NF7098', 6, 1, 2243),
('2009-10-06', 'L', 'W', 15, 'NF7098', 6, 0, 2244),
('2010-11-11', 'L', 'D', 11, 'NF7098', 3, 5, 2245),
('2002-02-17', 'L', 'W', 75, 'NG3218', 6, 5, 2246),
('2002-04-22', 'L', 'W', 55, 'NG3218', 2, 1, 2247),
('2002-11-17', 'L', 'D', 70, 'NG3218', 4, 3, 2248),
('2003-05-18', 'L', 'W', 71, 'NG3218', 3, 2, 2249),
('2003-05-26', 'L', 'D', 63, 'NG3218', 0, 4, 2250),
('2003-07-09', 'L', 'W', 98, 'NG3218', 2, 0, 2251),
('2003-10-18', 'L', 'W', 75, 'NG3218', 3, 3, 2252),
('2006-03-19', 'L', 'W', 46, 'NG3218', 0, 4, 2253),
('2008-03-13', 'L', 'W', 52, 'NG3218', 6, 5, 2254),
('2009-03-03', 'P', 'D', 81, 'NG3218', 5, 0, 2255),
('2010-02-15', 'L', 'D', 60, 'NG3218', 1, 2, 2256),
('2011-06-14', 'L', 'D', 75, 'NG3218', 5, 0, 2257),
('2011-07-01', 'L', 'W', 58, 'NG3218', 6, 2, 2258),
('2011-11-06', 'L', 'D', 61, 'NG3218', 5, 4, 2259),
('2002-02-02', 'L', 'W', 42, 'NG5703', 0, 1, 2260),
('2002-02-12', 'L', 'D', 21, 'NG5703', 4, 2, 2261),
('2004-01-23', 'T', 'W', 11, 'NG5703', 2, 4, 2262),
('2004-01-25', 'L', 'D', 12, 'NG5703', 6, 3, 2263),
('2004-11-08', 'L', 'W', 94, 'NG5703', 0, 5, 2264),
('2005-05-28', 'L', 'D', 92, 'NG5703', 3, 4, 2265),
('2006-08-08', 'L', 'D', 99, 'NG5703', 1, 2, 2266),
('2006-10-04', 'L', 'W', 11, 'NG5703', 4, 1, 2267),
('2006-11-03', 'L', 'D', 4, 'NG5703', 0, 5, 2268),
('2008-07-26', 'L', 'W', 60, 'NG5703', 0, 1, 2269),
('2009-11-16', 'L', 'D', 99, 'NG5703', 1, 2, 2270),
('2009-12-07', 'L', 'D', 60, 'NG5703', 3, 0, 2271),
('2009-12-25', 'L', 'W', 90, 'NG5703', 3, 5, 2272),
('2011-01-10', 'L', 'D', 96, 'NG5703', 2, 0, 2273),
('2011-01-19', 'L', 'W', 28, 'NG5703', 2, 3, 2274),
('2011-05-17', 'L', 'W', 45, 'NG5703', 1, 1, 2275),
('2011-07-19', 'P', 'D', 19, 'NG5703', 5, 5, 2276),
('2002-01-08', 'L', 'W', 78, 'NG7164', 3, 3, 2277),
('2002-02-27', 'L', 'D', 15, 'NG7164', 1, 4, 2278),
('2002-05-10', 'L', 'D', 27, 'NG7164', 4, 3, 2279),
('2006-01-18', 'L', 'D', 56, 'NG7164', 2, 3, 2280),
('2006-03-18', 'L', 'W', 27, 'NG7164', 3, 3, 2281),
('2006-05-03', 'L', 'W', 16, 'NG7164', 6, 1, 2282),
('2006-07-16', 'L', 'D', 11, 'NG7164', 4, 5, 2283),
('2007-03-31', 'L', 'W', 50, 'NG7164', 2, 1, 2284),
('2007-06-11', 'L', 'W', 99, 'NG7164', 4, 4, 2285),
('2008-07-14', 'L', 'W', 59, 'NG7164', 2, 1, 2286),
('2002-04-15', 'L', 'W', 46, 'NJ6224', 2, 5, 2287),
('2003-09-09', 'L', 'D', 19, 'NJ6224', 3, 4, 2288),
('2004-03-31', 'T', 'D', 55, 'NJ6224', 0, 4, 2289),
('2004-07-13', 'L', 'D', 2, 'NJ6224', 4, 3, 2290),
('2005-05-11', 'P', 'W', 65, 'NJ6224', 5, 1, 2291),
('2005-09-11', 'L', 'W', 91, 'NJ6224', 2, 3, 2292),
('2005-09-26', 'L', 'W', 97, 'NJ6224', 1, 5, 2293),
('2006-03-11', 'L', 'D', 63, 'NJ6224', 4, 3, 2294),
('2006-08-03', 'L', 'D', 70, 'NJ6224', 6, 2, 2295),
('2007-10-19', 'P', 'W', 74, 'NJ6224', 0, 0, 2296),
('2008-06-09', 'L', 'D', 6, 'NJ6224', 1, 5, 2297),
('2008-08-10', 'L', 'D', 40, 'NJ6224', 5, 4, 2298),
('2008-11-09', 'L', 'D', 60, 'NJ6224', 6, 5, 2299),
('2009-07-08', 'L', 'D', 13, 'NJ6224', 2, 0, 2300),
('2010-06-10', 'L', 'W', 4, 'NJ6224', 2, 4, 2301),
('2010-10-21', 'P', 'W', 52, 'NJ6224', 6, 2, 2302),
('2002-02-23', 'P', 'D', 81, 'NM3046', 0, 3, 2303),
('2002-09-13', 'L', 'W', 4, 'NM3046', 5, 3, 2304),
('2004-05-12', 'L', 'D', 15, 'NM3046', 2, 1, 2305),
('2004-07-30', 'L', 'D', 19, 'NM3046', 4, 2, 2306),
('2005-11-22', 'P', 'W', 92, 'NM3046', 6, 5, 2307),
('2006-10-23', 'L', 'W', 44, 'NM3046', 1, 4, 2308),
('2007-04-28', 'L', 'D', 85, 'NM3046', 0, 2, 2309),
('2007-07-08', 'L', 'W', 96, 'NM3046', 0, 4, 2310),
('2007-07-21', 'P', 'D', 31, 'NM3046', 0, 5, 2311),
('2007-10-24', 'L', 'W', 31, 'NM3046', 3, 0, 2312),
('2007-12-19', 'L', 'W', 92, 'NM3046', 1, 1, 2313),
('2008-10-25', 'L', 'W', 12, 'NM3046', 3, 5, 2314),
('2009-02-19', 'L', 'D', 10, 'NM3046', 3, 5, 2315),
('2010-01-05', 'L', 'D', 94, 'NM3046', 6, 5, 2316),
('2010-04-01', 'L', 'W', 78, 'NM3046', 5, 1, 2317),
('2010-07-08', 'L', 'D', 72, 'NM3046', 2, 4, 2318),
('2010-08-05', 'P', 'W', 52, 'NM3046', 2, 0, 2319),
('2010-11-04', 'L', 'D', 92, 'NM3046', 1, 4, 2320),
('2011-04-03', 'P', 'D', 33, 'NM3046', 4, 2, 2321),
('2011-06-26', 'L', 'D', 44, 'NM3046', 0, 2, 2322),
('2002-10-09', 'L', 'D', 14, 'NN9036', 3, 4, 2323),
('2002-12-08', 'L', 'D', 38, 'NN9036', 2, 3, 2324),
('2003-07-02', 'L', 'W', 67, 'NN9036', 0, 1, 2325),
('2004-08-23', 'L', 'W', 25, 'NN9036', 5, 5, 2326),
('2005-01-08', 'L', 'D', 42, 'NN9036', 3, 3, 2327),
('2005-01-17', 'L', 'W', 80, 'NN9036', 1, 1, 2328),
('2005-05-14', 'L', 'D', 99, 'NN9036', 2, 1, 2329),
('2005-05-15', 'L', 'D', 96, 'NN9036', 2, 1, 2330),
('2005-11-23', 'L', 'D', 52, 'NN9036', 3, 1, 2331),
('2006-05-17', 'L', 'D', 93, 'NN9036', 0, 4, 2332),
('2006-06-29', 'L', 'D', 74, 'NN9036', 1, 3, 2333),
('2006-10-31', 'L', 'W', 97, 'NN9036', 1, 4, 2334),
('2007-01-23', 'L', 'D', 1, 'NN9036', 5, 1, 2335),
('2007-04-17', 'L', 'W', 65, 'NN9036', 1, 2, 2336),
('2008-01-17', 'L', 'D', 79, 'NN9036', 1, 5, 2337),
('2008-03-05', 'L', 'D', 57, 'NN9036', 2, 3, 2338),
('2008-11-15', 'L', 'D', 5, 'NN9036', 6, 3, 2339),
('2008-11-20', 'L', 'W', 70, 'NN9036', 1, 2, 2340),
('2009-09-01', 'L', 'W', 94, 'NN9036', 4, 5, 2341),
('2009-11-26', 'L', 'D', 20, 'NN9036', 3, 2, 2342),
('2010-01-09', 'L', 'W', 80, 'NN9036', 4, 3, 2343),
('2010-08-06', 'L', 'W', 39, 'NN9036', 4, 2, 2344),
('2010-09-18', 'L', 'D', 6, 'NN9036', 5, 2, 2345),
('2011-10-01', 'L', 'W', 22, 'NN9036', 1, 0, 2346),
('2002-10-02', 'L', 'W', 62, 'OF5431', 2, 1, 2347),
('2003-02-02', 'P', 'W', 69, 'OF5431', 6, 0, 2348),
('2003-03-09', 'L', 'W', 15, 'OF5431', 2, 4, 2349),
('2003-06-08', 'L', 'D', 85, 'OF5431', 1, 0, 2350),
('2005-02-21', 'T', 'D', 75, 'OF5431', 2, 4, 2351),
('2005-05-23', 'L', 'W', 49, 'OF5431', 5, 2, 2352),
('2005-07-10', 'P', 'D', 1, 'OF5431', 1, 2, 2353),
('2006-02-25', 'T', 'W', 43, 'OF5431', 6, 5, 2354),
('2006-11-16', 'L', 'D', 58, 'OF5431', 3, 0, 2355),
('2007-06-25', 'L', 'D', 51, 'OF5431', 3, 2, 2356),
('2008-03-23', 'L', 'W', 81, 'OF5431', 0, 3, 2357),
('2008-08-27', 'L', 'D', 12, 'OF5431', 5, 5, 2358),
('2010-03-18', 'L', 'D', 90, 'OF5431', 4, 3, 2359),
('2010-04-30', 'L', 'W', 13, 'OF5431', 5, 0, 2360),
('2010-08-01', 'L', 'D', 12, 'OF5431', 2, 2, 2361),
('2010-11-15', 'L', 'W', 98, 'OF5431', 0, 2, 2362),
('2002-01-26', 'L', 'D', 38, 'OG1183', 4, 4, 2363),
('2002-07-19', 'L', 'D', 13, 'OG1183', 2, 5, 2364),
('2008-04-29', 'P', 'D', 49, 'OG1183', 0, 1, 2365),
('2009-04-15', 'L', 'D', 61, 'OG1183', 2, 1, 2366),
('2010-04-15', 'L', 'W', 52, 'OG1183', 2, 1, 2367),
('2011-01-13', 'L', 'D', 64, 'OG1183', 6, 5, 2368),
('2011-07-14', 'L', 'W', 70, 'OG1183', 2, 5, 2369),
('2002-01-17', 'L', 'W', 32, 'OK0851', 2, 4, 2370),
('2004-02-22', 'L', 'D', 68, 'OK0851', 1, 3, 2371),
('2004-03-07', 'L', 'W', 23, 'OK0851', 3, 3, 2372),
('2004-06-26', 'P', 'D', 35, 'OK0851', 3, 0, 2373),
('2004-09-03', 'P', 'D', 98, 'OK0851', 5, 3, 2374),
('2005-03-23', 'L', 'D', 88, 'OK0851', 1, 5, 2375),
('2005-04-21', 'P', 'D', 34, 'OK0851', 2, 4, 2376),
('2005-06-24', 'T', 'W', 11, 'OK0851', 1, 3, 2377),
('2006-04-20', 'L', 'W', 41, 'OK0851', 0, 4, 2378),
('2007-10-04', 'L', 'W', 1, 'OK0851', 0, 0, 2379),
('2007-11-23', 'P', 'D', 25, 'OK0851', 2, 3, 2380),
('2008-10-09', 'P', 'D', 58, 'OK0851', 1, 0, 2381),
('2009-03-24', 'L', 'D', 71, 'OK0851', 3, 5, 2382),
('2009-05-08', 'L', 'W', 64, 'OK0851', 4, 1, 2383),
('2009-10-14', 'L', 'D', 43, 'OK0851', 4, 4, 2384),
('2009-12-15', 'T', 'W', 94, 'OK0851', 2, 1, 2385),
('2010-08-09', 'P', 'D', 37, 'OK0851', 1, 0, 2386),
('2011-02-03', 'L', 'D', 9, 'OK0851', 6, 0, 2387),
('2002-01-18', 'P', 'W', 23, 'OK4471', 1, 5, 2388),
('2002-06-30', 'P', 'D', 53, 'OK4471', 6, 3, 2389),
('2002-07-24', 'L', 'W', 75, 'OK4471', 0, 0, 2390),
('2002-08-20', 'L', 'W', 21, 'OK4471', 3, 5, 2391),
('2002-12-18', 'L', 'W', 50, 'OK4471', 0, 1, 2392),
('2003-02-21', 'L', 'W', 79, 'OK4471', 0, 2, 2393),
('2004-12-11', 'L', 'W', 92, 'OK4471', 1, 4, 2394),
('2005-02-20', 'L', 'W', 29, 'OK4471', 4, 2, 2395),
('2005-06-16', 'L', 'W', 45, 'OK4471', 6, 3, 2396),
('2006-10-18', 'L', 'D', 64, 'OK4471', 6, 1, 2397),
('2006-12-26', 'L', 'D', 7, 'OK4471', 6, 5, 2398),
('2007-11-19', 'L', 'W', 25, 'OK4471', 0, 3, 2399),
('2008-05-25', 'L', 'W', 54, 'OK4471', 1, 3, 2400),
('2008-09-30', 'L', 'D', 96, 'OK4471', 2, 2, 2401),
('2010-02-05', 'T', 'W', 61, 'OK4471', 1, 3, 2402),
('2011-03-17', 'L', 'D', 72, 'OK4471', 4, 0, 2403),
('2002-03-25', 'L', 'W', 68, 'OL6936', 2, 2, 2404),
('2002-09-16', 'L', 'W', 6, 'OL6936', 1, 5, 2405),
('2002-11-09', 'L', 'W', 10, 'OL6936', 3, 2, 2406),
('2003-01-22', 'L', 'D', 91, 'OL6936', 3, 5, 2407),
('2003-11-19', 'L', 'D', 71, 'OL6936', 6, 5, 2408),
('2004-06-20', 'L', 'W', 64, 'OL6936', 2, 0, 2409),
('2004-08-21', 'L', 'W', 97, 'OL6936', 0, 4, 2410),
('2004-08-28', 'L', 'D', 93, 'OL6936', 3, 1, 2411),
('2004-11-29', 'L', 'W', 22, 'OL6936', 2, 2, 2412),
('2004-12-06', 'L', 'D', 29, 'OL6936', 6, 2, 2413),
('2005-04-16', 'L', 'D', 18, 'OL6936', 6, 2, 2414),
('2005-12-02', 'L', 'W', 60, 'OL6936', 1, 1, 2415),
('2006-04-05', 'P', 'D', 18, 'OL6936', 2, 5, 2416),
('2007-04-09', 'L', 'D', 81, 'OL6936', 3, 0, 2417),
('2007-04-13', 'L', 'W', 7, 'OL6936', 3, 0, 2418),
('2007-08-18', 'P', 'W', 28, 'OL6936', 3, 0, 2419),
('2007-12-18', 'L', 'D', 52, 'OL6936', 2, 0, 2420),
('2008-12-24', 'L', 'D', 88, 'OL6936', 3, 5, 2421),
('2009-04-06', 'L', 'D', 29, 'OL6936', 4, 0, 2422),
('2010-04-26', 'L', 'D', 21, 'OL6936', 2, 2, 2423),
('2010-05-31', 'L', 'W', 91, 'OL6936', 3, 3, 2424),
('2010-11-28', 'L', 'D', 21, 'OL6936', 5, 2, 2425),
('2011-04-10', 'L', 'W', 7, 'OL6936', 6, 0, 2426),
('2011-06-25', 'L', 'W', 52, 'OL6936', 4, 1, 2427),
('2011-07-21', 'P', 'D', 23, 'OL6936', 3, 4, 2428),
('2002-07-15', 'L', 'D', 57, 'OM3103', 6, 2, 2429),
('2002-11-04', 'L', 'W', 14, 'OM3103', 3, 5, 2430),
('2003-11-30', 'L', 'W', 89, 'OM3103', 6, 4, 2431),
('2003-12-14', 'L', 'W', 71, 'OM3103', 2, 3, 2432),
('2004-02-01', 'L', 'D', 66, 'OM3103', 2, 3, 2433),
('2004-03-15', 'L', 'D', 63, 'OM3103', 5, 4, 2434),
('2005-03-27', 'L', 'D', 46, 'OM3103', 0, 4, 2435),
('2006-06-10', 'L', 'W', 58, 'OM3103', 4, 3, 2436),
('2007-02-07', 'P', 'W', 48, 'OM3103', 1, 1, 2437),
('2008-05-23', 'L', 'W', 70, 'OM3103', 4, 1, 2438),
('2008-11-24', 'L', 'D', 43, 'OM3103', 3, 5, 2439),
('2010-01-15', 'L', 'D', 18, 'OM3103', 1, 3, 2440),
('2010-01-18', 'L', 'W', 40, 'OM3103', 5, 3, 2441),
('2010-06-01', 'P', 'W', 53, 'OM3103', 0, 1, 2442),
('2011-05-20', 'L', 'D', 37, 'OM3103', 1, 4, 2443),
('2011-06-12', 'T', 'W', 100, 'OM3103', 2, 5, 2444),
('2011-08-25', 'L', 'W', 42, 'OM3103', 2, 5, 2445),
('2011-09-07', 'L', 'D', 21, 'OM3103', 0, 2, 2446),
('2011-09-11', 'L', 'W', 11, 'OM3103', 6, 1, 2447);

--
-- Indexes for dumped tables
--

--
-- Indexes for table `druzyny`
--
ALTER TABLE `druzyny`
  ADD PRIMARY KEY (`Id_druzyny`);

--
-- Indexes for table `sedziowie`
--
ALTER TABLE `sedziowie`
  ADD PRIMARY KEY (`Nr_licencji`);

--
-- Indexes for table `wyniki`
--
ALTER TABLE `wyniki`
  ADD PRIMARY KEY (`Id_meczu`),
  ADD KEY `Id_druzyny` (`Id_druzyny`),
  ADD KEY `Nr_licencji` (`Nr_licencji`);

--
-- AUTO_INCREMENT for dumped tables
--

--
-- AUTO_INCREMENT for table `wyniki`
--
ALTER TABLE `wyniki`
  MODIFY `Id_meczu` int(11) NOT NULL AUTO_INCREMENT, AUTO_INCREMENT=4096;
COMMIT;

/*!40101 SET CHARACTER_SET_CLIENT=@OLD_CHARACTER_SET_CLIENT */;
/*!40101 SET CHARACTER_SET_RESULTS=@OLD_CHARACTER_SET_RESULTS */;
/*!40101 SET COLLATION_CONNECTION=@OLD_COLLATION_CONNECTION */;
