-- phpMyAdmin SQL Dump
-- version 5.2.1
-- https://www.phpmyadmin.net/
--
-- Host: localhost
-- Generation Time: Feb 17, 2025 at 01:39 AM
-- Server version: 10.4.28-MariaDB
-- PHP Version: 8.2.4

SET SQL_MODE = "NO_AUTO_VALUE_ON_ZERO";
START TRANSACTION;
SET time_zone = "+00:00";


/*!40101 SET @OLD_CHARACTER_SET_CLIENT=@@CHARACTER_SET_CLIENT */;
/*!40101 SET @OLD_CHARACTER_SET_RESULTS=@@CHARACTER_SET_RESULTS */;
/*!40101 SET @OLD_COLLATION_CONNECTION=@@COLLATION_CONNECTION */;
/*!40101 SET NAMES utf8mb4 */;

--
-- Database: `formula2023czerwiec2023`
--

-- --------------------------------------------------------

--
-- Table structure for table `instalacje`
--

CREATE TABLE `instalacje` (
  `data_i` date NOT NULL,
  `kod_k` varchar(255) NOT NULL,
  `kod_u` int(11) NOT NULL,
  `kod_i` int(11) NOT NULL
) ENGINE=InnoDB DEFAULT CHARSET=utf8mb4 COLLATE=utf8mb4_polish_ci;

--
-- Dumping data for table `instalacje`
--

INSERT INTO `instalacje` (`data_i`, `kod_k`, `kod_u`, `kod_i`) VALUES
('2019-03-01', 'AM', 145, 1),
('2019-03-01', 'AR', 804, 2),
('2019-03-01', 'AT', 12632, 3),
('2019-03-01', 'BE', 12632, 4),
('2019-03-01', 'BR', 5126, 5),
('2019-03-01', 'CA', 4989, 6),
('2019-03-01', 'CL', 4881, 7),
('2019-03-01', 'CZ', 5134, 8),
('2019-03-01', 'DE', 5131, 9),
('2019-03-01', 'DE', 5116, 10),
('2019-03-01', 'DE', 527, 11),
('2019-03-01', 'DE', 7711, 12),
('2019-03-01', 'DE', 9434, 13),
('2019-03-01', 'DE', 9451, 14),
('2019-03-01', 'ES', 891, 15),
('2019-03-01', 'FR', 9545, 16),
('2019-03-01', 'FR', 11386, 17),
('2019-03-01', 'FR', 11974, 18),
('2019-03-01', 'IL', 12010, 19),
('2019-03-01', 'IN', 15536, 20),
('2019-03-01', 'IN', 8581, 21),
('2019-03-01', 'IR', 1307, 22),
('2019-03-01', 'IT', 11528, 23),
('2019-03-01', 'PE', 10943, 24),
('2019-03-01', 'PH', 10943, 25),
('2019-03-01', 'PL', 10943, 26),
('2019-03-01', 'PL', 11731, 27),
('2019-03-01', 'PL', 11006, 28),
('2019-03-01', 'PL', 11656, 29),
('2019-03-01', 'PT', 11911, 30),
('2019-03-01', 'RO', 11635, 31),
('2019-03-01', 'RU', 11846, 32),
('2019-03-01', 'RU', 11206, 33),
('2019-03-01', 'RU', 11108, 34),
('2019-03-01', 'SA', 7495, 35),
('2019-03-01', 'UA', 15169, 36),
('2019-03-01', 'US', 11261, 37),
('2019-03-01', 'US', 4184, 38),
('2019-03-01', 'US', 11508, 39),
('2019-03-01', 'US', 11634, 40),
('2019-03-01', 'US', 11634, 41),
('2019-03-01', 'US', 11634, 42),
('2019-03-01', 'US', 11119, 43),
('2019-03-01', 'US', 15158, 44),
('2019-03-01', 'US', 15188, 45),
('2019-03-01', 'US', 11917, 46),
('2019-03-02', 'AR', 11161, 47),
('2019-03-02', 'BD', 14501, 48),
('2019-03-02', 'CA', 13209, 49),
('2019-03-02', 'CA', 13209, 50),
('2019-03-02', 'CH', 2069, 51),
('2019-03-02', 'CH', 12718, 52),
('2019-03-02', 'DE', 5097, 53),
('2019-03-02', 'ES', 5120, 54),
('2019-03-02', 'FR', 4895, 55),
('2019-03-02', 'FR', 5008, 56),
('2019-03-02', 'FR', 5061, 57),
('2019-03-02', 'FR', 5061, 58),
('2019-03-02', 'GB', 4979, 59),
('2019-03-02', 'GB', 4939, 60),
('2019-03-02', 'ID', 4921, 61),
('2019-03-02', 'ID', 4894, 62),
('2019-03-02', 'IE', 8001, 63),
('2019-03-02', 'IL', 9444, 64),
('2019-03-02', 'IN', 9444, 65),
('2019-03-02', 'IQ', 11998, 66),
('2019-03-02', 'IR', 56, 67),
('2019-03-02', 'IT', 15536, 68),
('2019-03-02', 'IT', 5043, 69),
('2019-03-02', 'IT', 11528, 70),
('2019-03-02', 'JP', 7262, 71),
('2019-03-02', 'PH', 7191, 72),
('2019-03-02', 'PL', 15114, 73),
('2019-03-02', 'RU', 12015, 74),
('2019-03-02', 'RU', 12019, 75),
('2019-03-02', 'RU', 11006, 76),
('2019-03-02', 'US', 11935, 77),
('2019-03-02', 'US', 12031, 78),
('2019-03-02', 'US', 8595, 79),
('2019-03-02', 'US', 11296, 80),
('2019-03-02', 'US', 11299, 81),
('2019-03-02', 'US', 4785, 82),
('2019-03-02', 'US', 11349, 83),
('2019-03-02', 'US', 11635, 84),
('2019-03-02', 'US', 11270, 85),
('2019-03-02', 'US', 8629, 86),
('2019-03-02', 'US', 7353, 87),
('2019-03-02', 'US', 15190, 88),
('2019-03-02', 'US', 7335, 89),
('2019-03-02', 'US', 15136, 90),
('2019-03-02', 'US', 11505, 91),
('2019-03-02', 'US', 11508, 92),
('2019-03-02', 'US', 11508, 93),
('2019-03-02', 'ZA', 15188, 94),
('2019-03-02', 'ZA', 15188, 95),
('2019-03-03', 'AR', 6824, 96),
('2019-03-03', 'AU', 1014, 97),
('2019-03-03', 'BR', 9240, 98),
('2019-03-03', 'BR', 5022, 99),
('2019-03-03', 'BR', 5071, 100),
('2019-03-03', 'BY', 5119, 101),
('2019-03-03', 'CA', 4894, 102),
('2019-03-03', 'CA', 9785, 103),
('2019-03-03', 'CA', 9444, 104),
('2019-03-03', 'CU', 10706, 105),
('2019-03-03', 'CZ', 10939, 106),
('2019-03-03', 'CZ', 13440, 107),
('2019-03-03', 'DE', 6826, 108),
('2019-03-03', 'DE', 15742, 109),
('2019-03-03', 'DE', 10945, 110),
('2019-03-03', 'DE', 8581, 111),
('2019-03-03', 'DE', 8630, 112),
('2019-03-03', 'ES', 4186, 113),
('2019-03-03', 'ES', 11891, 114),
('2019-03-03', 'FR', 10943, 115),
('2019-03-03', 'FR', 10943, 116),
('2019-03-03', 'FR', 10941, 117),
('2019-03-03', 'FR', 10941, 118),
('2019-03-03', 'GB', 10942, 119),
('2019-03-03', 'IN', 11290, 120),
('2019-03-03', 'IN', 11006, 121),
('2019-03-03', 'IN', 11497, 122),
('2019-03-03', 'IT', 11935, 123),
('2019-03-03', 'IT', 11288, 124),
('2019-03-03', 'JP', 11288, 125),
('2019-03-03', 'KH', 11296, 126),
('2019-03-03', 'MX', 11656, 127),
('2019-03-03', 'MX', 11656, 128),
('2019-03-03', 'MY', 11656, 129),
('2019-03-03', 'NL', 11105, 130),
('2019-03-03', 'NL', 11484, 131),
('2019-03-03', 'OM', 11310, 132),
('2019-03-03', 'PH', 7492, 133),
('2019-03-03', 'PL', 11443, 134),
('2019-03-03', 'PL', 4208, 135),
('2019-03-03', 'RO', 3455, 136),
('2019-03-03', 'RU', 8615, 137),
('2019-03-03', 'TH', 4492, 138),
('2019-03-03', 'US', 15164, 139),
('2019-03-03', 'US', 15166, 140),
('2019-03-03', 'US', 11505, 141),
('2019-03-03', 'US', 11505, 142),
('2019-03-03', 'US', 15181, 143),
('2019-03-03', 'US', 15188, 144),
('2019-03-03', 'US', 7445, 145),
('2019-03-03', 'US', 11161, 146),
('2019-03-03', 'US', 805, 147),
('2019-03-03', 'US', 9237, 148),
('2019-03-03', 'US', 2620, 149),
('2019-03-03', 'US', 12796, 150),
('2019-03-04', 'AE', 5134, 151),
('2019-03-04', 'AR', 9265, 152),
('2019-03-04', 'BE', 9441, 153),
('2019-03-04', 'BR', 9451, 154),
('2019-03-04', 'CO', 9444, 155),
('2019-03-04', 'CZ', 13401, 156),
('2019-03-04', 'DE', 12726, 157),
('2019-03-04', 'DE', 6976, 158),
('2019-03-04', 'DE', 4186, 159),
('2019-03-04', 'DE', 7218, 160),
('2019-03-04', 'ES', 10941, 161),
('2019-03-04', 'ES', 10942, 162),
('2019-03-04', 'GB', 10942, 163),
('2019-03-04', 'IN', 8669, 164),
('2019-03-04', 'IN', 11006, 165),
('2019-03-04', 'IT', 11667, 166),
('2019-03-04', 'JP', 11302, 167),
('2019-03-04', 'MX', 11302, 168),
('2019-03-04', 'MX', 11656, 169),
('2019-03-04', 'NL', 4823, 170),
('2019-03-04', 'NL', 11635, 171),
('2019-03-04', 'PL', 10968, 172),
('2019-03-04', 'PL', 10968, 173),
('2019-03-04', 'SY', 11061, 174),
('2019-03-04', 'US', 11686, 175),
('2019-03-04', 'US', 7280, 176),
('2019-03-04', 'US', 8561, 177),
('2019-03-04', 'US', 15190, 178),
('2019-03-04', 'US', 4192, 179),
('2019-03-04', 'US', 11803, 180),
('2019-03-04', 'US', 8564, 181),
('2019-03-04', 'US', 8564, 182),
('2019-03-04', 'US', 11634, 183),
('2019-03-04', 'US', 68, 184),
('2019-03-04', 'US', 68, 185),
('2019-03-04', 'US', 15195, 186),
('2019-03-04', 'US', 12546, 187),
('2019-03-04', 'US', 991, 188),
('2019-03-05', 'AR', 1819, 189),
('2019-03-05', 'AR', 5071, 190),
('2019-03-05', 'BG', 5008, 191),
('2019-03-05', 'BY', 5008, 192),
('2019-03-05', 'DE', 5008, 193),
('2019-03-05', 'DE', 4909, 194),
('2019-03-05', 'DE', 5062, 195),
('2019-03-05', 'DE', 4894, 196),
('2019-03-05', 'DE', 4894, 197),
('2019-03-05', 'EC', 9232, 198),
('2019-03-05', 'FI', 12023, 199),
('2019-03-05', 'FR', 11405, 200),
('2019-03-05', 'FR', 12010, 201),
('2019-03-05', 'FR', 10790, 202),
('2019-03-05', 'GB', 11891, 203),
('2019-03-05', 'GB', 7302, 204),
('2019-03-05', 'GB', 7218, 205),
('2019-03-05', 'GB', 135, 206),
('2019-03-05', 'GR', 12015, 207),
('2019-03-05', 'IR', 12015, 208),
('2019-03-05', 'IT', 12015, 209),
('2019-03-05', 'IT', 877, 210),
('2019-03-05', 'JP', 11934, 211),
('2019-03-05', 'NL', 11935, 212),
('2019-03-05', 'NL', 15196, 213),
('2019-03-05', 'PE', 11296, 214),
('2019-03-05', 'PH', 11296, 215),
('2019-03-05', 'PL', 11296, 216),
('2019-03-05', 'PL', 10970, 217),
('2019-03-05', 'RU', 11270, 218),
('2019-03-05', 'RU', 11310, 219),
('2019-03-05', 'UA', 11206, 220),
('2019-03-05', 'US', 8529, 221),
('2019-03-05', 'US', 7280, 222),
('2019-03-05', 'US', 11508, 223),
('2019-03-05', 'US', 11632, 224),
('2019-03-05', 'US', 11634, 225),
('2019-03-05', 'US', 15181, 226),
('2019-03-05', 'US', 15181, 227),
('2019-03-05', 'US', 11118, 228),
('2019-03-05', 'US', 11903, 229),
('2019-03-05', 'US', 15188, 230),
('2019-03-05', 'US', 11025, 231),
('2019-03-06', 'AR', 1805, 232),
('2019-03-06', 'AU', 13458, 233),
('2019-03-06', 'CA', 9239, 234),
('2019-03-06', 'CA', 12796, 235),
('2019-03-06', 'CL', 5093, 236),
('2019-03-06', 'CL', 5022, 237),
('2019-03-06', 'CR', 5022, 238),
('2019-03-06', 'DE', 5069, 239),
('2019-03-06', 'DE', 5120, 240),
('2019-03-06', 'DE', 5008, 241),
('2019-03-06', 'DE', 4975, 242),
('2019-03-06', 'ES', 5078, 243),
('2019-03-06', 'FR', 5012, 244),
('2019-03-06', 'GB', 5012, 245),
('2019-03-06', 'GB', 9451, 246),
('2019-03-06', 'GB', 9224, 247),
('2019-03-06', 'IT', 8581, 248),
('2019-03-06', 'IT', 8581, 249),
('2019-03-06', 'IT', 15114, 250),
('2019-03-06', 'MX', 12015, 251),
('2019-03-06', 'MX', 12019, 252),
('2019-03-06', 'NL', 11006, 253),
('2019-03-06', 'NL', 11935, 254),
('2019-03-06', 'PL', 11656, 255),
('2019-03-06', 'PR', 11431, 256),
('2019-03-06', 'PT', 8529, 257),
('2019-03-06', 'PT', 8534, 258),
('2019-03-06', 'PT', 7265, 259),
('2019-03-06', 'US', 7293, 260),
('2019-03-06', 'US', 8558, 261),
('2019-03-06', 'US', 15152, 262),
('2019-03-06', 'US', 11261, 263),
('2019-03-06', 'US', 11627, 264),
('2019-03-06', 'US', 11634, 265),
('2019-03-06', 'US', 15188, 266),
('2019-03-07', 'AU', 2607, 267),
('2019-03-07', 'BR', 5093, 268),
('2019-03-07', 'CA', 4997, 269),
('2019-03-07', 'CH', 5126, 270),
('2019-03-07', 'DE', 4888, 271),
('2019-03-07', 'DE', 4989, 272),
('2019-03-07', 'DE', 5008, 273),
('2019-03-07', 'DE', 5062, 274),
('2019-03-07', 'DE', 4960, 275),
('2019-03-07', 'DE', 6549, 276),
('2019-03-07', 'FR', 9451, 277),
('2019-03-07', 'FR', 9444, 278),
('2019-03-07', 'GB', 15457, 279),
('2019-03-07', 'GB', 15182, 280),
('2019-03-07', 'GB', 11526, 281),
('2019-03-07', 'HU', 15114, 282),
('2019-03-07', 'IT', 7199, 283),
('2019-03-07', 'IT', 11006, 284),
('2019-03-07', 'IT', 11496, 285),
('2019-03-07', 'MX', 11152, 286),
('2019-03-07', 'SE', 11605, 287),
('2019-03-07', 'SE', 11606, 288),
('2019-03-07', 'SI', 11296, 289),
('2019-03-07', 'SK', 11350, 290),
('2019-03-07', 'SK', 11911, 291),
('2019-03-07', 'US', 11270, 292),
('2019-03-07', 'US', 7338, 293),
('2019-03-07', 'US', 4208, 294),
('2019-03-07', 'US', 7219, 295),
('2019-03-07', 'US', 7219, 296),
('2019-03-07', 'US', 15189, 297),
('2019-03-07', 'US', 8558, 298),
('2019-03-07', 'US', 11505, 299),
('2019-03-07', 'US', 11505, 300),
('2019-03-07', 'US', 11632, 301),
('2019-03-07', 'UZ', 15158, 302),
('2019-03-08', 'BE', 14427, 303),
('2019-03-08', 'BG', 2619, 304),
('2019-03-08', 'BO', 4988, 305),
('2019-03-08', 'CA', 5008, 306),
('2019-03-08', 'DE', 5062, 307),
('2019-03-08', 'DE', 4931, 308),
('2019-03-08', 'DE', 4894, 309),
('2019-03-08', 'DE', 2256, 310),
('2019-03-08', 'DE', 9441, 311),
('2019-03-08', 'DE', 13303, 312),
('2019-03-08', 'DE', 15198, 313),
('2019-03-08', 'DE', 11528, 314),
('2019-03-08', 'DZ', 11528, 315),
('2019-03-08', 'FR', 10943, 316),
('2019-03-08', 'GR', 11006, 317),
('2019-03-08', 'HU', 11935, 318),
('2019-03-08', 'IR', 11604, 319),
('2019-03-08', 'IT', 5051, 320),
('2019-03-08', 'IT', 11094, 321),
('2019-03-08', 'IT', 11911, 322),
('2019-03-08', 'PE', 11270, 323),
('2019-03-08', 'SI', 10968, 324),
('2019-03-08', 'TH', 11859, 325),
('2019-03-08', 'US', 7377, 326),
('2019-03-08', 'US', 7347, 327),
('2019-03-08', 'US', 11508, 328),
('2019-03-08', 'US', 4203, 329),
('2019-03-08', 'US', 8428, 330),
('2019-03-08', 'US', 6475, 331),
('2019-03-08', 'US', 5022, 332),
('2019-03-08', 'US', 8835, 333),
('2019-03-09', 'AR', 7006, 334),
('2019-03-09', 'AT', 6883, 335),
('2019-03-09', 'CA', 15536, 336),
('2019-03-09', 'CA', 8626, 337),
('2019-03-09', 'CH', 11942, 338),
('2019-03-09', 'DE', 11573, 339),
('2019-03-09', 'DE', 11526, 340),
('2019-03-09', 'DE', 11528, 341),
('2019-03-09', 'DE', 11528, 342),
('2019-03-09', 'ES', 10943, 343),
('2019-03-09', 'GB', 10941, 344),
('2019-03-09', 'GB', 11006, 345),
('2019-03-09', 'HK', 11656, 346),
('2019-03-09', 'IE', 4844, 347),
('2019-03-09', 'IE', 4949, 348),
('2019-03-09', 'IL', 11855, 349),
('2019-03-09', 'MX', 8529, 350),
('2019-03-09', 'NL', 7389, 351),
('2019-03-09', 'PL', 7325, 352),
('2019-03-09', 'PL', 15189, 353),
('2019-03-09', 'PL', 7436, 354),
('2019-03-09', 'RU', 11508, 355),
('2019-03-09', 'RU', 11632, 356),
('2019-03-09', 'RU', 4214, 357),
('2019-03-09', 'RU', 11120, 358),
('2019-03-09', 'RU', 15158, 359),
('2019-03-09', 'US', 4203, 360),
('2019-03-09', 'US', 15188, 361),
('2019-03-09', 'US', 11173, 362),
('2019-03-09', 'US', 14427, 363),
('2019-03-09', 'US', 9237, 364),
('2019-03-09', 'US', 5022, 365),
('2019-03-09', 'US', 5022, 366),
('2019-03-09', 'ZA', 5008, 367),
('2019-03-10', 'AR', 5134, 368),
('2019-03-10', 'CA', 5134, 369),
('2019-03-10', 'CL', 932, 370),
('2019-03-10', 'DE', 14631, 371),
('2019-03-10', 'DE', 7296, 372),
('2019-03-10', 'DE', 10790, 373),
('2019-03-10', 'ES', 11526, 374),
('2019-03-10', 'FR', 11525, 375),
('2019-03-10', 'FR', 7302, 376),
('2019-03-10', 'GB', 10943, 377),
('2019-03-10', 'GB', 10943, 378),
('2019-03-10', 'GB', 10943, 379),
('2019-03-10', 'GR', 10943, 380),
('2019-03-10', 'GR', 10941, 381),
('2019-03-10', 'IE', 15566, 382),
('2019-03-10', 'IN', 11011, 383),
('2019-03-10', 'IN', 11935, 384),
('2019-03-10', 'IR', 11935, 385),
('2019-03-10', 'IT', 10953, 386),
('2019-03-10', 'IT', 11302, 387),
('2019-03-10', 'IT', 11652, 388),
('2019-03-10', 'LV', 11645, 389),
('2019-03-10', 'NO', 4826, 390),
('2019-03-10', 'PT', 11086, 391),
('2019-03-10', 'PT', 11910, 392),
('2019-03-10', 'PY', 11383, 393),
('2019-03-10', 'RU', 11911, 394),
('2019-03-10', 'RU', 11431, 395),
('2019-03-10', 'SE', 11685, 396),
('2019-03-10', 'TR', 10958, 397),
('2019-03-10', 'UA', 10958, 398),
('2019-03-10', 'US', 4208, 399),
('2019-03-10', 'US', 15189, 400),
('2019-03-10', 'US', 11211, 401),
('2019-03-10', 'US', 11505, 402),
('2019-03-10', 'US', 11505, 403),
('2019-03-10', 'US', 11508, 404),
('2019-03-10', 'US', 11634, 405),
('2019-03-10', 'US', 11634, 406),
('2019-03-10', 'US', 4214, 407),
('2019-03-10', 'US', 4214, 408),
('2019-03-10', 'US', 15188, 409),
('2019-03-10', 'US', 15188, 410),
('2019-03-10', 'US', 15195, 411),
('2019-03-10', 'US', 13949, 412),
('2019-03-10', 'US', 9237, 413),
('2019-03-10', 'VN', 5022, 414),
('2019-03-10', 'ZA', 4997, 415),
('2019-03-11', 'AR', 4881, 416),
('2019-03-11', 'AU', 5012, 417),
('2019-03-11', 'CA', 5134, 418),
('2019-03-11', 'CH', 9446, 419),
('2019-03-11', 'CO', 1633, 420),
('2019-03-11', 'CZ', 14894, 421),
('2019-03-11', 'DE', 7075, 422),
('2019-03-11', 'DE', 15536, 423),
('2019-03-11', 'ES', 8581, 424),
('2019-03-11', 'ES', 8653, 425),
('2019-03-11', 'FR', 15182, 426),
('2019-03-11', 'FR', 15206, 427),
('2019-03-11', 'GR', 11526, 428),
('2019-03-11', 'GR', 7302, 429),
('2019-03-11', 'IR', 15114, 430),
('2019-03-11', 'IR', 15114, 431),
('2019-03-11', 'IT', 10941, 432),
('2019-03-11', 'IT', 11011, 433),
('2019-03-11', 'IT', 4185, 434),
('2019-03-11', 'KR', 11301, 435),
('2019-03-11', 'RS', 11656, 436),
('2019-03-11', 'RU', 4962, 437),
('2019-03-11', 'RU', 12021, 438),
('2019-03-11', 'SE', 11213, 439),
('2019-03-11', 'UA', 11431, 440),
('2019-03-11', 'US', 11106, 441),
('2019-03-11', 'US', 7265, 442),
('2019-03-11', 'US', 4208, 443),
('2019-03-11', 'US', 8585, 444),
('2019-03-11', 'US', 11634, 445),
('2019-03-11', 'US', 11633, 446),
('2019-03-11', 'US', 15748, 447),
('2019-03-11', 'US', 4214, 448),
('2019-03-11', 'US', 4214, 449),
('2019-03-11', 'US', 12737, 450),
('2019-03-11', 'US', 12564, 451),
('2019-03-11', 'US', 12564, 452),
('2019-03-11', 'US', 3638, 453),
('2019-03-11', 'US', 12587, 454),
('2019-03-11', 'US', 5022, 455),
('2019-03-11', 'US', 5038, 456),
('2019-03-12', 'AR', 4895, 457),
('2019-03-12', 'AR', 4983, 458),
('2019-03-12', 'AT', 4921, 459),
('2019-03-12', 'AT', 4894, 460),
('2019-03-12', 'DE', 4894, 461),
('2019-03-12', 'DE', 6840, 462),
('2019-03-12', 'DE', 1000, 463),
('2019-03-12', 'DE', 12023, 464),
('2019-03-12', 'DE', 11528, 465),
('2019-03-12', 'DE', 7218, 466),
('2019-03-12', 'DE', 15114, 467),
('2019-03-12', 'DE', 15154, 468),
('2019-03-12', 'ES', 12019, 469),
('2019-03-12', 'ES', 877, 470),
('2019-03-12', 'ES', 7393, 471),
('2019-03-12', 'FI', 11006, 472),
('2019-03-12', 'FI', 11006, 473),
('2019-03-12', 'FR', 11656, 474),
('2019-03-12', 'FR', 11646, 475),
('2019-03-12', 'GB', 4962, 476),
('2019-03-12', 'HK', 11381, 477),
('2019-03-12', 'HU', 11350, 478),
('2019-03-12', 'IE', 11870, 479),
('2019-03-12', 'IN', 12009, 480),
('2019-03-12', 'IN', 11098, 481),
('2019-03-12', 'IR', 7322, 482),
('2019-03-12', 'IT', 7322, 483),
('2019-03-12', 'IT', 7219, 484),
('2019-03-12', 'NG', 15189, 485),
('2019-03-12', 'NL', 7496, 486),
('2019-03-12', 'NL', 11803, 487),
('2019-03-12', 'PL', 8564, 488),
('2019-03-12', 'PL', 15166, 489),
('2019-03-12', 'RO', 11632, 490),
('2019-03-12', 'RU', 11632, 491),
('2019-03-12', 'SE', 11634, 492),
('2019-03-12', 'TR', 11633, 493),
('2019-03-12', 'US', 4214, 494),
('2019-03-12', 'US', 15158, 495),
('2019-03-12', 'US', 4203, 496),
('2019-03-12', 'US', 11240, 497),
('2019-03-12', 'US', 11161, 498),
('2019-03-12', 'US', 988, 499),
('2019-03-12', 'US', 805, 500),
('2019-03-12', 'US', 12753, 501),
('2019-03-12', 'US', 4446, 502),
('2019-03-12', 'US', 5022, 503),
('2019-03-12', 'US', 5022, 504),
('2019-03-12', 'US', 5069, 505),
('2019-03-12', 'ZA', 4890, 506),
('2019-03-13', 'AR', 4890, 507),
('2019-03-13', 'AR', 5008, 508),
('2019-03-13', 'AR', 4894, 509),
('2019-03-13', 'AU', 9444, 510),
('2019-03-13', 'AU', 9443, 511),
('2019-03-13', 'CH', 1447, 512),
('2019-03-13', 'CH', 5233, 513),
('2019-03-13', 'CL', 687, 514),
('2019-03-13', 'CZ', 8630, 515),
('2019-03-13', 'DE', 7302, 516),
('2019-03-13', 'DE', 7302, 517),
('2019-03-13', 'DE', 11278, 518),
('2019-03-13', 'DE', 11659, 519),
('2019-03-13', 'DE', 11934, 520),
('2019-03-13', 'DE', 7498, 521),
('2019-03-13', 'DE', 8644, 522),
('2019-03-13', 'FI', 11296, 523),
('2019-03-13', 'FR', 11656, 524),
('2019-03-13', 'FR', 11656, 525),
('2019-03-13', 'FR', 11656, 526),
('2019-03-13', 'IR', 11543, 527),
('2019-03-13', 'IT', 11514, 528),
('2019-03-13', 'IT', 11412, 529),
('2019-03-13', 'NZ', 12021, 530),
('2019-03-13', 'PL', 11270, 531),
('2019-03-13', 'RO', 11209, 532),
('2019-03-13', 'RU', 11101, 533),
('2019-03-13', 'SK', 7372, 534),
('2019-03-13', 'TH', 11743, 535),
('2019-03-13', 'US', 11587, 536),
('2019-03-13', 'US', 8525, 537),
('2019-03-13', 'US', 11013, 538),
('2019-03-13', 'US', 8601, 539),
('2019-03-13', 'US', 15152, 540),
('2019-03-13', 'US', 14891, 541),
('2019-03-13', 'US', 8585, 542),
('2019-03-13', 'US', 11508, 543),
('2019-03-13', 'US', 11632, 544),
('2019-03-13', 'US', 4214, 545),
('2019-03-13', 'US', 4203, 546),
('2019-03-13', 'US', 11020, 547),
('2019-03-13', 'US', 12748, 548),
('2019-03-13', 'US', 6447, 549),
('2019-03-13', 'US', 12753, 550),
('2019-03-13', 'US', 4888, 551),
('2019-03-13', 'US', 4883, 552),
('2019-03-13', 'UZ', 5088, 553),
('2019-03-13', 'VN', 9451, 554),
('2019-03-13', 'ZA', 1018, 555),
('2019-03-14', 'BA', 10030, 556),
('2019-03-14', 'BD', 12786, 557),
('2019-03-14', 'BD', 6667, 558),
('2019-03-14', 'CA', 12010, 559),
('2019-03-14', 'CH', 11224, 560),
('2019-03-14', 'CH', 56, 561),
('2019-03-14', 'CN', 11942, 562),
('2019-03-14', 'DE', 11325, 563),
('2019-03-14', 'DE', 11528, 564),
('2019-03-14', 'DE', 7218, 565),
('2019-03-14', 'DE', 12015, 566),
('2019-03-14', 'ES', 12019, 567),
('2019-03-14', 'ES', 10943, 568),
('2019-03-14', 'FR', 10941, 569),
('2019-03-14', 'HU', 10941, 570),
('2019-03-14', 'IE', 11731, 571),
('2019-03-14', 'IN', 11006, 572),
('2019-03-14', 'IN', 11935, 573),
('2019-03-14', 'IT', 12034, 574),
('2019-03-14', 'IT', 8644, 575),
('2019-03-14', 'MA', 11296, 576),
('2019-03-14', 'MA', 11656, 577),
('2019-03-14', 'MA', 11656, 578),
('2019-03-14', 'NL', 11645, 579),
('2019-03-14', 'NO', 4972, 580),
('2019-03-14', 'PL', 11239, 581),
('2019-03-14', 'PL', 11908, 582),
('2019-03-14', 'RO', 11431, 583),
('2019-03-14', 'SE', 15142, 584),
('2019-03-14', 'TR', 7372, 585),
('2019-03-14', 'US', 4208, 586),
('2019-03-14', 'US', 11598, 587),
('2019-03-14', 'US', 8525, 588),
('2019-03-14', 'US', 11211, 589),
('2019-03-14', 'US', 8615, 590),
('2019-03-14', 'US', 15136, 591),
('2019-03-14', 'US', 11505, 592),
('2019-03-14', 'US', 11217, 593),
('2019-03-14', 'US', 9613, 594),
('2019-03-14', 'US', 12646, 595),
('2019-03-14', 'US', 12788, 596),
('2019-03-14', 'US', 4446, 597),
('2019-03-14', 'US', 5022, 598),
('2019-03-14', 'US', 4970, 599),
('2019-03-14', 'US', 4936, 600),
('2019-03-14', 'US', 5008, 601),
('2019-03-14', 'US', 4992, 602),
('2019-03-14', 'US', 4921, 603),
('2019-03-14', 'ZA', 9255, 604),
('2019-03-15', 'AM', 9255, 605),
('2019-03-15', 'AR', 9451, 606),
('2019-03-15', 'AR', 9444, 607),
('2019-03-15', 'AR', 8131, 608),
('2019-03-15', 'AT', 12023, 609),
('2019-03-15', 'AU', 11110, 610),
('2019-03-15', 'CA', 7302, 611),
('2019-03-15', 'CH', 11461, 612),
('2019-03-15', 'CH', 12015, 613),
('2019-03-15', 'CZ', 12019, 614),
('2019-03-15', 'CZ', 11006, 615),
('2019-03-15', 'CZ', 12057, 616),
('2019-03-15', 'DE', 11935, 617),
('2019-03-15', 'DE', 11935, 618),
('2019-03-15', 'ES', 7498, 619),
('2019-03-15', 'FR', 11548, 620),
('2019-03-15', 'GR', 11656, 621),
('2019-03-15', 'HU', 11645, 622),
('2019-03-15', 'IE', 11645, 623),
('2019-03-15', 'IN', 11964, 624),
('2019-03-15', 'IN', 4962, 625),
('2019-03-15', 'IT', 4962, 626),
('2019-03-15', 'IT', 11091, 627),
('2019-03-15', 'IT', 11350, 628),
('2019-03-15', 'IT', 11208, 629),
('2019-03-15', 'LA', 11672, 630),
('2019-03-15', 'LU', 7280, 631),
('2019-03-15', 'MD', 8646, 632),
('2019-03-15', 'MX', 7330, 633),
('2019-03-15', 'NZ', 11590, 634),
('2019-03-15', 'PH', 11590, 635),
('2019-03-15', 'PH', 11211, 636),
('2019-03-15', 'PL', 11211, 637),
('2019-03-15', 'PL', 7347, 638),
('2019-03-15', 'RE', 8614, 639),
('2019-03-15', 'SA', 15136, 640),
('2019-03-15', 'TH', 15136, 641),
('2019-03-15', 'TR', 7395, 642),
('2019-03-15', 'UA', 9361, 643),
('2019-03-15', 'US', 11632, 644),
('2019-03-15', 'US', 4214, 645),
('2019-03-15', 'US', 4214, 646),
('2019-03-15', 'US', 11042, 647),
('2019-03-15', 'US', 15513, 648),
('2019-03-15', 'US', 13209, 649),
('2019-03-15', 'US', 807, 650),
('2019-03-15', 'US', 12603, 651),
('2019-03-15', 'US', 9606, 652),
('2019-03-15', 'US', 5040, 653),
('2019-03-15', 'US', 4888, 654),
('2019-03-15', 'US', 5068, 655),
('2019-03-15', 'US', 4883, 656),
('2019-03-15', 'US', 4992, 657),
('2019-03-15', 'US', 5078, 658),
('2019-03-15', 'US', 5096, 659),
('2019-03-15', 'US', 4960, 660),
('2019-03-15', 'US', 9232, 661),
('2019-03-16', 'AT', 9260, 662),
('2019-03-16', 'AU', 12303, 663),
('2019-03-16', 'AU', 14916, 664),
('2019-03-16', 'AU', 3209, 665),
('2019-03-16', 'BE', 15699, 666),
('2019-03-16', 'BR', 11998, 667),
('2019-03-16', 'BY', 11109, 668),
('2019-03-16', 'CH', 8649, 669),
('2019-03-16', 'CH', 7272, 670),
('2019-03-16', 'CY', 11158, 671),
('2019-03-16', 'CZ', 8623, 672),
('2019-03-16', 'DE', 4186, 673),
('2019-03-16', 'DE', 7218, 674),
('2019-03-16', 'DE', 4187, 675),
('2019-03-16', 'DE', 11935, 676),
('2019-03-16', 'DE', 11288, 677),
('2019-03-16', 'DE', 11604, 678),
('2019-03-16', 'DE', 11656, 679),
('2019-03-16', 'DE', 11656, 680),
('2019-03-16', 'DE', 11656, 681),
('2019-03-16', 'DE', 11964, 682),
('2019-03-16', 'DE', 11546, 683),
('2019-03-16', 'DE', 4729, 684),
('2019-03-16', 'FR', 4962, 685),
('2019-03-16', 'FR', 11930, 686),
('2019-03-16', 'FR', 11343, 687),
('2019-03-16', 'FR', 10968, 688),
('2019-03-16', 'FR', 11846, 689),
('2019-03-16', 'GB', 11310, 690),
('2019-03-16', 'HU', 11870, 691),
('2019-03-16', 'IE', 11206, 692),
('2019-03-16', 'IN', 7433, 693),
('2019-03-16', 'IR', 11672, 694),
('2019-03-16', 'IT', 7280, 695),
('2019-03-16', 'IT', 15189, 696),
('2019-03-16', 'LB', 15189, 697),
('2019-03-16', 'NL', 7442, 698),
('2019-03-16', 'NL', 11184, 699),
('2019-03-16', 'NL', 11508, 700),
('2019-03-16', 'PH', 11632, 701),
('2019-03-16', 'PH', 11634, 702),
('2019-03-16', 'PL', 15188, 703),
('2019-03-16', 'PL', 15188, 704),
('2019-03-16', 'RO', 15195, 705),
('2019-03-16', 'RO', 1782, 706),
('2019-03-16', 'RU', 14501, 707),
('2019-03-16', 'SI', 13208, 708),
('2019-03-16', 'UA', 821, 709),
('2019-03-16', 'UA', 811, 710),
('2019-03-16', 'US', 1352, 711),
('2019-03-16', 'US', 12740, 712),
('2019-03-16', 'US', 5038, 713),
('2019-03-16', 'US', 5068, 714),
('2019-03-16', 'US', 4890, 715),
('2019-03-16', 'US', 5008, 716),
('2019-03-16', 'US', 4992, 717),
('2019-03-16', 'US', 4921, 718),
('2019-03-16', 'US', 4921, 719),
('2019-03-16', 'US', 7709, 720),
('2019-03-16', 'US', 7709, 721),
('2019-03-17', 'AR', 9265, 722),
('2019-03-17', 'AR', 9438, 723),
('2019-03-17', 'AT', 9438, 724),
('2019-03-17', 'BR', 9451, 725),
('2019-03-17', 'CA', 10673, 726),
('2019-03-17', 'CZ', 13440, 727),
('2019-03-17', 'DE', 13440, 728),
('2019-03-17', 'DE', 11401, 729),
('2019-03-17', 'DE', 11503, 730),
('2019-03-17', 'DE', 124, 731),
('2019-03-17', 'DE', 8649, 732),
('2019-03-17', 'DE', 4182, 733),
('2019-03-17', 'FR', 4186, 734),
('2019-03-17', 'GB', 12019, 735),
('2019-03-17', 'GB', 12019, 736),
('2019-03-17', 'GB', 12019, 737),
('2019-03-17', 'HR', 10943, 738),
('2019-03-17', 'HU', 10943, 739),
('2019-03-17', 'IL', 10941, 740),
('2019-03-17', 'IN', 10941, 741),
('2019-03-17', 'IN', 7279, 742),
('2019-03-17', 'IR', 11194, 743),
('2019-03-17', 'IR', 10918, 744),
('2019-03-17', 'IT', 11006, 745),
('2019-03-17', 'JP', 11296, 746),
('2019-03-17', 'MA', 4739, 747),
('2019-03-17', 'MX', 11092, 748),
('2019-03-17', 'NL', 11032, 749),
('2019-03-17', 'PH', 11091, 750),
('2019-03-17', 'PL', 11908, 751),
('2019-03-17', 'PL', 11350, 752),
('2019-03-17', 'PL', 11350, 753),
('2019-03-17', 'PL', 11846, 754),
('2019-03-17', 'PT', 11263, 755),
('2019-03-17', 'RO', 11277, 756),
('2019-03-17', 'RO', 11855, 757),
('2019-03-17', 'RO', 7443, 758),
('2019-03-17', 'RU', 11774, 759),
('2019-03-17', 'RU', 11211, 760),
('2019-03-17', 'TR', 8574, 761),
('2019-03-17', 'TR', 11634, 762),
('2019-03-17', 'UA', 11633, 763),
('2019-03-17', 'US', 68, 764),
('2019-03-17', 'US', 4203, 765),
('2019-03-17', 'US', 6874, 766),
('2019-03-17', 'US', 14468, 767),
('2019-03-17', 'US', 821, 768),
('2019-03-17', 'US', 805, 769),
('2019-03-17', 'US', 13413, 770),
('2019-03-17', 'US', 9259, 771),
('2019-03-17', 'US', 12796, 772),
('2019-03-17', 'US', 13734, 773),
('2019-03-17', 'US', 5071, 774),
('2019-03-17', 'US', 5059, 775),
('2019-03-17', 'US', 5132, 776),
('2019-03-17', 'US', 5132, 777),
('2019-03-17', 'US', 4970, 778),
('2019-03-17', 'US', 5008, 779),
('2019-03-17', 'US', 4979, 780),
('2019-03-17', 'US', 5062, 781),
('2019-03-17', 'US', 5032, 782),
('2019-03-18', 'AT', 9442, 783),
('2019-03-18', 'AT', 9438, 784),
('2019-03-18', 'AT', 9451, 785),
('2019-03-18', 'AU', 11405, 786),
('2019-03-18', 'BE', 11940, 787),
('2019-03-18', 'BR', 4182, 788),
('2019-03-18', 'CH', 15451, 789),
('2019-03-18', 'CL', 7302, 790),
('2019-03-18', 'CZ', 7191, 791),
('2019-03-18', 'DE', 7191, 792),
('2019-03-18', 'DE', 7343, 793),
('2019-03-18', 'DE', 15114, 794),
('2019-03-18', 'EC', 15114, 795),
('2019-03-18', 'EG', 12019, 796),
('2019-03-18', 'ES', 10943, 797),
('2019-03-18', 'ES', 7199, 798),
('2019-03-18', 'ES', 8667, 799),
('2019-03-18', 'ES', 8667, 800),
('2019-03-18', 'FR', 11332, 801),
('2019-03-18', 'FR', 11605, 802),
('2019-03-18', 'FR', 11302, 803),
('2019-03-18', 'GB', 11656, 804),
('2019-03-18', 'GB', 4764, 805),
('2019-03-18', 'GB', 4950, 806),
('2019-03-18', 'IL', 11518, 807),
('2019-03-18', 'IN', 11911, 808),
('2019-03-18', 'IN', 11431, 809),
('2019-03-18', 'IN', 11206, 810),
('2019-03-18', 'IN', 15140, 811),
('2019-03-18', 'IN', 11061, 812),
('2019-03-18', 'IN', 11617, 813),
('2019-03-18', 'IR', 8646, 814),
('2019-03-18', 'IT', 15189, 815),
('2019-03-18', 'IT', 15189, 816),
('2019-03-18', 'IT', 7496, 817),
('2019-03-18', 'KZ', 11593, 818),
('2019-03-18', 'MX', 7335, 819),
('2019-03-18', 'NL', 15115, 820),
('2019-03-18', 'PH', 4184, 821),
('2019-03-18', 'PH', 15208, 822),
('2019-03-18', 'PK', 8585, 823),
('2019-03-18', 'PK', 15166, 824),
('2019-03-18', 'PL', 11702, 825),
('2019-03-18', 'RS', 8621, 826),
('2019-03-18', 'RS', 11505, 827),
('2019-03-18', 'SK', 8662, 828),
('2019-03-18', 'US', 4203, 829),
('2019-03-18', 'US', 15188, 830),
('2019-03-18', 'US', 894, 831),
('2019-03-18', 'US', 34, 832),
('2019-03-18', 'US', 12796, 833),
('2019-03-18', 'US', 12753, 834),
('2019-03-18', 'US', 12768, 835),
('2019-03-18', 'US', 4883, 836),
('2019-03-18', 'US', 5008, 837),
('2019-03-18', 'US', 4894, 838),
('2019-03-18', 'US', 4960, 839),
('2019-03-18', 'US', 7237, 840),
('2019-03-18', 'US', 15193, 841),
('2019-03-18', 'US', 11526, 842),
('2019-03-18', 'US', 11528, 843),
('2019-03-18', 'US', 7302, 844),
('2019-03-18', 'US', 7302, 845),
('2019-03-18', 'US', 7191, 846),
('2019-03-18', 'UZ', 10943, 847),
('2019-03-19', 'CA', 10941, 848),
('2019-03-19', 'CA', 10941, 849),
('2019-03-19', 'CL', 7195, 850),
('2019-03-19', 'CL', 877, 851),
('2019-03-19', 'CZ', 11011, 852),
('2019-03-19', 'DE', 11006, 853),
('2019-03-19', 'DE', 11006, 854),
('2019-03-19', 'DE', 11006, 855),
('2019-03-19', 'DO', 11005, 856),
('2019-03-19', 'ES', 11935, 857),
('2019-03-19', 'ES', 11935, 858),
('2019-03-19', 'GB', 11988, 859),
('2019-03-19', 'GB', 11988, 860),
('2019-03-19', 'HU', 11648, 861),
('2019-03-19', 'ID', 11645, 862),
('2019-03-19', 'IN', 11956, 863),
('2019-03-19', 'IN', 5982, 864),
('2019-03-19', 'IN', 11384, 865),
('2019-03-19', 'IN', 12054, 866),
('2019-03-19', 'IN', 11137, 867),
('2019-03-19', 'IT', 10968, 868),
('2019-03-19', 'IT', 8529, 869),
('2019-03-19', 'KZ', 15611, 870),
('2019-03-19', 'MA', 7353, 871),
('2019-03-19', 'MM', 8619, 872),
('2019-03-19', 'PL', 7394, 873),
('2019-03-19', 'PL', 11505, 874),
('2019-03-19', 'SK', 11508, 875),
('2019-03-19', 'TH', 4214, 876),
('2019-03-19', 'US', 4214, 877),
('2019-03-19', 'US', 15181, 878),
('2019-03-19', 'US', 11124, 879),
('2019-03-19', 'US', 4203, 880),
('2019-03-19', 'US', 4203, 881),
('2019-03-19', 'US', 11026, 882),
('2019-03-19', 'US', 866, 883),
('2019-03-19', 'US', 2564, 884),
('2019-03-19', 'US', 1606, 885),
('2019-03-19', 'US', 4997, 886),
('2019-03-19', 'US', 4997, 887),
('2019-03-19', 'US', 4888, 888),
('2019-03-19', 'US', 5112, 889),
('2019-03-19', 'US', 5008, 890),
('2019-03-19', 'US', 4881, 891),
('2019-03-19', 'US', 4894, 892),
('2019-03-19', 'US', 10080, 893),
('2019-03-19', 'US', 9247, 894),
('2019-03-19', 'US', 9438, 895),
('2019-03-19', 'US', 9438, 896),
('2019-03-19', 'US', 14012, 897),
('2019-03-19', 'US', 14012, 898),
('2019-03-19', 'US', 13438, 899),
('2019-03-19', 'US', 7058, 900),
('2019-03-20', 'AE', 10992, 901),
('2019-03-20', 'AR', 11970, 902),
('2019-03-20', 'AT', 11970, 903),
('2019-03-20', 'AT', 11109, 904),
('2019-03-20', 'CA', 11109, 905),
('2019-03-20', 'CH', 11405, 906),
('2019-03-20', 'CZ', 8630, 907),
('2019-03-20', 'DE', 15451, 908),
('2019-03-20', 'EC', 11528, 909),
('2019-03-20', 'ES', 7302, 910),
('2019-03-20', 'ES', 12019, 911),
('2019-03-20', 'FR', 10941, 912),
('2019-03-20', 'FR', 10941, 913),
('2019-03-20', 'FR', 4199, 914),
('2019-03-20', 'GB', 877, 915),
('2019-03-20', 'GB', 11006, 916),
('2019-03-20', 'GR', 11648, 917),
('2019-03-20', 'GR', 11645, 918),
('2019-03-20', 'IN', 7750, 919),
('2019-03-20', 'IN', 11513, 920),
('2019-03-20', 'IN', 11382, 921),
('2019-03-20', 'IN', 11382, 922),
('2019-03-20', 'IN', 11908, 923),
('2019-03-20', 'IN', 11383, 924),
('2019-03-20', 'IT', 11137, 925),
('2019-03-20', 'IT', 11343, 926),
('2019-03-20', 'IT', 10970, 927),
('2019-03-20', 'IT', 10968, 928),
('2019-03-20', 'NL', 8529, 929),
('2019-03-20', 'PK', 15171, 930),
('2019-03-20', 'PL', 15611, 931),
('2019-03-20', 'PL', 11098, 932),
('2019-03-20', 'PL', 7353, 933),
('2019-03-20', 'PL', 7372, 934),
('2019-03-20', 'RO', 15160, 935),
('2019-03-20', 'RO', 8523, 936),
('2019-03-20', 'RU', 11588, 937),
('2019-03-20', 'RU', 15169, 938),
('2019-03-20', 'SK', 15201, 939),
('2019-03-20', 'SK', 8615, 940),
('2019-03-20', 'UA', 4184, 941),
('2019-03-20', 'US', 11634, 942),
('2019-03-20', 'US', 11634, 943),
('2019-03-20', 'US', 11634, 944),
('2019-03-20', 'US', 4214, 945),
('2019-03-20', 'US', 15418, 946),
('2019-03-20', 'US', 4203, 947),
('2019-03-20', 'US', 15188, 948),
('2019-03-20', 'US', 11030, 949),
('2019-03-20', 'US', 14558, 950),
('2019-03-20', 'US', 1016, 951),
('2019-03-20', 'US', 837, 952),
('2019-03-20', 'US', 12618, 953),
('2019-03-20', 'US', 12718, 954),
('2019-03-20', 'US', 5022, 955),
('2019-03-20', 'US', 4997, 956),
('2019-03-20', 'US', 5069, 957),
('2019-03-20', 'US', 4888, 958),
('2019-03-20', 'US', 4999, 959),
('2019-03-20', 'US', 13389, 960),
('2019-03-20', 'US', 9441, 961),
('2019-03-20', 'US', 9451, 962),
('2019-03-20', 'US', 2417, 963),
('2019-03-20', 'US', 1570, 964),
('2019-03-20', 'US', 11109, 965),
('2019-03-20', 'US', 12010, 966),
('2019-03-20', 'US', 11157, 967),
('2019-03-20', 'US', 11942, 968),
('2019-03-20', 'US', 15199, 969),
('2019-03-20', 'US', 11316, 970),
('2019-03-20', 'US', 11526, 971),
('2019-03-20', 'VN', 11528, 972),
('2019-03-21', 'BD', 7302, 973),
('2019-03-21', 'BR', 12018, 974),
('2019-03-21', 'BS', 10943, 975),
('2019-03-21', 'CH', 10941, 976),
('2019-03-21', 'CL', 11731, 977),
('2019-03-21', 'CO', 11934, 978),
('2019-03-21', 'CZ', 10953, 979),
('2019-03-21', 'DE', 11296, 980),
('2019-03-21', 'DE', 11656, 981),
('2019-03-21', 'DE', 11544, 982),
('2019-03-21', 'DE', 4851, 983),
('2019-03-21', 'DE', 4844, 984),
('2019-03-21', 'DZ', 5985, 985),
('2019-03-21', 'ES', 11085, 986),
('2019-03-21', 'FR', 11383, 987),
('2019-03-21', 'HU', 11635, 988),
('2019-03-21', 'HU', 11208, 989),
('2019-03-21', 'IE', 11438, 990),
('2019-03-21', 'IL', 11209, 991),
('2019-03-21', 'IN', 11431, 992),
('2019-03-21', 'IN', 11855, 993),
('2019-03-21', 'IN', 11855, 994),
('2019-03-21', 'IN', 11206, 995),
('2019-03-21', 'IN', 11193, 996),
('2019-03-21', 'IN', 11108, 997),
('2019-03-21', 'IN', 8529, 998),
('2019-03-21', 'IN', 7377, 999),
('2019-03-21', 'IQ', 11672, 1000),
('2019-03-21', 'IQ', 15171, 1001),
('2019-03-21', 'IR', 7353, 1002),
('2019-03-21', 'IR', 7372, 1003),
('2019-03-21', 'IR', 7372, 1004),
('2019-03-21', 'IT', 15189, 1005),
('2019-03-21', 'IT', 11929, 1006),
('2019-03-21', 'IT', 11013, 1007),
('2019-03-21', 'KG', 11803, 1008),
('2019-03-21', 'KR', 8619, 1009),
('2019-03-21', 'KZ', 15152, 1010),
('2019-03-21', 'NL', 7212, 1011),
('2019-03-21', 'NL', 11508, 1012),
('2019-03-21', 'NO', 11634, 1013),
('2019-03-21', 'NO', 11634, 1014),
('2019-03-21', 'NZ', 11633, 1015),
('2019-03-21', 'PH', 4214, 1016),
('2019-03-21', 'PT', 15181, 1017),
('2019-03-21', 'RU', 15513, 1018),
('2019-03-21', 'SE', 15158, 1019),
('2019-03-21', 'SV', 15158, 1020),
('2019-03-21', 'TR', 7304, 1021),
('2019-03-21', 'TR', 4203, 1022),
('2019-03-21', 'US', 11161, 1023),
('2019-03-21', 'US', 14428, 1024),
('2019-03-21', 'US', 6787, 1025),
('2019-03-21', 'US', 1358, 1026),
('2019-03-21', 'US', 1888, 1027),
('2019-03-21', 'US', 8139, 1028),
('2019-03-21', 'US', 9642, 1029),
('2019-03-21', 'US', 9642, 1030),
('2019-03-21', 'US', 3008, 1031),
('2019-03-21', 'US', 3008, 1032),
('2019-03-21', 'US', 5093, 1033),
('2019-03-21', 'US', 5022, 1034),
('2019-03-21', 'US', 4997, 1035),
('2019-03-21', 'US', 5126, 1036),
('2019-03-21', 'US', 4888, 1037),
('2019-03-21', 'US', 4890, 1038),
('2019-03-21', 'US', 4989, 1039),
('2019-03-21', 'US', 5058, 1040),
('2019-03-21', 'US', 4883, 1041),
('2019-03-21', 'US', 4936, 1042),
('2019-03-21', 'US', 5091, 1043),
('2019-03-21', 'US', 5087, 1044),
('2019-03-21', 'US', 5062, 1045),
('2019-03-21', 'US', 5062, 1046),
('2019-03-21', 'US', 5062, 1047),
('2019-03-21', 'US', 4894, 1048),
('2019-03-21', 'VN', 9351, 1049),
('2019-03-21', 'VN', 9451, 1050),
('2019-03-21', 'ZA', 9451, 1051),
('2019-03-22', 'AM', 9444, 1052),
('2019-03-22', 'AR', 9565, 1053),
('2019-03-22', 'AT', 11109, 1054),
('2019-03-22', 'AU', 11405, 1055),
('2019-03-22', 'BD', 11435, 1056),
('2019-03-22', 'BD', 15536, 1057),
('2019-03-22', 'BO', 8581, 1058),
('2019-03-22', 'BR', 1779, 1059),
('2019-03-22', 'CH', 15604, 1060),
('2019-03-22', 'CL', 11940, 1061),
('2019-03-22', 'CL', 15193, 1062),
('2019-03-22', 'CZ', 10790, 1063),
('2019-03-22', 'CZ', 11528, 1064),
('2019-03-22', 'DE', 7302, 1065),
('2019-03-22', 'DE', 7262, 1066),
('2019-03-22', 'DE', 15114, 1067),
('2019-03-22', 'DE', 12019, 1068),
('2019-03-22', 'DE', 12019, 1069),
('2019-03-22', 'DE', 12019, 1070),
('2019-03-22', 'DE', 12019, 1071),
('2019-03-22', 'DE', 10943, 1072),
('2019-03-22', 'ES', 10943, 1073),
('2019-03-22', 'ES', 10943, 1074),
('2019-03-22', 'ES', 10943, 1075),
('2019-03-22', 'ES', 7199, 1076),
('2019-03-22', 'FR', 877, 1077),
('2019-03-22', 'FR', 11332, 1078),
('2019-03-22', 'FR', 10922, 1079),
('2019-03-22', 'GB', 11945, 1080),
('2019-03-22', 'GR', 11935, 1081),
('2019-03-22', 'HR', 12036, 1082),
('2019-03-22', 'HR', 8644, 1083),
('2019-03-22', 'IE', 8595, 1084),
('2019-03-22', 'IN', 8595, 1085),
('2019-03-22', 'IN', 11302, 1086),
('2019-03-22', 'IN', 11642, 1087),
('2019-03-22', 'IN', 11646, 1088),
('2019-03-22', 'IN', 4862, 1089),
('2019-03-22', 'IQ', 4944, 1090),
('2019-03-22', 'IR', 6715, 1091),
('2019-03-22', 'IT', 11911, 1092),
('2019-03-22', 'KG', 11484, 1093),
('2019-03-22', 'KZ', 11270, 1094),
('2019-03-22', 'LT', 11438, 1095),
('2019-03-22', 'NL', 11205, 1096),
('2019-03-22', 'NL', 15140, 1097),
('2019-03-22', 'PH', 8639, 1098),
('2019-03-22', 'PL', 11672, 1099),
('2019-03-22', 'PL', 7353, 1100),
('2019-03-22', 'RU', 7280, 1101),
('2019-03-22', 'RU', 7333, 1102),
('2019-03-22', 'RU', 7219, 1103),
('2019-03-22', 'RU', 7219, 1104),
('2019-03-22', 'SD', 15189, 1105),
('2019-03-22', 'SE', 7437, 1106),
('2019-03-22', 'SI', 11770, 1107),
('2019-03-22', 'TW', 11013, 1108),
('2019-03-22', 'UA', 11211, 1109),
('2019-03-22', 'UA', 7212, 1110),
('2019-03-22', 'US', 11505, 1111),
('2019-03-22', 'US', 11512, 1112),
('2019-03-22', 'US', 11634, 1113),
('2019-03-22', 'US', 15158, 1114),
('2019-03-22', 'US', 15188, 1115),
('2019-03-22', 'US', 15188, 1116),
('2019-03-22', 'US', 11178, 1117),
('2019-03-22', 'US', 11169, 1118),
('2019-03-22', 'US', 14464, 1119),
('2019-03-22', 'US', 9809, 1120),
('2019-03-22', 'US', 6821, 1121),
('2019-03-22', 'US', 9240, 1122),
('2019-03-22', 'US', 9606, 1123),
('2019-03-22', 'US', 9517, 1124),
('2019-03-22', 'US', 9258, 1125),
('2019-03-22', 'US', 5093, 1126),
('2019-03-22', 'US', 5071, 1127),
('2019-03-22', 'US', 4997, 1128),
('2019-03-22', 'US', 4997, 1129),
('2019-03-22', 'US', 4888, 1130),
('2019-03-22', 'US', 4941, 1131),
('2019-03-22', 'US', 4883, 1132),
('2019-03-22', 'US', 5062, 1133),
('2019-03-22', 'US', 5012, 1134),
('2019-03-22', 'US', 8254, 1135),
('2019-03-22', 'US', 8852, 1136),
('2019-03-22', 'US', 12131, 1137),
('2019-03-22', 'US', 9224, 1138),
('2019-03-22', 'US', 10366, 1139),
('2019-03-22', 'US', 14884, 1140),
('2019-03-22', 'US', 11109, 1141),
('2019-03-22', 'US', 8581, 1142),
('2019-03-22', 'US', 8653, 1143),
('2019-03-22', 'US', 8630, 1144),
('2019-03-22', 'UY', 15182, 1145),
('2019-03-23', 'AR', 11183, 1146),
('2019-03-23', 'BA', 11182, 1147),
('2019-03-23', 'BD', 11942, 1148),
('2019-03-23', 'BD', 11200, 1149),
('2019-03-23', 'BD', 10790, 1150),
('2019-03-23', 'BO', 10790, 1151),
('2019-03-23', 'BR', 11526, 1152),
('2019-03-23', 'BR', 11528, 1153),
('2019-03-23', 'CH', 11528, 1154),
('2019-03-23', 'CH', 15114, 1155),
('2019-03-23', 'CH', 15114, 1156),
('2019-03-23', 'CO', 8610, 1157),
('2019-03-23', 'CZ', 12015, 1158),
('2019-03-23', 'CZ', 10943, 1159),
('2019-03-23', 'CZ', 11006, 1160),
('2019-03-23', 'DE', 11945, 1161),
('2019-03-23', 'DE', 11934, 1162),
('2019-03-23', 'DE', 11153, 1163),
('2019-03-23', 'DE', 12029, 1164),
('2019-03-23', 'DE', 11433, 1165),
('2019-03-23', 'DE', 11604, 1166),
('2019-03-23', 'EC', 10987, 1167),
('2019-03-23', 'EG', 11296, 1168),
('2019-03-23', 'ES', 11296, 1169),
('2019-03-23', 'ES', 11655, 1170),
('2019-03-23', 'GB', 4835, 1171),
('2019-03-23', 'GB', 4947, 1172),
('2019-03-23', 'GB', 4903, 1173),
('2019-03-23', 'GR', 13150, 1174),
('2019-03-23', 'GR', 10959, 1175),
('2019-03-23', 'HU', 10959, 1176),
('2019-03-23', 'IL', 10959, 1177),
('2019-03-23', 'IN', 11513, 1178),
('2019-03-23', 'IN', 12054, 1179),
('2019-03-23', 'IN', 11635, 1180),
('2019-03-23', 'IN', 11484, 1181),
('2019-03-23', 'IN', 11210, 1182),
('2019-03-23', 'IN', 11277, 1183),
('2019-03-23', 'IR', 11431, 1184),
('2019-03-23', 'IT', 7492, 1185),
('2019-03-23', 'JM', 7377, 1186),
('2019-03-23', 'MY', 15142, 1187),
('2019-03-23', 'NL', 11672, 1188),
('2019-03-23', 'NL', 11443, 1189),
('2019-03-23', 'NO', 7280, 1190),
('2019-03-23', 'NZ', 7219, 1191),
('2019-03-23', 'NZ', 8627, 1192),
('2019-03-23', 'PH', 15129, 1193),
('2019-03-23', 'PH', 11211, 1194),
('2019-03-23', 'PL', 15169, 1195),
('2019-03-23', 'PL', 8601, 1196),
('2019-03-23', 'PL', 8602, 1197),
('2019-03-23', 'PL', 8619, 1198),
('2019-03-23', 'PT', 8574, 1199),
('2019-03-23', 'RE', 15164, 1200),
('2019-03-23', 'RS', 8621, 1201),
('2019-03-23', 'RS', 11505, 1202),
('2019-03-23', 'SE', 11508, 1203),
('2019-03-23', 'SG', 11634, 1204),
('2019-03-23', 'TH', 11634, 1205),
('2019-03-23', 'TH', 15181, 1206),
('2019-03-23', 'TH', 15124, 1207),
('2019-03-23', 'TR', 15158, 1208),
('2019-03-23', 'UA', 11897, 1209),
('2019-03-23', 'UA', 15574, 1210),
('2019-03-23', 'UA', 11171, 1211),
('2019-03-23', 'UA', 14416, 1212),
('2019-03-23', 'US', 13267, 1213),
('2019-03-23', 'US', 801, 1214),
('2019-03-23', 'US', 9642, 1215),
('2019-03-23', 'US', 12717, 1216),
('2019-03-23', 'US', 5040, 1217),
('2019-03-23', 'US', 5040, 1218),
('2019-03-23', 'US', 5022, 1219),
('2019-03-23', 'US', 5022, 1220),
('2019-03-23', 'US', 5119, 1221),
('2019-03-23', 'US', 5126, 1222),
('2019-03-23', 'US', 4890, 1223),
('2019-03-23', 'US', 4883, 1224),
('2019-03-23', 'US', 5008, 1225),
('2019-03-23', 'US', 4992, 1226),
('2019-03-23', 'US', 5062, 1227),
('2019-03-23', 'US', 5012, 1228),
('2019-03-23', 'US', 5134, 1229),
('2019-03-23', 'US', 5131, 1230),
('2019-03-23', 'US', 4921, 1231),
('2019-03-23', 'US', 8001, 1232),
('2019-03-23', 'US', 9441, 1233),
('2019-03-23', 'US', 9442, 1234),
('2019-03-23', 'US', 9438, 1235),
('2019-03-23', 'US', 9451, 1236),
('2019-03-23', 'US', 9451, 1237),
('2019-03-23', 'US', 13407, 1238),
('2019-03-23', 'US', 10709, 1239),
('2019-03-23', 'VN', 7086, 1240),
('2019-03-23', 'VN', 13303, 1241),
('2019-03-23', 'VN', 14884, 1242),
('2019-03-23', 'ZA', 9098, 1243),
('2019-03-24', 'AE', 8653, 1244),
('2019-03-24', 'AT', 5043, 1245),
('2019-03-24', 'AT', 1307, 1246),
('2019-03-24', 'BD', 15182, 1247),
('2019-03-24', 'BE', 11158, 1248),
('2019-03-24', 'BO', 11158, 1249),
('2019-03-24', 'BR', 8623, 1250),
('2019-03-24', 'CL', 8547, 1251),
('2019-03-24', 'CO', 4196, 1252),
('2019-03-24', 'CO', 11528, 1253),
('2019-03-24', 'CR', 11528, 1254),
('2019-03-24', 'CZ', 11528, 1255),
('2019-03-24', 'DE', 11529, 1256),
('2019-03-24', 'DE', 7302, 1257),
('2019-03-24', 'DE', 15154, 1258),
('2019-03-24', 'DE', 4187, 1259),
('2019-03-24', 'DE', 10941, 1260),
('2019-03-24', 'DE', 10941, 1261),
('2019-03-24', 'EG', 11011, 1262),
('2019-03-24', 'EG', 11006, 1263),
('2019-03-24', 'ES', 11658, 1264),
('2019-03-24', 'ES', 8595, 1265),
('2019-03-24', 'GB', 11642, 1266),
('2019-03-24', 'GB', 4847, 1267),
('2019-03-24', 'GB', 4944, 1268),
('2019-03-24', 'GR', 7753, 1269),
('2019-03-24', 'GR', 11198, 1270),
('2019-03-24', 'GR', 11032, 1271),
('2019-03-24', 'HU', 12021, 1272),
('2019-03-24', 'IL', 11350, 1273),
('2019-03-24', 'IL', 11911, 1274),
('2019-03-24', 'IN', 10966, 1275),
('2019-03-24', 'IN', 10968, 1276),
('2019-03-24', 'IN', 10968, 1277),
('2019-03-24', 'IR', 11276, 1278),
('2019-03-24', 'IT', 11431, 1279),
('2019-03-24', 'IT', 11855, 1280),
('2019-03-24', 'IT', 11206, 1281),
('2019-03-24', 'MA', 11672, 1282),
('2019-03-24', 'MA', 7353, 1283),
('2019-03-24', 'MX', 7451, 1284),
('2019-03-24', 'MY', 11780, 1285),
('2019-03-24', 'NI', 7271, 1286),
('2019-03-24', 'NL', 15127, 1287),
('2019-03-24', 'NL', 15782, 1288),
('2019-03-24', 'NL', 8558, 1289),
('2019-03-24', 'NL', 8601, 1290),
('2019-03-24', 'NL', 8619, 1291),
('2019-03-24', 'PH', 8619, 1292),
('2019-03-24', 'PH', 7212, 1293),
('2019-03-24', 'PH', 7212, 1294),
('2019-03-24', 'PL', 15130, 1295),
('2019-03-24', 'PL', 11184, 1296),
('2019-03-24', 'PL', 11505, 1297),
('2019-03-24', 'PT', 11508, 1298),
('2019-03-24', 'PY', 11634, 1299),
('2019-03-24', 'RO', 11634, 1300),
('2019-03-24', 'RO', 7453, 1301),
('2019-03-24', 'RO', 15513, 1302),
('2019-03-24', 'RS', 15188, 1303),
('2019-03-24', 'RU', 11917, 1304),
('2019-03-24', 'RU', 11166, 1305),
('2019-03-24', 'RU', 14460, 1306),
('2019-03-24', 'SE', 14427, 1307),
('2019-03-24', 'TW', 14416, 1308),
('2019-03-24', 'UA', 5408, 1309),
('2019-03-24', 'UA', 1399, 1310),
('2019-03-24', 'UA', 12555, 1311),
('2019-03-24', 'UA', 12800, 1312),
('2019-03-24', 'US', 6475, 1313),
('2019-03-24', 'US', 12525, 1314),
('2019-03-24', 'US', 12718, 1315),
('2019-03-24', 'US', 5022, 1316),
('2019-03-24', 'US', 4888, 1317),
('2019-03-24', 'US', 5068, 1318),
('2019-03-24', 'US', 5068, 1319),
('2019-03-24', 'US', 4970, 1320),
('2019-03-24', 'US', 4970, 1321),
('2019-03-24', 'US', 5008, 1322),
('2019-03-24', 'US', 5078, 1323),
('2019-03-24', 'US', 5087, 1324),
('2019-03-24', 'US', 5062, 1325),
('2019-03-24', 'US', 5012, 1326),
('2019-03-24', 'US', 5131, 1327),
('2019-03-24', 'US', 4960, 1328),
('2019-03-24', 'US', 6342, 1329),
('2019-03-24', 'US', 9442, 1330),
('2019-03-24', 'US', 8092, 1331),
('2019-03-24', 'US', 8104, 1332),
('2019-03-24', 'US', 13178, 1333),
('2019-03-24', 'US', 2043, 1334),
('2019-03-24', 'US', 14876, 1335),
('2019-03-24', 'US', 10994, 1336),
('2019-03-24', 'US', 11110, 1337),
('2019-03-24', 'US', 11503, 1338),
('2019-03-24', 'US', 12010, 1339),
('2019-03-24', 'US', 11224, 1340),
('2019-03-24', 'YE', 11224, 1341),
('2019-03-25', 'AR', 129, 1342),
('2019-03-25', 'AR', 1307, 1343),
('2019-03-25', 'AR', 1307, 1344),
('2019-03-25', 'AU', 11940, 1345),
('2019-03-25', 'AU', 4182, 1346),
('2019-03-25', 'BD', 4186, 1347),
('2019-03-25', 'BG', 7302, 1348),
('2019-03-25', 'BR', 7218, 1349),
('2019-03-25', 'BY', 15114, 1350),
('2019-03-25', 'CA', 15114, 1351),
('2019-03-25', 'DE', 11468, 1352),
('2019-03-25', 'DE', 12015, 1353),
('2019-03-25', 'DE', 10943, 1354),
('2019-03-25', 'DE', 10943, 1355),
('2019-03-25', 'DE', 10943, 1356),
('2019-03-25', 'DE', 8553, 1357),
('2019-03-25', 'DK', 11935, 1358),
('2019-03-25', 'DK', 7234, 1359),
('2019-03-25', 'DK', 11296, 1360),
('2019-03-25', 'EE', 11305, 1361),
('2019-03-25', 'ES', 11655, 1362),
('2019-03-25', 'ES', 11645, 1363),
('2019-03-25', 'ES', 11033, 1364),
('2019-03-25', 'ES', 11033, 1365),
('2019-03-25', 'FR', 11105, 1366),
('2019-03-25', 'GB', 11484, 1367),
('2019-03-25', 'GB', 11270, 1368),
('2019-03-25', 'GB', 11208, 1369),
('2019-03-25', 'HN', 11206, 1370),
('2019-03-25', 'HU', 11792, 1371),
('2019-03-25', 'IL', 8629, 1372),
('2019-03-25', 'IN', 7495, 1373),
('2019-03-25', 'IN', 7413, 1374),
('2019-03-25', 'IN', 4686, 1375),
('2019-03-25', 'IN', 4208, 1376),
('2019-03-25', 'IN', 4208, 1377),
('2019-03-25', 'IN', 7219, 1378),
('2019-03-25', 'IN', 15780, 1379),
('2019-03-25', 'IR', 11211, 1380),
('2019-03-25', 'IR', 8608, 1381),
('2019-03-25', 'IR', 8620, 1382),
('2019-03-25', 'IT', 8620, 1383),
('2019-03-25', 'MM', 11939, 1384),
('2019-03-25', 'MM', 8575, 1385),
('2019-03-25', 'NL', 8575, 1386),
('2019-03-25', 'NZ', 15201, 1387),
('2019-03-25', 'PL', 4184, 1388),
('2019-03-25', 'PL', 7395, 1389),
('2019-03-25', 'PL', 7395, 1390),
('2019-03-25', 'PL', 11505, 1391),
('2019-03-25', 'PT', 11505, 1392),
('2019-03-25', 'RO', 11505, 1393),
('2019-03-25', 'RS', 11505, 1394),
('2019-03-25', 'RU', 11508, 1395),
('2019-03-25', 'RU', 11632, 1396),
('2019-03-25', 'SE', 11634, 1397),
('2019-03-25', 'SE', 11634, 1398),
('2019-03-25', 'TH', 4214, 1399),
('2019-03-25', 'TH', 4203, 1400),
('2019-03-25', 'TH', 14567, 1401),
('2019-03-25', 'TN', 2509, 1402),
('2019-03-25', 'TR', 12626, 1403),
('2019-03-25', 'UA', 2821, 1404),
('2019-03-25', 'US', 13734, 1405),
('2019-03-25', 'US', 5022, 1406),
('2019-03-25', 'US', 5059, 1407),
('2019-03-25', 'US', 5059, 1408),
('2019-03-25', 'US', 4888, 1409),
('2019-03-25', 'US', 5112, 1410),
('2019-03-25', 'US', 4941, 1411),
('2019-03-25', 'US', 5008, 1412),
('2019-03-25', 'US', 5136, 1413),
('2019-03-25', 'US', 5078, 1414),
('2019-03-25', 'US', 5012, 1415),
('2019-03-25', 'US', 2255, 1416),
('2019-03-25', 'US', 9441, 1417),
('2019-03-25', 'US', 9438, 1418),
('2019-03-25', 'US', 9451, 1419),
('2019-03-25', 'US', 9444, 1420),
('2019-03-25', 'US', 9444, 1421),
('2019-03-25', 'US', 7006, 1422),
('2019-03-25', 'US', 9232, 1423),
('2019-03-25', 'US', 8092, 1424),
('2019-03-25', 'US', 9532, 1425),
('2019-03-25', 'US', 6860, 1426),
('2019-03-25', 'US', 13572, 1427),
('2019-03-25', 'US', 13651, 1428),
('2019-03-25', 'US', 5892, 1429),
('2019-03-25', 'US', 6688, 1430),
('2019-03-25', 'US', 8581, 1431),
('2019-03-25', 'US', 8653, 1432),
('2019-03-25', 'US', 11940, 1433),
('2019-03-25', 'US', 4182, 1434),
('2019-03-25', 'US', 10790, 1435),
('2019-03-25', 'US', 11526, 1436),
('2019-03-25', 'US', 11528, 1437),
('2019-03-25', 'US', 7302, 1438),
('2019-03-25', 'US', 7302, 1439),
('2019-03-26', 'AE', 7191, 1440),
('2019-03-26', 'AE', 15114, 1441),
('2019-03-26', 'AU', 11459, 1442),
('2019-03-26', 'AZ', 12015, 1443),
('2019-03-26', 'BE', 12019, 1444),
('2019-03-26', 'BG', 10941, 1445),
('2019-03-26', 'BO', 7431, 1446),
('2019-03-26', 'BR', 11011, 1447),
('2019-03-26', 'BY', 11006, 1448),
('2019-03-26', 'CH', 8592, 1449),
('2019-03-26', 'CH', 11945, 1450),
('2019-03-26', 'CL', 11934, 1451),
('2019-03-26', 'CL', 11433, 1452),
('2019-03-26', 'CO', 7234, 1453),
('2019-03-26', 'CZ', 11656, 1454),
('2019-03-26', 'CZ', 11513, 1455),
('2019-03-26', 'CZ', 11484, 1456),
('2019-03-26', 'DE', 11270, 1457),
('2019-03-26', 'DE', 11270, 1458),
('2019-03-26', 'DE', 10968, 1459),
('2019-03-26', 'DE', 11208, 1460),
('2019-03-26', 'DE', 11214, 1461),
('2019-03-26', 'DE', 11870, 1462),
('2019-03-26', 'DE', 11108, 1463),
('2019-03-26', 'DE', 11108, 1464),
('2019-03-26', 'DE', 15577, 1465),
('2019-03-26', 'DE', 7492, 1466),
('2019-03-26', 'DK', 7377, 1467),
('2019-03-26', 'DZ', 11443, 1468),
('2019-03-26', 'ES', 7280, 1469),
('2019-03-26', 'ES', 11780, 1470),
('2019-03-26', 'FR', 8646, 1471),
('2019-03-26', 'GB', 8456, 1472),
('2019-03-26', 'GB', 7291, 1473),
('2019-03-26', 'GB', 15780, 1474),
('2019-03-26', 'GB', 8523, 1475),
('2019-03-26', 'GB', 11211, 1476),
('2019-03-26', 'GT', 8608, 1477),
('2019-03-26', 'GT', 8601, 1478),
('2019-03-26', 'IN', 15164, 1479),
('2019-03-26', 'IN', 4184, 1480),
('2019-03-26', 'IN', 11505, 1481),
('2019-03-26', 'IN', 11505, 1482),
('2019-03-26', 'IN', 11508, 1483),
('2019-03-26', 'IR', 11632, 1484),
('2019-03-26', 'IT', 11632, 1485),
('2019-03-26', 'IT', 11632, 1486),
('2019-03-26', 'IT', 11627, 1487),
('2019-03-26', 'IT', 11634, 1488),
('2019-03-26', 'MK', 15681, 1489),
('2019-03-26', 'MM', 11825, 1490),
('2019-03-26', 'MT', 15158, 1491),
('2019-03-26', 'NL', 13995, 1492),
('2019-03-26', 'NL', 11025, 1493),
('2019-03-26', 'PH', 14501, 1494),
('2019-03-26', 'PK', 14464, 1495),
('2019-03-26', 'PK', 13209, 1496),
('2019-03-26', 'RO', 6893, 1497),
('2019-03-26', 'RO', 6821, 1498),
('2019-03-26', 'RO', 13949, 1499),
('2019-03-26', 'RU', 12556, 1500),
('2019-03-26', 'TH', 3617, 1501),
('2019-03-26', 'UA', 4997, 1502),
('2019-03-26', 'UA', 4883, 1503),
('2019-03-26', 'UA', 5008, 1504),
('2019-03-26', 'UA', 4909, 1505),
('2019-03-26', 'US', 4909, 1506),
('2019-03-26', 'US', 5061, 1507),
('2019-03-26', 'US', 4881, 1508),
('2019-03-26', 'US', 5062, 1509),
('2019-03-26', 'US', 9434, 1510),
('2019-03-26', 'US', 7103, 1511),
('2019-03-26', 'US', 9640, 1512),
('2019-03-26', 'US', 10736, 1513),
('2019-03-26', 'US', 6853, 1514),
('2019-03-26', 'US', 14976, 1515),
('2019-03-26', 'US', 14631, 1516),
('2019-03-26', 'US', 11405, 1517),
('2019-03-26', 'US', 12080, 1518),
('2019-03-26', 'US', 12080, 1519),
('2019-03-26', 'US', 11503, 1520),
('2019-03-26', 'US', 8665, 1521),
('2019-03-26', 'US', 11182, 1522),
('2019-03-26', 'US', 11942, 1523),
('2019-03-26', 'US', 11940, 1524),
('2019-03-26', 'US', 15553, 1525),
('2019-03-26', 'US', 15451, 1526),
('2019-03-26', 'US', 11528, 1527),
('2019-03-26', 'US', 11528, 1528),
('2019-03-26', 'US', 7302, 1529),
('2019-03-26', 'US', 7262, 1530),
('2019-03-26', 'US', 7262, 1531),
('2019-03-26', 'US', 15114, 1532),
('2019-03-26', 'US', 12019, 1533),
('2019-03-26', 'US', 10943, 1534),
('2019-03-26', 'UY', 8655, 1535),
('2019-03-26', 'UY', 11731, 1536),
('2019-03-26', 'UY', 11731, 1537),
('2019-03-26', 'VN', 10926, 1538),
('2019-03-26', 'VN', 11935, 1539),
('2019-03-27', 'BE', 11152, 1540),
('2019-03-27', 'BG', 11152, 1541),
('2019-03-27', 'BR', 11433, 1542),
('2019-03-27', 'BR', 7498, 1543),
('2019-03-27', 'BR', 11296, 1544),
('2019-03-27', 'BY', 11296, 1545),
('2019-03-27', 'CN', 11296, 1546),
('2019-03-27', 'CO', 11296, 1547),
('2019-03-27', 'CR', 11296, 1548),
('2019-03-27', 'CZ', 11656, 1549),
('2019-03-27', 'CZ', 11656, 1550),
('2019-03-27', 'CZ', 15192, 1551),
('2019-03-27', 'DE', 11514, 1552),
('2019-03-27', 'DE', 11635, 1553),
('2019-03-27', 'DE', 11208, 1554),
('2019-03-27', 'DE', 11213, 1555),
('2019-03-27', 'DE', 11206, 1556),
('2019-03-27', 'ES', 7377, 1557),
('2019-03-27', 'ES', 11674, 1558),
('2019-03-27', 'FR', 11674, 1559),
('2019-03-27', 'GB', 7372, 1560),
('2019-03-27', 'GB', 7372, 1561),
('2019-03-27', 'GB', 15189, 1562),
('2019-03-27', 'GR', 11211, 1563),
('2019-03-27', 'GR', 11211, 1564),
('2019-03-27', 'HU', 11803, 1565),
('2019-03-27', 'IL', 8633, 1566),
('2019-03-27', 'IN', 14990, 1567),
('2019-03-27', 'IN', 15164, 1568);
INSERT INTO `instalacje` (`data_i`, `kod_k`, `kod_u`, `kod_i`) VALUES
('2019-03-27', 'IN', 15166, 1569),
('2019-03-27', 'IN', 4667, 1570),
('2019-03-27', 'IN', 11510, 1571),
('2019-03-27', 'IN', 14901, 1572),
('2019-03-27', 'IQ', 15158, 1573),
('2019-03-27', 'IR', 15188, 1574),
('2019-03-27', 'IT', 11217, 1575),
('2019-03-27', 'IT', 15410, 1576),
('2019-03-27', 'IT', 15410, 1577),
('2019-03-27', 'IT', 11166, 1578),
('2019-03-27', 'IT', 14434, 1579),
('2019-03-27', 'IT', 14464, 1580),
('2019-03-27', 'JO', 881, 1581),
('2019-03-27', 'NL', 979, 1582),
('2019-03-27', 'NL', 13971, 1583),
('2019-03-27', 'PE', 9240, 1584),
('2019-03-27', 'PH', 12603, 1585),
('2019-03-27', 'PH', 9508, 1586),
('2019-03-27', 'PK', 9642, 1587),
('2019-03-27', 'PL', 9496, 1588),
('2019-03-27', 'PL', 9252, 1589),
('2019-03-27', 'PT', 9252, 1590),
('2019-03-27', 'QA', 12743, 1591),
('2019-03-27', 'RO', 12743, 1592),
('2019-03-27', 'RU', 5071, 1593),
('2019-03-27', 'RU', 5059, 1594),
('2019-03-27', 'SA', 5059, 1595),
('2019-03-27', 'SE', 4898, 1596),
('2019-03-27', 'SE', 4997, 1597),
('2019-03-27', 'SE', 5120, 1598),
('2019-03-27', 'SE', 4888, 1599),
('2019-03-27', 'TH', 4890, 1600),
('2019-03-27', 'TW', 4989, 1601),
('2019-03-27', 'UA', 4983, 1602),
('2019-03-27', 'US', 5136, 1603),
('2019-03-27', 'US', 5136, 1604),
('2019-03-27', 'US', 5136, 1605),
('2019-03-27', 'US', 4979, 1606),
('2019-03-27', 'US', 5099, 1607),
('2019-03-27', 'US', 5134, 1608),
('2019-03-27', 'US', 4921, 1609),
('2019-03-27', 'US', 9441, 1610),
('2019-03-27', 'US', 9442, 1611),
('2019-03-27', 'US', 9451, 1612),
('2019-03-27', 'US', 9444, 1613),
('2019-03-27', 'US', 9444, 1614),
('2019-03-27', 'US', 9444, 1615),
('2019-03-27', 'US', 13390, 1616),
('2019-03-27', 'US', 12410, 1617),
('2019-03-27', 'US', 10673, 1618),
('2019-03-27', 'US', 10724, 1619),
('2019-03-27', 'US', 6853, 1620),
('2019-03-27', 'US', 13364, 1621),
('2019-03-27', 'US', 6827, 1622),
('2019-03-27', 'US', 11109, 1623),
('2019-03-27', 'US', 11503, 1624),
('2019-03-27', 'US', 8628, 1625),
('2019-03-27', 'US', 11182, 1626),
('2019-03-28', 'AR', 11940, 1627),
('2019-03-28', 'AR', 10659, 1628),
('2019-03-28', 'AR', 7240, 1629),
('2019-03-28', 'AR', 7348, 1630),
('2019-03-28', 'AR', 10790, 1631),
('2019-03-28', 'AR', 4196, 1632),
('2019-03-28', 'AT', 11526, 1633),
('2019-03-28', 'BE', 11526, 1634),
('2019-03-28', 'BR', 11528, 1635),
('2019-03-28', 'BY', 7218, 1636),
('2019-03-28', 'BY', 7218, 1637),
('2019-03-28', 'CH', 15114, 1638),
('2019-03-28', 'CH', 10943, 1639),
('2019-03-28', 'CN', 10943, 1640),
('2019-03-28', 'DE', 10941, 1641),
('2019-03-28', 'DE', 10941, 1642),
('2019-03-28', 'DE', 10942, 1643),
('2019-03-28', 'DE', 11278, 1644),
('2019-03-28', 'DE', 8655, 1645),
('2019-03-28', 'DE', 3942, 1646),
('2019-03-28', 'DE', 11934, 1647),
('2019-03-28', 'DE', 11433, 1648),
('2019-03-28', 'DE', 11645, 1649),
('2019-03-28', 'DE', 11546, 1650),
('2019-03-28', 'DE', 5051, 1651),
('2019-03-28', 'DE', 11515, 1652),
('2019-03-28', 'DE', 11105, 1653),
('2019-03-28', 'DK', 11383, 1654),
('2019-03-28', 'ES', 12021, 1655),
('2019-03-28', 'FI', 11911, 1656),
('2019-03-28', 'GB', 11270, 1657),
('2019-03-28', 'GB', 11846, 1658),
('2019-03-28', 'GB', 11846, 1659),
('2019-03-28', 'GB', 11210, 1660),
('2019-03-28', 'GB', 11436, 1661),
('2019-03-28', 'GR', 11438, 1662),
('2019-03-28', 'HK', 11855, 1663),
('2019-03-28', 'HU', 7377, 1664),
('2019-03-28', 'HU', 11443, 1665),
('2019-03-28', 'HU', 7353, 1666),
('2019-03-28', 'HU', 7353, 1667),
('2019-03-28', 'IE', 7495, 1668),
('2019-03-28', 'IL', 7495, 1669),
('2019-03-28', 'IN', 7293, 1670),
('2019-03-28', 'IN', 15189, 1671),
('2019-03-28', 'IN', 15189, 1672),
('2019-03-28', 'IN', 7443, 1673),
('2019-03-28', 'IR', 7443, 1674),
('2019-03-28', 'IR', 8561, 1675),
('2019-03-28', 'IR', 15190, 1676),
('2019-03-28', 'IR', 15129, 1677),
('2019-03-28', 'IR', 11586, 1678),
('2019-03-28', 'IR', 11013, 1679),
('2019-03-28', 'IT', 15153, 1680),
('2019-03-28', 'IT', 15166, 1681),
('2019-03-28', 'IT', 15211, 1682),
('2019-03-28', 'IT', 11505, 1683),
('2019-03-28', 'KZ', 11632, 1684),
('2019-03-28', 'MK', 11632, 1685),
('2019-03-28', 'NL', 11632, 1686),
('2019-03-28', 'NL', 15123, 1687),
('2019-03-28', 'NO', 15188, 1688),
('2019-03-28', 'NZ', 11161, 1689),
('2019-03-28', 'PE', 11161, 1690),
('2019-03-28', 'PH', 6939, 1691),
('2019-03-28', 'PH', 804, 1692),
('2019-03-28', 'PH', 2509, 1693),
('2019-03-28', 'PL', 9642, 1694),
('2019-03-28', 'PL', 9642, 1695),
('2019-03-28', 'PL', 9682, 1696),
('2019-03-28', 'PL', 9237, 1697),
('2019-03-28', 'RU', 6489, 1698),
('2019-03-28', 'SE', 9249, 1699),
('2019-03-28', 'SY', 9553, 1700),
('2019-03-28', 'TH', 12788, 1701),
('2019-03-28', 'TH', 5022, 1702),
('2019-03-28', 'TH', 5022, 1703),
('2019-03-28', 'TR', 5022, 1704),
('2019-03-28', 'TW', 5022, 1705),
('2019-03-28', 'TW', 5022, 1706),
('2019-03-28', 'UA', 5071, 1707),
('2019-03-28', 'UA', 5119, 1708),
('2019-03-28', 'UA', 4890, 1709),
('2019-03-28', 'UA', 4890, 1710),
('2019-03-28', 'UA', 5132, 1711),
('2019-03-28', 'UA', 4983, 1712),
('2019-03-28', 'US', 5136, 1713),
('2019-03-28', 'US', 5078, 1714),
('2019-03-28', 'US', 5134, 1715),
('2019-03-28', 'US', 4917, 1716),
('2019-03-28', 'US', 13255, 1717),
('2019-03-28', 'US', 15088, 1718),
('2019-03-28', 'US', 9434, 1719),
('2019-03-28', 'US', 9438, 1720),
('2019-03-28', 'US', 9451, 1721),
('2019-03-28', 'US', 8377, 1722),
('2019-03-28', 'US', 12787, 1723),
('2019-03-28', 'US', 13303, 1724),
('2019-03-28', 'US', 14884, 1725),
('2019-03-28', 'US', 6683, 1726),
('2019-03-28', 'US', 11998, 1727),
('2019-03-28', 'US', 11998, 1728),
('2019-03-28', 'US', 11109, 1729),
('2019-03-28', 'US', 11405, 1730),
('2019-03-28', 'US', 11435, 1731),
('2019-03-28', 'US', 11435, 1732),
('2019-03-28', 'US', 8581, 1733),
('2019-03-28', 'US', 8630, 1734),
('2019-03-28', 'US', 4182, 1735),
('2019-03-28', 'US', 4182, 1736),
('2019-03-28', 'US', 15193, 1737),
('2019-03-28', 'US', 2489, 1738),
('2019-03-28', 'US', 7302, 1739),
('2019-03-28', 'US', 7302, 1740),
('2019-03-28', 'VN', 7218, 1741),
('2019-03-28', 'ZA', 7218, 1742),
('2019-03-28', 'ZW', 11464, 1743),
('2019-03-29', 'AR', 12015, 1744),
('2019-03-29', 'AR', 12015, 1745),
('2019-03-29', 'AT', 9963, 1746),
('2019-03-29', 'AT', 11731, 1747),
('2019-03-29', 'AT', 11332, 1748),
('2019-03-29', 'AT', 11332, 1749),
('2019-03-29', 'BD', 11006, 1750),
('2019-03-29', 'BR', 11499, 1751),
('2019-03-29', 'BR', 11659, 1752),
('2019-03-29', 'CH', 11945, 1753),
('2019-03-29', 'CL', 11945, 1754),
('2019-03-29', 'CL', 11934, 1755),
('2019-03-29', 'CL', 11934, 1756),
('2019-03-29', 'CO', 11935, 1757),
('2019-03-29', 'DE', 11548, 1758),
('2019-03-29', 'DE', 11296, 1759),
('2019-03-29', 'DE', 5118, 1760),
('2019-03-29', 'DK', 5938, 1761),
('2019-03-29', 'EE', 11085, 1762),
('2019-03-29', 'ES', 11383, 1763),
('2019-03-29', 'ES', 12054, 1764),
('2019-03-29', 'FI', 11484, 1765),
('2019-03-29', 'FI', 11484, 1766),
('2019-03-29', 'FR', 11270, 1767),
('2019-03-29', 'FR', 11846, 1768),
('2019-03-29', 'FR', 11846, 1769),
('2019-03-29', 'GB', 11846, 1770),
('2019-03-29', 'GR', 11380, 1771),
('2019-03-29', 'GR', 11431, 1772),
('2019-03-29', 'HK', 11206, 1773),
('2019-03-29', 'HU', 11792, 1774),
('2019-03-29', 'IL', 8529, 1775),
('2019-03-29', 'IN', 7492, 1776),
('2019-03-29', 'IN', 15142, 1777),
('2019-03-29', 'IN', 8639, 1778),
('2019-03-29', 'IN', 11672, 1779),
('2019-03-29', 'IN', 7353, 1780),
('2019-03-29', 'IN', 7372, 1781),
('2019-03-29', 'IN', 7413, 1782),
('2019-03-29', 'IN', 6843, 1783),
('2019-03-29', 'IN', 4208, 1784),
('2019-03-29', 'IN', 3455, 1785),
('2019-03-29', 'IQ', 11536, 1786),
('2019-03-29', 'IR', 15780, 1787),
('2019-03-29', 'IR', 11594, 1788),
('2019-03-29', 'IT', 11211, 1789),
('2019-03-29', 'IT', 7347, 1790),
('2019-03-29', 'IT', 8602, 1791),
('2019-03-29', 'IT', 15153, 1792),
('2019-03-29', 'IT', 8575, 1793),
('2019-03-29', 'KH', 15164, 1794),
('2019-03-29', 'KR', 15136, 1795),
('2019-03-29', 'KZ', 9364, 1796),
('2019-03-29', 'LT', 9364, 1797),
('2019-03-29', 'MA', 4184, 1798),
('2019-03-29', 'MV', 15209, 1799),
('2019-03-29', 'NL', 11702, 1800),
('2019-03-29', 'NL', 11702, 1801),
('2019-03-29', 'NO', 4667, 1802),
('2019-03-29', 'PH', 11505, 1803),
('2019-03-29', 'PL', 11508, 1804),
('2019-03-29', 'PL', 11632, 1805),
('2019-03-29', 'PL', 11632, 1806),
('2019-03-29', 'RO', 11634, 1807),
('2019-03-29', 'RS', 15748, 1808),
('2019-03-29', 'RU', 4214, 1809),
('2019-03-29', 'RU', 14985, 1810),
('2019-03-29', 'SD', 8662, 1811),
('2019-03-29', 'SD', 15158, 1812),
('2019-03-29', 'SE', 15188, 1813),
('2019-03-29', 'SK', 15188, 1814),
('2019-03-29', 'TH', 15195, 1815),
('2019-03-29', 'TH', 11161, 1816),
('2019-03-29', 'TH', 14428, 1817),
('2019-03-29', 'TH', 14530, 1818),
('2019-03-29', 'TH', 14423, 1819),
('2019-03-29', 'TR', 14483, 1820),
('2019-03-29', 'TR', 9529, 1821),
('2019-03-29', 'TR', 10386, 1822),
('2019-03-29', 'UA', 9492, 1823),
('2019-03-29', 'UA', 9492, 1824),
('2019-03-29', 'UA', 9682, 1825),
('2019-03-29', 'US', 12610, 1826),
('2019-03-29', 'US', 5093, 1827),
('2019-03-29', 'US', 5022, 1828),
('2019-03-29', 'US', 5022, 1829),
('2019-03-29', 'US', 5069, 1830),
('2019-03-29', 'US', 5068, 1831),
('2019-03-29', 'US', 5112, 1832),
('2019-03-29', 'US', 5020, 1833),
('2019-03-29', 'US', 5058, 1834),
('2019-03-29', 'US', 4983, 1835),
('2019-03-29', 'US', 5061, 1836),
('2019-03-29', 'US', 5136, 1837),
('2019-03-29', 'US', 5078, 1838),
('2019-03-29', 'US', 5062, 1839),
('2019-03-29', 'US', 5062, 1840),
('2019-03-29', 'US', 4885, 1841),
('2019-03-29', 'US', 5134, 1842),
('2019-03-29', 'US', 5134, 1843),
('2019-03-29', 'US', 4894, 1844),
('2019-03-29', 'US', 4942, 1845),
('2019-03-29', 'US', 5546, 1846),
('2019-03-29', 'US', 1763, 1847),
('2019-03-29', 'US', 8019, 1848),
('2019-03-29', 'US', 9438, 1849),
('2019-03-29', 'US', 9451, 1850),
('2019-03-29', 'US', 9444, 1851),
('2019-03-29', 'US', 9444, 1852),
('2019-03-29', 'US', 8193, 1853),
('2019-03-29', 'US', 9720, 1854),
('2019-03-29', 'US', 6854, 1855),
('2019-03-29', 'US', 7058, 1856),
('2019-03-29', 'US', 7058, 1857),
('2019-03-29', 'US', 13998, 1858),
('2019-03-29', 'US', 13965, 1859),
('2019-03-29', 'US', 14876, 1860),
('2019-03-29', 'US', 7023, 1861),
('2019-03-29', 'US', 11970, 1862),
('2019-03-29', 'UZ', 11109, 1863),
('2019-03-29', 'UZ', 11109, 1864),
('2019-03-29', 'VN', 12081, 1865),
('2019-03-29', 'ZA', 12010, 1866),
('2019-03-29', 'ZA', 11224, 1867),
('2019-03-30', 'AL', 8581, 1868),
('2019-03-30', 'AM', 15182, 1869),
('2019-03-30', 'AT', 15182, 1870),
('2019-03-30', 'AT', 15182, 1871),
('2019-03-30', 'AT', 15182, 1872),
('2019-03-30', 'AU', 4186, 1873),
('2019-03-30', 'BA', 11528, 1874),
('2019-03-30', 'BD', 11528, 1875),
('2019-03-30', 'BE', 7302, 1876),
('2019-03-30', 'BE', 7262, 1877),
('2019-03-30', 'BO', 7218, 1878),
('2019-03-30', 'BR', 11468, 1879),
('2019-03-30', 'BR', 11458, 1880),
('2019-03-30', 'BR', 11458, 1881),
('2019-03-30', 'CH', 15154, 1882),
('2019-03-30', 'CH', 12015, 1883),
('2019-03-30', 'CO', 12019, 1884),
('2019-03-30', 'CZ', 12017, 1885),
('2019-03-30', 'CZ', 10943, 1886),
('2019-03-30', 'DE', 10943, 1887),
('2019-03-30', 'DE', 9955, 1888),
('2019-03-30', 'EG', 11731, 1889),
('2019-03-30', 'ES', 11853, 1890),
('2019-03-30', 'ES', 11332, 1891),
('2019-03-30', 'ES', 10920, 1892),
('2019-03-30', 'ES', 11006, 1893),
('2019-03-30', 'ES', 11005, 1894),
('2019-03-30', 'FI', 11661, 1895),
('2019-03-30', 'FI', 11080, 1896),
('2019-03-30', 'FI', 11934, 1897),
('2019-03-30', 'GB', 11935, 1898),
('2019-03-30', 'GB', 11935, 1899),
('2019-03-30', 'GB', 11153, 1900),
('2019-03-30', 'GB', 8644, 1901),
('2019-03-30', 'GB', 11656, 1902),
('2019-03-30', 'GB', 11648, 1903),
('2019-03-30', 'GR', 11645, 1904),
('2019-03-30', 'GR', 11544, 1905),
('2019-03-30', 'GR', 4962, 1906),
('2019-03-30', 'HK', 5026, 1907),
('2019-03-30', 'HN', 5051, 1908),
('2019-03-30', 'HU', 11092, 1909),
('2019-03-30', 'IE', 11032, 1910),
('2019-03-30', 'IE', 11094, 1911),
('2019-03-30', 'IE', 11105, 1912),
('2019-03-30', 'IE', 12003, 1913),
('2019-03-30', 'IL', 11911, 1914),
('2019-03-30', 'IL', 11635, 1915),
('2019-03-30', 'IN', 11484, 1916),
('2019-03-30', 'IN', 11484, 1917),
('2019-03-30', 'IN', 11484, 1918),
('2019-03-30', 'IN', 11270, 1919),
('2019-03-30', 'IN', 11270, 1920),
('2019-03-30', 'IQ', 10968, 1921),
('2019-03-30', 'IR', 11263, 1922),
('2019-03-30', 'IR', 11277, 1923),
('2019-03-30', 'IT', 11855, 1924),
('2019-03-30', 'IT', 11206, 1925),
('2019-03-30', 'JO', 8529, 1926),
('2019-03-30', 'KE', 15140, 1927),
('2019-03-30', 'KG', 7492, 1928),
('2019-03-30', 'KZ', 7280, 1929),
('2019-03-30', 'KZ', 7495, 1930),
('2019-03-30', 'LA', 4208, 1931),
('2019-03-30', 'LT', 7219, 1932),
('2019-03-30', 'MA', 7292, 1933),
('2019-03-30', 'MN', 15189, 1934),
('2019-03-30', 'MN', 7330, 1935),
('2019-03-30', 'MX', 11013, 1936),
('2019-03-30', 'MX', 11013, 1937),
('2019-03-30', 'NL', 11013, 1938),
('2019-03-30', 'NO', 11211, 1939),
('2019-03-30', 'PE', 8601, 1940),
('2019-03-30', 'PH', 8602, 1941),
('2019-03-30', 'PH', 7212, 1942),
('2019-03-30', 'PH', 15201, 1943),
('2019-03-30', 'PH', 11505, 1944),
('2019-03-30', 'PL', 11508, 1945),
('2019-03-30', 'PL', 11508, 1946),
('2019-03-30', 'PT', 11634, 1947),
('2019-03-30', 'PT', 11634, 1948),
('2019-03-30', 'PT', 4214, 1949),
('2019-03-30', 'RO', 15181, 1950),
('2019-03-30', 'RO', 15181, 1951),
('2019-03-30', 'RS', 15181, 1952),
('2019-03-30', 'RU', 15158, 1953),
('2019-03-30', 'RU', 7362, 1954),
('2019-03-30', 'RU', 4203, 1955),
('2019-03-30', 'RU', 15188, 1956),
('2019-03-30', 'SE', 11917, 1957),
('2019-03-30', 'SI', 145, 1958),
('2019-03-30', 'SI', 804, 1959),
('2019-03-30', 'TH', 12632, 1960),
('2019-03-30', 'TH', 12632, 1961),
('2019-03-30', 'TH', 5126, 1962),
('2019-03-30', 'TH', 4989, 1963),
('2019-03-30', 'TH', 4881, 1964),
('2019-03-30', 'TH', 5134, 1965),
('2019-03-30', 'TR', 5131, 1966),
('2019-03-30', 'TR', 5116, 1967),
('2019-03-30', 'TR', 527, 1968),
('2019-03-30', 'TW', 7711, 1969),
('2019-03-30', 'UA', 9434, 1970),
('2019-03-30', 'UA', 9451, 1971),
('2019-03-30', 'UA', 891, 1972),
('2019-03-30', 'UA', 9545, 1973),
('2019-03-30', 'UA', 11386, 1974),
('2019-03-30', 'US', 11974, 1975),
('2019-03-30', 'US', 12010, 1976),
('2019-03-30', 'US', 15536, 1977),
('2019-03-30', 'US', 8581, 1978),
('2019-03-30', 'US', 1307, 1979),
('2019-03-30', 'US', 11528, 1980),
('2019-03-30', 'US', 10943, 1981),
('2019-03-30', 'US', 10943, 1982),
('2019-03-30', 'US', 10943, 1983),
('2019-03-30', 'US', 11731, 1984),
('2019-03-30', 'US', 11006, 1985),
('2019-03-30', 'US', 11656, 1986),
('2019-03-30', 'US', 11911, 1987),
('2019-03-30', 'US', 11635, 1988),
('2019-03-30', 'US', 11846, 1989),
('2019-03-30', 'US', 11206, 1990),
('2019-03-30', 'US', 11108, 1991),
('2019-03-30', 'US', 7495, 1992),
('2019-03-30', 'US', 15169, 1993),
('2019-03-30', 'US', 11261, 1994),
('2019-03-30', 'US', 4184, 1995),
('2019-03-30', 'US', 11508, 1996),
('2019-03-30', 'US', 11634, 1997),
('2019-03-30', 'US', 11634, 1998),
('2019-03-30', 'US', 11634, 1999),
('2019-03-30', 'US', 11119, 2000),
('2019-03-30', 'US', 15158, 2001),
('2019-03-30', 'US', 15188, 2002),
('2019-03-30', 'US', 11917, 2003),
('2019-03-30', 'US', 11161, 2004),
('2019-03-30', 'US', 14501, 2005),
('2019-03-30', 'US', 13209, 2006),
('2019-03-30', 'US', 13209, 2007),
('2019-03-30', 'US', 2069, 2008),
('2019-03-30', 'US', 12718, 2009),
('2019-03-30', 'US', 5097, 2010),
('2019-03-30', 'VE', 5120, 2011),
('2019-03-30', 'VN', 4895, 2012),
('2019-03-30', 'ZA', 5008, 2013),
('2019-02-01', 'AT', 821, 2014),
('2019-02-01', 'BR', 9642, 2015),
('2019-02-01', 'CH', 5022, 2016),
('2019-02-01', 'CH', 4970, 2017),
('2019-02-01', 'CZ', 5008, 2018),
('2019-02-01', 'DE', 4894, 2019),
('2019-02-01', 'DE', 4894, 2020),
('2019-02-01', 'DE', 8008, 2021),
('2019-02-01', 'DE', 9441, 2022),
('2019-02-01', 'FI', 9444, 2023),
('2019-02-01', 'FR', 10727, 2024),
('2019-02-01', 'ID', 8630, 2025),
('2019-02-01', 'IN', 4182, 2026),
('2019-02-01', 'IT', 8537, 2027),
('2019-02-01', 'MU', 11325, 2028),
('2019-02-01', 'NL', 11528, 2029),
('2019-02-01', 'NL', 12019, 2030),
('2019-02-01', 'NZ', 12019, 2031),
('2019-02-01', 'NZ', 10943, 2032),
('2019-02-01', 'PL', 10941, 2033),
('2019-02-01', 'PL', 11332, 2034),
('2019-02-01', 'PL', 11011, 2035),
('2019-02-01', 'SE', 11935, 2036),
('2019-02-01', 'UA', 11935, 2037),
('2019-02-01', 'UA', 12036, 2038),
('2019-02-01', 'US', 12036, 2039),
('2019-02-01', 'US', 11604, 2040),
('2019-02-01', 'US', 11296, 2041),
('2019-02-01', 'US', 11656, 2042),
('2019-02-01', 'US', 11956, 2043),
('2019-02-01', 'US', 11956, 2044),
('2019-02-01', 'US', 15192, 2045),
('2019-02-01', 'US', 11438, 2046),
('2019-02-01', 'US', 11792, 2047),
('2019-02-01', 'US', 7492, 2048),
('2019-02-01', 'US', 7492, 2049),
('2019-02-01', 'US', 7353, 2050),
('2019-02-01', 'US', 7219, 2051),
('2019-02-01', 'US', 11590, 2052),
('2019-02-01', 'US', 4195, 2053),
('2019-02-01', 'US', 4184, 2054),
('2019-02-01', 'US', 11508, 2055),
('2019-02-01', 'US', 11508, 2056),
('2019-02-01', 'ZA', 15181, 2057),
('2019-02-02', 'BD', 15181, 2058),
('2019-02-02', 'BE', 15158, 2059),
('2019-02-02', 'BO', 7044, 2060),
('2019-02-02', 'BY', 1898, 2061),
('2019-02-02', 'CA', 9612, 2062),
('2019-02-02', 'DE', 9612, 2063),
('2019-02-02', 'DE', 12748, 2064),
('2019-02-02', 'DE', 12749, 2065),
('2019-02-02', 'GB', 5022, 2066),
('2019-02-02', 'GB', 4890, 2067),
('2019-02-02', 'GB', 4999, 2068),
('2019-02-02', 'GB', 5062, 2069),
('2019-02-02', 'HU', 5062, 2070),
('2019-02-02', 'HU', 4894, 2071),
('2019-02-02', 'ID', 9438, 2072),
('2019-02-02', 'IN', 9451, 2073),
('2019-02-02', 'IN', 12909, 2074),
('2019-02-02', 'IN', 6811, 2075),
('2019-02-02', 'IN', 13450, 2076),
('2019-02-02', 'IN', 11386, 2077),
('2019-02-02', 'IT', 12010, 2078),
('2019-02-02', 'IT', 8653, 2079),
('2019-02-02', 'LT', 8626, 2080),
('2019-02-02', 'PH', 11002, 2081),
('2019-02-02', 'PK', 11528, 2082),
('2019-02-02', 'PL', 12019, 2083),
('2019-02-02', 'PL', 10941, 2084),
('2019-02-02', 'PL', 11332, 2085),
('2019-02-02', 'PY', 11935, 2086),
('2019-02-02', 'RU', 8595, 2087),
('2019-02-02', 'RU', 11656, 2088),
('2019-02-02', 'RU', 6030, 2089),
('2019-02-02', 'SE', 11635, 2090),
('2019-02-02', 'UA', 10970, 2091),
('2019-02-02', 'UA', 11431, 2092),
('2019-02-02', 'UA', 11675, 2093),
('2019-02-02', 'US', 7102, 2094),
('2019-02-02', 'US', 15160, 2095),
('2019-02-02', 'US', 8561, 2096),
('2019-02-02', 'US', 8530, 2097),
('2019-02-02', 'US', 11505, 2098),
('2019-02-02', 'US', 4214, 2099),
('2019-02-02', 'US', 4214, 2100),
('2019-02-02', 'US', 15181, 2101),
('2019-02-02', 'US', 15188, 2102),
('2019-02-02', 'US', 7425, 2103),
('2019-02-03', 'AM', 811, 2104),
('2019-02-03', 'AR', 811, 2105),
('2019-02-03', 'AT', 13413, 2106),
('2019-02-03', 'AT', 12663, 2107),
('2019-02-03', 'AU', 12729, 2108),
('2019-02-03', 'AU', 5012, 2109),
('2019-02-03', 'BR', 6582, 2110),
('2019-02-03', 'BR', 6582, 2111),
('2019-02-03', 'CA', 9434, 2112),
('2019-02-03', 'DE', 12403, 2113),
('2019-02-03', 'DE', 12403, 2114),
('2019-02-03', 'FR', 12642, 2115),
('2019-02-03', 'FR', 1487, 2116),
('2019-02-03', 'FR', 11998, 2117),
('2019-02-03', 'IN', 11224, 2118),
('2019-02-03', 'IR', 11981, 2119),
('2019-02-03', 'IT', 11891, 2120),
('2019-02-03', 'IT', 15114, 2121),
('2019-02-03', 'MX', 15114, 2122),
('2019-02-03', 'PL', 15154, 2123),
('2019-02-03', 'RO', 8656, 2124),
('2019-02-03', 'SE', 11011, 2125),
('2019-02-03', 'TR', 11006, 2126),
('2019-02-03', 'US', 8592, 2127),
('2019-02-03', 'US', 11987, 2128),
('2019-02-03', 'US', 11604, 2129),
('2019-02-03', 'US', 11961, 2130),
('2019-02-03', 'US', 7492, 2131),
('2019-02-03', 'US', 15142, 2132),
('2019-02-03', 'US', 8561, 2133),
('2019-02-03', 'US', 11211, 2134),
('2019-02-03', 'US', 11505, 2135),
('2019-02-03', 'US', 11508, 2136),
('2019-02-03', 'US', 11634, 2137),
('2019-02-03', 'VN', 15418, 2138),
('2019-02-04', 'BG', 14434, 2139),
('2019-02-04', 'CA', 937, 2140),
('2019-02-04', 'CA', 12800, 2141),
('2019-02-04', 'CA', 12729, 2142),
('2019-02-04', 'CH', 4022, 2143),
('2019-02-04', 'CH', 4997, 2144),
('2019-02-04', 'DE', 4883, 2145),
('2019-02-04', 'DE', 5091, 2146),
('2019-02-04', 'DE', 4894, 2147),
('2019-02-04', 'DE', 13389, 2148),
('2019-02-04', 'DE', 9434, 2149),
('2019-02-04', 'FR', 9444, 2150),
('2019-02-04', 'GB', 14104, 2151),
('2019-02-04', 'IT', 11974, 2152),
('2019-02-04', 'IT', 11998, 2153),
('2019-02-04', 'IT', 11109, 2154),
('2019-02-04', 'IT', 11994, 2155),
('2019-02-04', 'KR', 8649, 2156),
('2019-02-04', 'KR', 15182, 2157),
('2019-02-04', 'MT', 11461, 2158),
('2019-02-04', 'MY', 10941, 2159),
('2019-02-04', 'MY', 7199, 2160),
('2019-02-04', 'MY', 11011, 2161),
('2019-02-04', 'MY', 11006, 2162),
('2019-02-04', 'PH', 11659, 2163),
('2019-02-04', 'PL', 11934, 2164),
('2019-02-04', 'PL', 11935, 2165),
('2019-02-04', 'PL', 11433, 2166),
('2019-02-04', 'RU', 7498, 2167),
('2019-02-04', 'SK', 11645, 2168),
('2019-02-04', 'UA', 11383, 2169),
('2019-02-04', 'US', 11270, 2170),
('2019-02-04', 'US', 11263, 2171),
('2019-02-04', 'US', 7447, 2172),
('2019-02-04', 'US', 15142, 2173),
('2019-02-04', 'US', 4208, 2174),
('2019-02-04', 'US', 15166, 2175),
('2019-02-04', 'US', 7395, 2176),
('2019-02-04', 'US', 7395, 2177),
('2019-02-04', 'US', 11505, 2178),
('2019-02-04', 'US', 11508, 2179),
('2019-02-04', 'US', 11632, 2180),
('2019-02-04', 'US', 11169, 2181),
('2019-02-04', 'US', 7099, 2182),
('2019-02-04', 'US', 1294, 2183),
('2019-02-04', 'US', 837, 2184),
('2019-02-04', 'US', 13482, 2185),
('2019-02-05', 'AT', 4970, 2186),
('2019-02-05', 'BR', 2256, 2187),
('2019-02-05', 'DE', 6383, 2188),
('2019-02-05', 'DE', 9442, 2189),
('2019-02-05', 'DO', 7015, 2190),
('2019-02-05', 'ES', 7015, 2191),
('2019-02-05', 'FR', 15615, 2192),
('2019-02-05', 'GR', 10658, 2193),
('2019-02-05', 'HK', 15696, 2194),
('2019-02-05', 'IT', 11523, 2195),
('2019-02-05', 'MX', 11523, 2196),
('2019-02-05', 'NL', 7302, 2197),
('2019-02-05', 'NL', 7302, 2198),
('2019-02-05', 'PE', 12019, 2199),
('2019-02-05', 'RO', 10943, 2200),
('2019-02-05', 'RS', 8667, 2201),
('2019-02-05', 'TT', 15167, 2202),
('2019-02-05', 'UA', 11935, 2203),
('2019-02-05', 'UA', 11654, 2204),
('2019-02-05', 'US', 11655, 2205),
('2019-02-05', 'US', 11383, 2206),
('2019-02-05', 'US', 11350, 2207),
('2019-02-05', 'US', 11210, 2208),
('2019-02-05', 'US', 4208, 2209),
('2019-02-05', 'US', 11773, 2210),
('2019-02-05', 'US', 8586, 2211),
('2019-02-05', 'US', 15188, 2212),
('2019-02-05', 'US', 11025, 2213),
('2019-02-05', 'US', 13413, 2214),
('2019-02-05', 'US', 12589, 2215),
('2019-02-06', 'CA', 5039, 2216),
('2019-02-06', 'DE', 5022, 2217),
('2019-02-06', 'ES', 4888, 2218),
('2019-02-06', 'ES', 5134, 2219),
('2019-02-06', 'ES', 4921, 2220),
('2019-02-06', 'FR', 4960, 2221),
('2019-02-06', 'GB', 9434, 2222),
('2019-02-06', 'HK', 984, 2223),
('2019-02-06', 'HR', 7134, 2224),
('2019-02-06', 'HU', 10662, 2225),
('2019-02-06', 'ID', 6827, 2226),
('2019-02-06', 'IR', 15182, 2227),
('2019-02-06', 'IT', 7191, 2228),
('2019-02-06', 'IT', 7343, 2229),
('2019-02-06', 'NL', 11461, 2230),
('2019-02-06', 'NO', 10943, 2231),
('2019-02-06', 'NZ', 10941, 2232),
('2019-02-06', 'OM', 10941, 2233),
('2019-02-06', 'PL', 11011, 2234),
('2019-02-06', 'RO', 11006, 2235),
('2019-02-06', 'RS', 11945, 2236),
('2019-02-06', 'SE', 11935, 2237),
('2019-02-06', 'US', 11935, 2238),
('2019-02-06', 'US', 10949, 2239),
('2019-02-06', 'US', 11302, 2240),
('2019-02-06', 'US', 11656, 2241),
('2019-02-06', 'US', 11656, 2242),
('2019-02-06', 'US', 11655, 2243),
('2019-02-06', 'US', 11383, 2244),
('2019-02-06', 'US', 11669, 2245),
('2019-02-06', 'US', 7353, 2246),
('2019-02-06', 'US', 7495, 2247),
('2019-02-06', 'US', 7219, 2248),
('2019-02-06', 'US', 11211, 2249),
('2019-02-06', 'US', 8575, 2250),
('2019-02-06', 'US', 7264, 2251),
('2019-02-06', 'US', 4184, 2252),
('2019-02-06', 'US', 11632, 2253),
('2019-02-06', 'US', 15748, 2254),
('2019-02-06', 'US', 15158, 2255),
('2019-02-06', 'US', 12768, 2256),
('2019-02-06', 'US', 5022, 2257),
('2019-02-07', 'AR', 4997, 2258),
('2019-02-07', 'AU', 4989, 2259),
('2019-02-07', 'AU', 4909, 2260),
('2019-02-07', 'BO', 5012, 2261),
('2019-02-07', 'CA', 9434, 2262),
('2019-02-07', 'CH', 7103, 2263),
('2019-02-07', 'CH', 14142, 2264),
('2019-02-07', 'CL', 11386, 2265),
('2019-02-07', 'DE', 11109, 2266),
('2019-02-07', 'DE', 11435, 2267),
('2019-02-07', 'DE', 8581, 2268),
('2019-02-07', 'DE', 7246, 2269),
('2019-02-07', 'DE', 7296, 2270),
('2019-02-07', 'DE', 7354, 2271),
('2019-02-07', 'DE', 7302, 2272),
('2019-02-07', 'DE', 12015, 2273),
('2019-02-07', 'FR', 12019, 2274),
('2019-02-07', 'ID', 12019, 2275),
('2019-02-07', 'IT', 10943, 2276),
('2019-02-07', 'IT', 10943, 2277),
('2019-02-07', 'IT', 10941, 2278),
('2019-02-07', 'IT', 10919, 2279),
('2019-02-07', 'LT', 11011, 2280),
('2019-02-07', 'LU', 11544, 2281),
('2019-02-07', 'NL', 11270, 2282),
('2019-02-07', 'PH', 11208, 2283),
('2019-02-07', 'RO', 11209, 2284),
('2019-02-07', 'SE', 11106, 2285),
('2019-02-07', 'SK', 7377, 2286),
('2019-02-07', 'US', 11098, 2287),
('2019-02-07', 'US', 7353, 2288),
('2019-02-07', 'US', 7280, 2289),
('2019-02-07', 'US', 11590, 2290),
('2019-02-07', 'US', 15184, 2291),
('2019-02-07', 'US', 8620, 2292),
('2019-02-07', 'US', 15136, 2293),
('2019-02-07', 'US', 11505, 2294),
('2019-02-07', 'US', 11634, 2295),
('2019-02-07', 'US', 11634, 2296),
('2019-02-07', 'US', 11119, 2297),
('2019-02-07', 'US', 15513, 2298),
('2019-02-07', 'US', 11920, 2299),
('2019-02-07', 'US', 13468, 2300),
('2019-02-07', 'US', 13425, 2301),
('2019-02-07', 'US', 13413, 2302),
('2019-02-07', 'US', 12526, 2303),
('2019-02-07', 'US', 4883, 2304),
('2019-02-07', 'US', 5008, 2305),
('2019-02-08', 'AT', 5008, 2306),
('2019-02-08', 'BE', 5078, 2307),
('2019-02-08', 'CA', 5012, 2308),
('2019-02-08', 'CL', 4894, 2309),
('2019-02-08', 'CN', 4960, 2310),
('2019-02-08', 'DE', 5116, 2311),
('2019-02-08', 'DE', 11109, 2312),
('2019-02-08', 'DE', 15182, 2313),
('2019-02-08', 'DE', 15451, 2314),
('2019-02-08', 'ES', 15154, 2315),
('2019-02-08', 'FR', 12019, 2316),
('2019-02-08', 'IE', 12019, 2317),
('2019-02-08', 'IE', 8667, 2318),
('2019-02-08', 'IT', 7216, 2319),
('2019-02-08', 'IT', 11302, 2320),
('2019-02-08', 'PK', 11302, 2321),
('2019-02-08', 'PL', 11484, 2322),
('2019-02-08', 'PL', 10975, 2323),
('2019-02-08', 'PL', 10958, 2324),
('2019-02-08', 'PL', 8646, 2325),
('2019-02-08', 'RU', 8951, 2326),
('2019-02-08', 'SY', 11586, 2327),
('2019-02-08', 'UA', 11211, 2328),
('2019-02-08', 'US', 11211, 2329),
('2019-02-08', 'US', 4184, 2330),
('2019-02-08', 'US', 15122, 2331),
('2019-02-08', 'US', 11120, 2332),
('2019-02-08', 'US', 15188, 2333),
('2019-02-08', 'US', 14464, 2334),
('2019-02-08', 'US', 12589, 2335),
('2019-02-08', 'US', 5022, 2336),
('2019-02-08', 'US', 4997, 2337),
('2019-02-08', 'US', 4888, 2338),
('2019-02-08', 'US', 4890, 2339),
('2019-02-09', 'AR', 5112, 2340),
('2019-02-09', 'AT', 4883, 2341),
('2019-02-09', 'BE', 4883, 2342),
('2019-02-09', 'CA', 5062, 2343),
('2019-02-09', 'CH', 5062, 2344),
('2019-02-09', 'CZ', 5012, 2345),
('2019-02-09', 'DE', 4921, 2346),
('2019-02-09', 'DE', 9649, 2347),
('2019-02-09', 'DE', 6877, 2348),
('2019-02-09', 'DE', 7022, 2349),
('2019-02-09', 'DK', 11109, 2350),
('2019-02-09', 'DK', 15182, 2351),
('2019-02-09', 'ES', 8623, 2352),
('2019-02-09', 'ES', 11526, 2353),
('2019-02-09', 'ES', 11528, 2354),
('2019-02-09', 'ES', 7302, 2355),
('2019-02-09', 'FI', 15114, 2356),
('2019-02-09', 'GB', 11005, 2357),
('2019-02-09', 'HU', 11935, 2358),
('2019-02-09', 'HU', 11153, 2359),
('2019-02-09', 'HU', 11296, 2360),
('2019-02-09', 'ID', 11296, 2361),
('2019-02-09', 'IN', 11656, 2362),
('2019-02-09', 'IT', 4780, 2363),
('2019-02-09', 'IT', 11910, 2364),
('2019-02-09', 'KH', 11105, 2365),
('2019-02-09', 'MV', 11911, 2366),
('2019-02-09', 'MX', 11911, 2367),
('2019-02-09', 'NL', 11270, 2368),
('2019-02-09', 'PL', 11276, 2369),
('2019-02-09', 'PL', 11870, 2370),
('2019-02-09', 'RO', 7353, 2371),
('2019-02-09', 'RU', 7353, 2372),
('2019-02-09', 'SE', 7293, 2373),
('2019-02-09', 'SG', 7211, 2374),
('2019-02-09', 'SK', 11770, 2375),
('2019-02-09', 'TR', 7347, 2376),
('2019-02-09', 'US', 7347, 2377),
('2019-02-09', 'US', 11184, 2378),
('2019-02-09', 'US', 11505, 2379),
('2019-02-09', 'US', 11505, 2380),
('2019-02-09', 'US', 11508, 2381),
('2019-02-09', 'US', 11634, 2382),
('2019-02-09', 'US', 4214, 2383),
('2019-02-09', 'US', 4203, 2384),
('2019-02-09', 'US', 15188, 2385),
('2019-02-09', 'US', 15195, 2386),
('2019-02-09', 'US', 6792, 2387),
('2019-02-09', 'US', 894, 2388),
('2019-02-09', 'US', 12610, 2389),
('2019-02-09', 'US', 5059, 2390),
('2019-02-09', 'US', 4997, 2391),
('2019-02-09', 'US', 4890, 2392),
('2019-02-10', 'AR', 4883, 2393),
('2019-02-10', 'AR', 4883, 2394),
('2019-02-10', 'AT', 4999, 2395),
('2019-02-10', 'AU', 5012, 2396),
('2019-02-10', 'AU', 4960, 2397),
('2019-02-10', 'AU', 6991, 2398),
('2019-02-10', 'CH', 7615, 2399),
('2019-02-10', 'CH', 13389, 2400),
('2019-02-10', 'CL', 5262, 2401),
('2019-02-10', 'CZ', 7022, 2402),
('2019-02-10', 'DE', 11998, 2403),
('2019-02-10', 'DE', 11405, 2404),
('2019-02-10', 'DE', 8581, 2405),
('2019-02-10', 'DE', 8626, 2406),
('2019-02-10', 'DE', 15182, 2407),
('2019-02-10', 'DE', 12015, 2408),
('2019-02-10', 'DE', 12019, 2409),
('2019-02-10', 'DK', 10943, 2410),
('2019-02-10', 'DK', 10943, 2411),
('2019-02-10', 'FR', 10941, 2412),
('2019-02-10', 'FR', 11332, 2413),
('2019-02-10', 'FR', 11011, 2414),
('2019-02-10', 'FR', 11011, 2415),
('2019-02-10', 'FR', 11006, 2416),
('2019-02-10', 'GB', 11006, 2417),
('2019-02-10', 'GB', 11935, 2418),
('2019-02-10', 'GB', 10953, 2419),
('2019-02-10', 'GB', 10953, 2420),
('2019-02-10', 'GB', 7498, 2421),
('2019-02-10', 'GB', 11296, 2422),
('2019-02-10', 'GB', 4962, 2423),
('2019-02-10', 'GB', 13416, 2424),
('2019-02-10', 'GB', 11061, 2425),
('2019-02-10', 'IR', 7447, 2426),
('2019-02-10', 'IR', 11685, 2427),
('2019-02-10', 'IT', 15160, 2428),
('2019-02-10', 'NL', 4208, 2429),
('2019-02-10', 'NL', 15189, 2430),
('2019-02-10', 'NP', 8561, 2431),
('2019-02-10', 'PH', 4192, 2432),
('2019-02-10', 'PL', 11211, 2433),
('2019-02-10', 'RU', 7347, 2434),
('2019-02-10', 'RU', 8612, 2435),
('2019-02-10', 'UA', 11261, 2436),
('2019-02-10', 'US', 4184, 2437),
('2019-02-10', 'US', 11505, 2438),
('2019-02-10', 'US', 11508, 2439),
('2019-02-10', 'US', 11632, 2440),
('2019-02-10', 'US', 11634, 2441),
('2019-02-10', 'US', 11634, 2442),
('2019-02-10', 'US', 11634, 2443),
('2019-02-10', 'US', 11633, 2444),
('2019-02-10', 'US', 15181, 2445),
('2019-02-10', 'US', 4203, 2446),
('2019-02-10', 'US', 11171, 2447),
('2019-02-10', 'US', 12766, 2448),
('2019-02-10', 'US', 5022, 2449),
('2019-02-10', 'US', 5091, 2450),
('2019-02-10', 'US', 4992, 2451),
('2019-02-10', 'US', 9265, 2452),
('2019-02-10', 'US', 9438, 2453),
('2019-02-10', 'US', 9451, 2454),
('2019-02-10', 'UY', 9451, 2455),
('2019-02-11', 'BR', 9451, 2456),
('2019-02-11', 'BR', 9444, 2457),
('2019-02-11', 'CA', 1018, 2458),
('2019-02-11', 'CH', 13321, 2459),
('2019-02-11', 'DE', 5507, 2460),
('2019-02-11', 'DE', 7016, 2461),
('2019-02-11', 'DE', 15536, 2462),
('2019-02-11', 'DK', 15536, 2463),
('2019-02-11', 'DZ', 8581, 2464),
('2019-02-11', 'FR', 11528, 2465),
('2019-02-11', 'FR', 11891, 2466),
('2019-02-11', 'GB', 10943, 2467),
('2019-02-11', 'ID', 10941, 2468),
('2019-02-11', 'IN', 10941, 2469),
('2019-02-11', 'IT', 4802, 2470),
('2019-02-11', 'MA', 11299, 2471),
('2019-02-11', 'PE', 11640, 2472),
('2019-02-11', 'PL', 11105, 2473),
('2019-02-11', 'RU', 12055, 2474),
('2019-02-11', 'RU', 11270, 2475),
('2019-02-11', 'SE', 11108, 2476),
('2019-02-11', 'TH', 8529, 2477),
('2019-02-11', 'US', 7353, 2478),
('2019-02-11', 'US', 3455, 2479),
('2019-02-11', 'US', 7219, 2480),
('2019-02-11', 'US', 7443, 2481),
('2019-02-11', 'US', 15166, 2482),
('2019-02-11', 'US', 11508, 2483),
('2019-02-11', 'US', 11512, 2484),
('2019-02-11', 'US', 11161, 2485),
('2019-02-11', 'US', 903, 2486),
('2019-02-11', 'US', 9240, 2487),
('2019-02-11', 'US', 5059, 2488),
('2019-02-11', 'US', 4960, 2489),
('2019-02-11', 'US', 863, 2490),
('2019-02-11', 'US', 7253, 2491),
('2019-02-11', 'US', 8537, 2492),
('2019-02-11', 'US', 7302, 2493),
('2019-02-12', 'AU', 7191, 2494),
('2019-02-12', 'CA', 10941, 2495),
('2019-02-12', 'DE', 11605, 2496),
('2019-02-12', 'DE', 11296, 2497),
('2019-02-12', 'DE', 11656, 2498),
('2019-02-12', 'DZ', 11640, 2499),
('2019-02-12', 'DZ', 4906, 2500),
('2019-02-12', 'ES', 5051, 2501),
('2019-02-12', 'ES', 11382, 2502),
('2019-02-12', 'IL', 11846, 2503),
('2019-02-12', 'IL', 8627, 2504),
('2019-02-12', 'IR', 8627, 2505),
('2019-02-12', 'LT', 8564, 2506),
('2019-02-12', 'MX', 11712, 2507),
('2019-02-12', 'NL', 11505, 2508),
('2019-02-12', 'NL', 11505, 2509),
('2019-02-12', 'NZ', 11505, 2510),
('2019-02-12', 'RU', 11512, 2511),
('2019-02-12', 'RU', 11634, 2512),
('2019-02-12', 'US', 4214, 2513),
('2019-02-12', 'US', 15188, 2514),
('2019-02-12', 'US', 12718, 2515),
('2019-02-12', 'US', 4888, 2516),
('2019-02-12', 'US', 5062, 2517),
('2019-02-12', 'US', 9439, 2518),
('2019-02-12', 'US', 9442, 2519),
('2019-02-12', 'US', 9438, 2520),
('2019-02-12', 'US', 9451, 2521),
('2019-02-12', 'US', 7104, 2522),
('2019-02-12', 'VN', 4182, 2523),
('2019-02-13', 'AR', 11806, 2524),
('2019-02-13', 'AR', 11523, 2525),
('2019-02-13', 'BD', 10930, 2526),
('2019-02-13', 'BR', 11010, 2527),
('2019-02-13', 'CH', 11152, 2528),
('2019-02-13', 'DE', 11296, 2529),
('2019-02-13', 'DE', 11296, 2530),
('2019-02-13', 'DE', 11304, 2531),
('2019-02-13', 'ES', 11645, 2532),
('2019-02-13', 'ES', 4700, 2533),
('2019-02-13', 'FR', 4962, 2534),
('2019-02-13', 'FR', 11092, 2535),
('2019-02-13', 'FR', 11092, 2536),
('2019-02-13', 'GB', 11514, 2537),
('2019-02-13', 'GB', 10970, 2538),
('2019-02-13', 'GR', 11213, 2539),
('2019-02-13', 'HK', 11456, 2540),
('2019-02-13', 'IN', 11876, 2541),
('2019-02-13', 'IT', 11685, 2542),
('2019-02-13', 'IT', 7280, 2543),
('2019-02-13', 'LB', 7333, 2544),
('2019-02-13', 'MX', 7372, 2545),
('2019-02-13', 'NI', 7264, 2546),
('2019-02-13', 'PL', 11508, 2547),
('2019-02-13', 'RU', 11508, 2548),
('2019-02-13', 'RU', 11508, 2549),
('2019-02-13', 'US', 11508, 2550),
('2019-02-13', 'US', 4203, 2551),
('2019-02-13', 'US', 15188, 2552),
('2019-02-13', 'US', 11169, 2553),
('2019-02-13', 'US', 9584, 2554),
('2019-02-13', 'US', 5022, 2555),
('2019-02-13', 'US', 4909, 2556),
('2019-02-13', 'US', 5136, 2557),
('2019-02-13', 'US', 4921, 2558),
('2019-02-13', 'US', 6853, 2559),
('2019-02-13', 'US', 7104, 2560),
('2019-02-13', 'US', 11405, 2561),
('2019-02-13', 'US', 15168, 2562),
('2019-02-13', 'US', 15193, 2563),
('2019-02-13', 'US', 10790, 2564),
('2019-02-13', 'US', 15154, 2565),
('2019-02-13', 'US', 11731, 2566),
('2019-02-14', 'AR', 11499, 2567),
('2019-02-14', 'AT', 11935, 2568),
('2019-02-14', 'AT', 11656, 2569),
('2019-02-14', 'AU', 4842, 2570),
('2019-02-14', 'BD', 4906, 2571),
('2019-02-14', 'CN', 11908, 2572),
('2019-02-14', 'CZ', 10979, 2573),
('2019-02-14', 'DE', 11347, 2574),
('2019-02-14', 'DE', 10968, 2575),
('2019-02-14', 'DE', 11208, 2576),
('2019-02-14', 'DE', 11672, 2577),
('2019-02-14', 'DE', 7353, 2578),
('2019-02-14', 'DE', 10958, 2579),
('2019-02-14', 'DE', 7442, 2580),
('2019-02-14', 'GB', 8601, 2581),
('2019-02-14', 'IL', 11508, 2582),
('2019-02-14', 'IT', 11508, 2583),
('2019-02-14', 'IT', 11634, 2584),
('2019-02-14', 'NL', 4214, 2585),
('2019-02-14', 'PH', 7324, 2586),
('2019-02-14', 'PL', 4203, 2587),
('2019-02-14', 'PL', 11161, 2588),
('2019-02-14', 'SA', 14468, 2589),
('2019-02-14', 'SI', 978, 2590),
('2019-02-14', 'TR', 9240, 2591),
('2019-02-14', 'US', 4890, 2592),
('2019-02-14', 'US', 4881, 2593),
('2019-02-14', 'US', 4964, 2594),
('2019-02-14', 'US', 4964, 2595),
('2019-02-14', 'US', 6840, 2596),
('2019-02-14', 'US', 963, 2597),
('2019-02-14', 'US', 11109, 2598),
('2019-02-14', 'US', 11407, 2599),
('2019-02-14', 'US', 11435, 2600),
('2019-02-14', 'US', 12010, 2601),
('2019-02-14', 'US', 8653, 2602),
('2019-02-14', 'UY', 8658, 2603),
('2019-02-14', 'ZA', 11528, 2604),
('2019-02-15', 'AR', 12015, 2605),
('2019-02-15', 'AR', 10941, 2606),
('2019-02-15', 'AT', 10964, 2607),
('2019-02-15', 'AU', 7234, 2608),
('2019-02-15', 'AU', 11277, 2609),
('2019-02-15', 'AU', 11431, 2610),
('2019-02-15', 'BG', 6848, 2611),
('2019-02-15', 'BY', 7372, 2612),
('2019-02-15', 'CO', 8558, 2613),
('2019-02-15', 'DE', 11211, 2614),
('2019-02-15', 'DE', 11261, 2615),
('2019-02-15', 'FR', 15166, 2616),
('2019-02-15', 'FR', 11634, 2617),
('2019-02-15', 'GB', 15158, 2618),
('2019-02-15', 'HR', 15188, 2619),
('2019-02-15', 'IN', 11918, 2620),
('2019-02-15', 'IN', 11161, 2621),
('2019-02-15', 'IT', 11025, 2622),
('2019-02-15', 'IT', 9432, 2623),
('2019-02-15', 'MX', 13413, 2624),
('2019-02-15', 'PH', 12748, 2625),
('2019-02-15', 'RU', 5022, 2626),
('2019-02-15', 'RU', 5022, 2627),
('2019-02-15', 'RU', 5069, 2628),
('2019-02-15', 'RU', 4883, 2629),
('2019-02-15', 'SE', 5241, 2630),
('2019-02-15', 'SI', 9265, 2631),
('2019-02-15', 'UA', 9438, 2632),
('2019-02-15', 'US', 9438, 2633),
('2019-02-15', 'US', 11109, 2634),
('2019-02-15', 'US', 11109, 2635),
('2019-02-15', 'US', 15536, 2636),
('2019-02-15', 'US', 4186, 2637),
('2019-02-15', 'US', 11528, 2638),
('2019-02-15', 'US', 10941, 2639),
('2019-02-15', 'US', 11281, 2640),
('2019-02-16', 'AR', 11011, 2641),
('2019-02-16', 'AR', 11945, 2642),
('2019-02-16', 'BR', 11935, 2643),
('2019-02-16', 'BY', 8644, 2644),
('2019-02-16', 'CZ', 11656, 2645),
('2019-02-16', 'DE', 11656, 2646),
('2019-02-16', 'DE', 11438, 2647),
('2019-02-16', 'DE', 11675, 2648),
('2019-02-16', 'DE', 6776, 2649),
('2019-02-16', 'DE', 6925, 2650),
('2019-02-16', 'DE', 15189, 2651),
('2019-02-16', 'DE', 11184, 2652),
('2019-02-16', 'DE', 7394, 2653),
('2019-02-16', 'DE', 11784, 2654),
('2019-02-16', 'DE', 11505, 2655),
('2019-02-16', 'DE', 4214, 2656),
('2019-02-16', 'DE', 15158, 2657),
('2019-02-16', 'ES', 4203, 2658),
('2019-02-16', 'FR', 11161, 2659),
('2019-02-16', 'FR', 11166, 2660),
('2019-02-16', 'IL', 9432, 2661),
('2019-02-16', 'IN', 6791, 2662),
('2019-02-16', 'IN', 13366, 2663),
('2019-02-16', 'IT', 894, 2664),
('2019-02-16', 'IT', 1805, 2665),
('2019-02-16', 'IT', 5120, 2666),
('2019-02-16', 'NL', 4888, 2667),
('2019-02-16', 'NZ', 5078, 2668),
('2019-02-16', 'PL', 4979, 2669),
('2019-02-16', 'RU', 4960, 2670),
('2019-02-16', 'TR', 9224, 2671),
('2019-02-16', 'US', 7074, 2672),
('2019-02-16', 'US', 11109, 2673),
('2019-02-16', 'US', 11435, 2674),
('2019-02-16', 'US', 4182, 2675),
('2019-02-16', 'US', 11526, 2676),
('2019-02-16', 'US', 15114, 2677),
('2019-02-16', 'US', 12015, 2678),
('2019-02-16', 'US', 12019, 2679),
('2019-02-16', 'US', 10943, 2680),
('2019-02-16', 'US', 10941, 2681),
('2019-02-16', 'US', 64, 2682),
('2019-02-17', 'AN', 15167, 2683),
('2019-02-17', 'AR', 11332, 2684),
('2019-02-17', 'AU', 10925, 2685),
('2019-02-17', 'BO', 11945, 2686),
('2019-02-17', 'CH', 11935, 2687),
('2019-02-17', 'CH', 11935, 2688),
('2019-02-17', 'CZ', 11296, 2689),
('2019-02-17', 'DE', 11302, 2690),
('2019-02-17', 'DE', 11656, 2691),
('2019-02-17', 'ES', 11656, 2692),
('2019-02-17', 'ES', 11656, 2693),
('2019-02-17', 'ES', 11656, 2694),
('2019-02-17', 'FI', 11382, 2695),
('2019-02-17', 'FR', 11911, 2696),
('2019-02-17', 'FR', 11310, 2697),
('2019-02-17', 'GB', 15140, 2698),
('2019-02-17', 'GR', 7353, 2699),
('2019-02-17', 'ID', 7219, 2700),
('2019-02-17', 'IN', 15189, 2701),
('2019-02-17', 'IT', 15780, 2702),
('2019-02-17', 'IT', 7435, 2703),
('2019-02-17', 'JP', 7435, 2704),
('2019-02-17', 'KZ', 11586, 2705),
('2019-02-17', 'MX', 8600, 2706),
('2019-02-17', 'NL', 8564, 2707),
('2019-02-17', 'PA', 15115, 2708),
('2019-02-17', 'PE', 11505, 2709),
('2019-02-17', 'PH', 15681, 2710),
('2019-02-17', 'PK', 15181, 2711),
('2019-02-17', 'PK', 15418, 2712),
('2019-02-17', 'PL', 11901, 2713),
('2019-02-17', 'PL', 14523, 2714),
('2019-02-17', 'RO', 9553, 2715),
('2019-02-17', 'RU', 9553, 2716),
('2019-02-17', 'RU', 5069, 2717),
('2019-02-17', 'RU', 4895, 2718),
('2019-02-17', 'SE', 4883, 2719),
('2019-02-17', 'SE', 5104, 2720),
('2019-02-17', 'TR', 4960, 2721),
('2019-02-17', 'UA', 4960, 2722),
('2019-02-17', 'US', 8835, 2723),
('2019-02-17', 'US', 9434, 2724),
('2019-02-17', 'US', 15521, 2725),
('2019-02-17', 'US', 14017, 2726),
('2019-02-17', 'US', 11503, 2727),
('2019-02-17', 'US', 8626, 2728),
('2019-02-17', 'US', 15182, 2729),
('2019-02-17', 'US', 10941, 2730),
('2019-02-17', 'US', 11006, 2731),
('2019-02-17', 'US', 11935, 2732),
('2019-02-17', 'US', 11604, 2733),
('2019-02-17', 'US', 4185, 2734),
('2019-02-17', 'US', 11648, 2735),
('2019-02-18', 'CZ', 11514, 2736),
('2019-02-18', 'CZ', 11514, 2737),
('2019-02-18', 'FR', 11571, 2738),
('2019-02-18', 'GB', 11342, 2739),
('2019-02-18', 'IN', 11911, 2740),
('2019-02-18', 'IN', 11911, 2741),
('2019-02-18', 'IN', 11846, 2742),
('2019-02-18', 'IN', 11388, 2743),
('2019-02-18', 'IT', 8646, 2744),
('2019-02-18', 'IT', 8621, 2745),
('2019-02-18', 'JP', 11508, 2746),
('2019-02-18', 'MA', 15513, 2747),
('2019-02-18', 'MN', 11901, 2748),
('2019-02-18', 'NL', 15188, 2749),
('2019-02-18', 'PK', 15188, 2750),
('2019-02-18', 'PL', 11025, 2751),
('2019-02-18', 'PY', 902, 2752),
('2019-02-18', 'RU', 13977, 2753),
('2019-02-18', 'RU', 5069, 2754),
('2019-02-18', 'RU', 4888, 2755),
('2019-02-18', 'RU', 4888, 2756),
('2019-02-18', 'SK', 4895, 2757),
('2019-02-18', 'TR', 5078, 2758),
('2019-02-18', 'UA', 5078, 2759),
('2019-02-18', 'US', 4894, 2760),
('2019-02-18', 'US', 5506, 2761),
('2019-02-18', 'US', 9451, 2762),
('2019-02-18', 'US', 8581, 2763),
('2019-02-18', 'US', 8653, 2764),
('2019-02-18', 'US', 11526, 2765),
('2019-02-18', 'US', 7343, 2766),
('2019-02-18', 'US', 11935, 2767),
('2019-02-18', 'US', 4972, 2768),
('2019-02-18', 'US', 11052, 2769),
('2019-02-18', 'US', 7492, 2770),
('2019-02-18', 'US', 11617, 2771),
('2019-02-18', 'VN', 11672, 2772),
('2019-02-19', 'BE', 11443, 2773),
('2019-02-19', 'BH', 11100, 2774),
('2019-02-19', 'CH', 4208, 2775),
('2019-02-19', 'DE', 11143, 2776),
('2019-02-19', 'DE', 8523, 2777),
('2019-02-19', 'DE', 8602, 2778),
('2019-02-19', 'DE', 15441, 2779),
('2019-02-19', 'DE', 11627, 2780),
('2019-02-19', 'DK', 11240, 2781),
('2019-02-19', 'ES', 11027, 2782),
('2019-02-19', 'GB', 5022, 2783),
('2019-02-19', 'HU', 5071, 2784),
('2019-02-19', 'IN', 4888, 2785),
('2019-02-19', 'IT', 4952, 2786),
('2019-02-19', 'IT', 4992, 2787),
('2019-02-19', 'NL', 5012, 2788),
('2019-02-19', 'PL', 5011, 2789),
('2019-02-19', 'RS', 15477, 2790),
('2019-02-19', 'RU', 9441, 2791),
('2019-02-19', 'RU', 9444, 2792),
('2019-02-19', 'RU', 963, 2793),
('2019-02-19', 'RU', 11435, 2794),
('2019-02-19', 'SK', 12082, 2795),
('2019-02-19', 'US', 11526, 2796),
('2019-02-19', 'US', 11529, 2797),
('2019-02-19', 'US', 7302, 2798),
('2019-02-19', 'US', 15114, 2799),
('2019-02-19', 'US', 12019, 2800),
('2019-02-19', 'US', 10943, 2801),
('2019-02-19', 'US', 10941, 2802),
('2019-02-19', 'US', 10942, 2803),
('2019-02-19', 'US', 11130, 2804),
('2019-02-19', 'US', 11935, 2805),
('2019-02-19', 'US', 8595, 2806),
('2019-02-19', 'ZA', 11308, 2807),
('2019-02-20', 'BD', 11343, 2808),
('2019-02-20', 'CA', 11270, 2809),
('2019-02-20', 'CZ', 11201, 2810),
('2019-02-20', 'DE', 8529, 2811),
('2019-02-20', 'DE', 7492, 2812),
('2019-02-20', 'DE', 7399, 2813),
('2019-02-20', 'DE', 4208, 2814),
('2019-02-20', 'DE', 15189, 2815),
('2019-02-20', 'DE', 15189, 2816),
('2019-02-20', 'DE', 15189, 2817),
('2019-02-20', 'FR', 8575, 2818),
('2019-02-20', 'FR', 11505, 2819),
('2019-02-20', 'GB', 4214, 2820),
('2019-02-20', 'HU', 804, 2821),
('2019-02-20', 'IN', 12610, 2822),
('2019-02-20', 'IT', 12718, 2823),
('2019-02-20', 'IT', 12796, 2824),
('2019-02-20', 'IT', 5040, 2825),
('2019-02-20', 'PH', 4997, 2826),
('2019-02-20', 'PL', 4997, 2827),
('2019-02-20', 'RU', 4888, 2828),
('2019-02-20', 'RU', 4970, 2829),
('2019-02-20', 'RU', 5078, 2830),
('2019-02-20', 'SE', 5011, 2831),
('2019-02-20', 'US', 12776, 2832),
('2019-02-20', 'US', 9451, 2833),
('2019-02-20', 'US', 9451, 2834),
('2019-02-20', 'US', 9232, 2835),
('2019-02-20', 'US', 10683, 2836),
('2019-02-20', 'US', 12744, 2837),
('2019-02-20', 'US', 11109, 2838),
('2019-02-20', 'US', 11109, 2839),
('2019-02-20', 'US', 11435, 2840),
('2019-02-20', 'US', 8581, 2841),
('2019-02-20', 'US', 8630, 2842),
('2019-02-20', 'US', 8623, 2843),
('2019-02-20', 'US', 15199, 2844),
('2019-02-20', 'US', 11526, 2845),
('2019-02-20', 'US', 11528, 2846),
('2019-02-21', 'AR', 11528, 2847),
('2019-02-21', 'AU', 7302, 2848),
('2019-02-21', 'CH', 7343, 2849),
('2019-02-21', 'CL', 8669, 2850),
('2019-02-21', 'CO', 7308, 2851),
('2019-02-21', 'DE', 12036, 2852),
('2019-02-21', 'DE', 11987, 2853),
('2019-02-21', 'DE', 11655, 2854),
('2019-02-21', 'DE', 11908, 2855),
('2019-02-21', 'DE', 12054, 2856),
('2019-02-21', 'DE', 11263, 2857),
('2019-02-21', 'DE', 11431, 2858),
('2019-02-21', 'DK', 11855, 2859),
('2019-02-21', 'FR', 15140, 2860),
('2019-02-21', 'FR', 7353, 2861),
('2019-02-21', 'HU', 15189, 2862),
('2019-02-21', 'HU', 15169, 2863),
('2019-02-21', 'IL', 8619, 2864),
('2019-02-21', 'IT', 15201, 2865),
('2019-02-21', 'IT', 11505, 2866),
('2019-02-21', 'JP', 15181, 2867),
('2019-02-21', 'LV', 15188, 2868),
('2019-02-21', 'MX', 9231, 2869),
('2019-02-21', 'NL', 12658, 2870),
('2019-02-21', 'NZ', 4989, 2871),
('2019-02-21', 'PL', 5008, 2872),
('2019-02-21', 'PT', 9153, 2873),
('2019-02-21', 'QA', 9438, 2874),
('2019-02-21', 'RU', 13259, 2875),
('2019-02-21', 'RU', 11998, 2876),
('2019-02-21', 'SA', 8649, 2877),
('2019-02-21', 'SE', 11526, 2878),
('2019-02-21', 'SI', 11528, 2879),
('2019-02-21', 'SK', 7218, 2880),
('2019-02-21', 'UA', 12015, 2881),
('2019-02-21', 'UA', 12019, 2882),
('2019-02-21', 'US', 10943, 2883),
('2019-02-21', 'US', 11006, 2884),
('2019-02-21', 'US', 11006, 2885),
('2019-02-21', 'US', 11006, 2886),
('2019-02-21', 'US', 10959, 2887),
('2019-02-21', 'US', 11343, 2888),
('2019-02-21', 'US', 11343, 2889),
('2019-02-21', 'US', 10968, 2890),
('2019-02-21', 'US', 11855, 2891),
('2019-02-21', 'US', 11855, 2892),
('2019-02-21', 'US', 15577, 2893),
('2019-02-21', 'US', 8619, 2894),
('2019-02-21', 'US', 8564, 2895),
('2019-02-22', 'AR', 11260, 2896),
('2019-02-22', 'AR', 11508, 2897),
('2019-02-22', 'BE', 11632, 2898),
('2019-02-22', 'CA', 11161, 2899),
('2019-02-22', 'DE', 988, 2900),
('2019-02-22', 'DE', 4888, 2901),
('2019-02-22', 'FR', 5078, 2902),
('2019-02-22', 'GB', 5078, 2903),
('2019-02-22', 'GB', 5088, 2904),
('2019-02-22', 'GR', 4960, 2905),
('2019-02-22', 'IN', 1000, 2906),
('2019-02-22', 'IN', 11528, 2907),
('2019-02-22', 'NL', 12015, 2908),
('2019-02-22', 'NZ', 10943, 2909),
('2019-02-22', 'PL', 4802, 2910),
('2019-02-22', 'PL', 11194, 2911),
('2019-02-22', 'RS', 11731, 2912),
('2019-02-22', 'SE', 11011, 2913),
('2019-02-22', 'TR', 11304, 2914),
('2019-02-22', 'UA', 11531, 2915),
('2019-02-22', 'US', 10968, 2916),
('2019-02-22', 'US', 11263, 2917),
('2019-02-22', 'US', 11213, 2918),
('2019-02-22', 'US', 7377, 2919),
('2019-02-22', 'US', 7377, 2920),
('2019-02-22', 'US', 4208, 2921),
('2019-02-22', 'US', 15189, 2922),
('2019-02-22', 'US', 7212, 2923),
('2019-02-22', 'US', 11469, 2924),
('2019-02-22', 'US', 15209, 2925),
('2019-02-23', 'AE', 15166, 2926),
('2019-02-23', 'DE', 4214, 2927),
('2019-02-23', 'DE', 15158, 2928),
('2019-02-23', 'DE', 12720, 2929),
('2019-02-23', 'FR', 9481, 2930),
('2019-02-23', 'FR', 5022, 2931),
('2019-02-23', 'GB', 5071, 2932),
('2019-02-23', 'GB', 4988, 2933),
('2019-02-23', 'HK', 5112, 2934),
('2019-02-23', 'IN', 5008, 2935),
('2019-02-23', 'IS', 9444, 2936),
('2019-02-23', 'IT', 9232, 2937),
('2019-02-23', 'MD', 6854, 2938),
('2019-02-23', 'NZ', 11110, 2939),
('2019-02-23', 'PH', 8626, 2940),
('2019-02-23', 'RS', 883, 2941),
('2019-02-23', 'RS', 11525, 2942),
('2019-02-23', 'SE', 11011, 2943),
('2019-02-23', 'SK', 11011, 2944),
('2019-02-23', 'UA', 11011, 2945),
('2019-02-23', 'US', 11935, 2946),
('2019-02-23', 'US', 11302, 2947),
('2019-02-23', 'US', 11656, 2948),
('2019-02-23', 'US', 4962, 2949),
('2019-02-23', 'US', 11083, 2950),
('2019-02-23', 'US', 7265, 2951),
('2019-02-23', 'US', 7233, 2952),
('2019-02-23', 'US', 15153, 2953),
('2019-02-23', 'US', 8564, 2954),
('2019-02-23', 'US', 8564, 2955),
('2019-02-23', 'US', 8574, 2956),
('2019-02-23', 'ZA', 11261, 2957),
('2019-02-24', 'AR', 7416, 2958),
('2019-02-24', 'AT', 11632, 2959),
('2019-02-24', 'AU', 11632, 2960),
('2019-02-24', 'BR', 11634, 2961),
('2019-02-24', 'BR', 11826, 2962),
('2019-02-24', 'CA', 15181, 2963),
('2019-02-24', 'CA', 11120, 2964),
('2019-02-24', 'CA', 15418, 2965),
('2019-02-24', 'CL', 9237, 2966),
('2019-02-24', 'DE', 6489, 2967),
('2019-02-24', 'DE', 5022, 2968),
('2019-02-24', 'DE', 4888, 2969),
('2019-02-24', 'DE', 5083, 2970),
('2019-02-24', 'DE', 4883, 2971),
('2019-02-24', 'DZ', 5125, 2972),
('2019-02-24', 'EC', 4894, 2973),
('2019-02-24', 'ES', 4186, 2974),
('2019-02-24', 'ES', 11890, 2975),
('2019-02-24', 'FR', 15114, 2976),
('2019-02-24', 'FR', 12016, 2977),
('2019-02-24', 'GB', 10943, 2978),
('2019-02-24', 'IE', 11302, 2979),
('2019-02-24', 'MK', 11645, 2980),
('2019-02-24', 'MX', 11544, 2981),
('2019-02-24', 'NL', 11137, 2982),
('2019-02-24', 'PL', 11276, 2983),
('2019-02-24', 'PL', 11206, 2984),
('2019-02-24', 'RU', 7372, 2985),
('2019-02-24', 'SK', 7293, 2986),
('2019-02-24', 'US', 11929, 2987),
('2019-02-24', 'US', 8614, 2988),
('2019-02-24', 'US', 11505, 2989),
('2019-02-24', 'US', 11505, 2990),
('2019-02-24', 'US', 11634, 2991),
('2019-02-24', 'US', 11169, 2992),
('2019-02-24', 'US', 5022, 2993),
('2019-02-24', 'ZA', 4970, 2994),
('2019-02-25', 'AM', 5012, 2995),
('2019-02-25', 'AR', 6976, 2996),
('2019-02-25', 'AU', 11109, 2997),
('2019-02-25', 'AU', 11528, 2998),
('2019-02-25', 'AU', 10943, 2999),
('2019-02-25', 'BG', 10943, 3000),
('2019-02-25', 'CA', 10941, 3001),
('2019-02-25', 'CH', 10941, 3002),
('2019-02-25', 'DE', 10924, 3003),
('2019-02-25', 'DE', 11302, 3004),
('2019-02-25', 'ES', 11302, 3005),
('2019-02-25', 'GB', 11108, 3006),
('2019-02-25', 'GR', 7333, 3007),
('2019-02-25', 'IT', 7372, 3008),
('2019-02-25', 'MD', 8608, 3009),
('2019-02-25', 'MX', 4214, 3010),
('2019-02-25', 'TH', 15181, 3011),
('2019-02-25', 'US', 15158, 3012),
('2019-02-25', 'US', 11161, 3013),
('2019-02-25', 'US', 14427, 3014),
('2019-02-25', 'US', 4888, 3015),
('2019-02-25', 'US', 5061, 3016),
('2019-02-25', 'US', 9545, 3017),
('2019-02-25', 'US', 13301, 3018),
('2019-02-25', 'US', 11503, 3019),
('2019-02-25', 'US', 15451, 3020),
('2019-02-25', 'US', 7218, 3021),
('2019-02-25', 'US', 10942, 3022),
('2019-02-25', 'US', 11731, 3023),
('2019-02-26', 'BE', 15529, 3024),
('2019-02-26', 'ES', 11152, 3025),
('2019-02-26', 'FR', 11656, 3026),
('2019-02-26', 'FR', 11656, 3027),
('2019-02-26', 'IE', 11654, 3028),
('2019-02-26', 'IT', 11206, 3029),
('2019-02-26', 'IT', 8639, 3030),
('2019-02-26', 'PL', 15189, 3031),
('2019-02-26', 'RO', 15212, 3032),
('2019-02-26', 'RO', 8637, 3033),
('2019-02-26', 'RU', 11633, 3034),
('2019-02-26', 'SE', 11633, 3035),
('2019-02-26', 'US', 15188, 3036),
('2019-02-26', 'US', 15188, 3037),
('2019-02-26', 'US', 11217, 3038),
('2019-02-26', 'US', 14501, 3039),
('2019-02-26', 'US', 12740, 3040),
('2019-02-26', 'US', 5022, 3041),
('2019-02-26', 'US', 9438, 3042),
('2019-02-26', 'US', 11110, 3043),
('2019-02-26', 'US', 8581, 3044),
('2019-02-26', 'US', 8653, 3045),
('2019-02-26', 'UY', 7274, 3046),
('2019-02-27', 'CH', 7191, 3047),
('2019-02-27', 'CH', 10941, 3048),
('2019-02-27', 'CZ', 7199, 3049),
('2019-02-27', 'CZ', 10915, 3050),
('2019-02-27', 'DE', 11296, 3051),
('2019-02-27', 'DK', 11299, 3052),
('2019-02-27', 'IN', 11964, 3053),
('2019-02-27', 'IN', 11964, 3054),
('2019-02-27', 'KZ', 10968, 3055),
('2019-02-27', 'PL', 11213, 3056),
('2019-02-27', 'TH', 11438, 3057),
('2019-02-27', 'UA', 8529, 3058),
('2019-02-27', 'US', 15780, 3059),
('2019-02-27', 'US', 15201, 3060),
('2019-02-27', 'US', 11632, 3061),
('2019-02-27', 'US', 11632, 3062),
('2019-02-27', 'US', 11826, 3063),
('2019-02-27', 'US', 11171, 3064),
('2019-02-27', 'US', 11025, 3065),
('2019-02-27', 'US', 821, 3066),
('2019-02-27', 'US', 9642, 3067),
('2019-02-27', 'US', 5022, 3068),
('2019-02-27', 'US', 4970, 3069),
('2019-02-27', 'US', 5008, 3070),
('2019-02-28', 'AU', 4894, 3071),
('2019-02-28', 'AU', 4894, 3072),
('2019-02-28', 'BE', 8008, 3073),
('2019-02-28', 'BG', 9441, 3074),
('2019-02-28', 'CA', 9444, 3075),
('2019-02-28', 'DE', 10727, 3076),
('2019-02-28', 'DE', 8630, 3077),
('2019-02-28', 'DE', 4182, 3078),
('2019-02-28', 'IS', 8537, 3079),
('2019-02-28', 'KZ', 11325, 3080),
('2019-02-28', 'NL', 11528, 3081),
('2019-02-28', 'RU', 12019, 3082),
('2019-02-28', 'SE', 12019, 3083),
('2019-02-28', 'TH', 10943, 3084),
('2019-02-28', 'UA', 10941, 3085),
('2019-02-28', 'UA', 11332, 3086),
('2019-02-28', 'US', 11011, 3087),
('2019-02-28', 'US', 11935, 3088),
('2019-02-28', 'US', 11935, 3089),
('2019-02-28', 'US', 12036, 3090),
('2019-02-28', 'US', 12036, 3091),
('2019-02-28', 'US', 11604, 3092),
('2019-02-28', 'US', 11296, 3093),
('2019-02-28', 'US', 11656, 3094),
('2019-02-28', 'US', 11956, 3095),
('2019-02-28', 'US', 11956, 3096),
('2019-02-28', 'US', 15192, 3097);

-- --------------------------------------------------------

--
-- Table structure for table `kraje`
--

CREATE TABLE `kraje` (
  `kod_k` varchar(255) NOT NULL,
  `nazwa_k` varchar(255) NOT NULL,
  `ludnosc_k` int(11) NOT NULL
) ENGINE=InnoDB DEFAULT CHARSET=utf8mb4 COLLATE=utf8mb4_polish_ci;

--
-- Dumping data for table `kraje`
--

INSERT INTO `kraje` (`kod_k`, `nazwa_k`, `ludnosc_k`) VALUES
('AE', 'UNITED ARAB EMIRATES', 9541615),
('AL', 'ALBANIA', 2870324),
('AM', 'ARMENIA', 2969200),
('AN', 'NETHERLANDS ANTILES', 227049),
('AR', 'ARGENTINA', 44494502),
('AT', 'AUSTRIA', 8857960),
('AU', 'AUSTRALIA', 25226500),
('AZ', 'AZERBAIJAN', 9959245),
('BA', 'BOSNIA AND HERZEGOVINA', 3511372),
('BD', 'BANGLADESH', 165902000),
('BE', 'BELGIUM', 11449656),
('BG', 'BULGARIA', 7050034),
('BH', 'BAHRAIN', 1566993),
('BO', 'BOLIVIA', 11307314),
('BR', 'BRAZIL', 210133000),
('BS', 'BAHAMAS', 381320),
('BY', 'BELARUS', 9477100),
('CA', 'CANADA', 37341400),
('CH', 'SWITZERLAND', 8526932),
('CL', 'CHILE', 18751405),
('CN', 'CHINA', 1394260000),
('CO', 'COLOMBIA', 49464683),
('CR', 'COSTA RICA', 5003393),
('CU', 'CUBA', 11221060),
('CY', 'CYPRUS', 864200),
('CZ', 'CZECH REPUBLIC', 10627794),
('DE', 'GERMANY', 82887000),
('DK', 'DENMARK', 5806015),
('DO', 'DOMINICAN REPUBLIC', 10266149),
('DZ', 'ALGERIA', 42545964),
('EC', 'ECUADOR', 17160000),
('EE', 'ESTONIA', 1319133),
('EG', 'EGYPT', 98171400),
('ES', 'SPAIN', 46733038),
('FI', 'FINLAND', 5522015),
('FR', 'FRANCE', 67392000),
('GB', 'UNITED KINGDOM', 66040229),
('GR', 'GREECE', 10741165),
('GT', 'GUATEMALA', 17302084),
('HK', 'HONG KONG', 7448900),
('HN', 'HONDURAS', 9012229),
('HR', 'CROATIA', 4105493),
('HU', 'HUNGARY', 9771000),
('ID', 'INDONESIA', 265015300),
('IE', 'IRELAND', 4857000),
('IL', 'ISRAEL', 8978300),
('IN', 'INDIA', 1342350000),
('IQ', 'IRAQ', 38124182),
('IR', 'IRAN', 82133400),
('IS', 'ICELAND', 355620),
('IT', 'ITALY', 60395921),
('JM', 'JAMAICA', 2728864),
('JO', 'JORDAN', 10331600),
('JP', 'JAPAN', 126420000),
('KE', 'KENYA', 50950879),
('KG', 'KYRGYZSTAN', 6362400),
('KH', 'CAMBODIA', 16069921),
('KR', 'SOUTH KOREA', 51635256),
('KZ', 'KAZAKHSTAN', 18376200),
('LA', 'LAOS', 6961210),
('LB', 'LEBANON', 6093509),
('LT', 'LITHUANIA', 2793986),
('LU', 'LUXEMBOURG', 602005),
('LV', 'LATVIA', 1921300),
('MA', 'MOROCCO', 34907600),
('MD', 'MOLDOVA, REPUBLIC OF', 3547539),
('MK', 'MACEDONIA', 2075301),
('MM', 'MYANMAR', 53862731),
('MN', 'MONGOLIA', 3238784),
('MT', 'MALTA', 475701),
('MU', 'MAURITIUS', 1265577),
('MV', 'MALDIVES', 378114),
('MX', 'MEXICO', 126577691),
('MY', 'MALAYSIA', 32616800),
('NG', 'NIGERIA', 193392517),
('NI', 'NICARAGUA', 6393824),
('NL', 'NETHERLANDS', 17292700),
('NO', 'NORWAY', 5323933),
('NP', 'NEPAL', 29218867),
('NZ', 'NEW ZEALAND', 4934650),
('OM', 'OMAN', 4646655),
('PA', 'PANAMA', 4158783),
('PE', 'PERU', 32162184),
('PH', 'PHILIPPINES', 107077000),
('PK', 'PAKISTAN', 203390000),
('PL', 'POLAND', 38433600),
('PR', 'PUERTO RICO', 3195153),
('PT', 'PORTUGAL', 10291027),
('PY', 'PARAGUAY', 7052983),
('QA', 'QATAR', 2757437),
('RE', 'REUNION', 865826),
('RO', 'ROMANIA', 19523621),
('RS', 'SERBIA', 7001444),
('RU', 'RUSSIAN FEDERATION', 146877088),
('SA', 'SAUDI ARABIA', 33413660),
('SD', 'SUDAN', 41185350),
('SE', 'SWEDEN', 10223505),
('SG', 'SINGAPORE', 5638700),
('SI', 'SLOVENIA', 2070050),
('SK', 'SLOVAKIA', 5445087),
('SV', 'EL SALVADOR', 6643359),
('SY', 'SYRIA', 18284407),
('TH', 'THAILAND', 69183173),
('TN', 'TUNISIA', 11434994),
('TR', 'TURKEY', 80810525),
('TT', 'TRINIDAD AND TOBAGO', 1359193),
('TW', 'TAIWAN', 23588932),
('UA', 'UKRAINE', 42198483),
('US', 'UNITED STATES', 328547000),
('UY', 'URUGUAY', 3505985),
('UZ', 'UZBEKISTAN', 32653900),
('VE', 'VENEZUELA', 31828110),
('VN', 'VIETNAM', 95001537),
('YE', 'YEMEN', 28915284),
('ZA', 'SOUTH AFRICA', 57725600),
('ZW', 'ZIMBABWE', 14848905);

-- --------------------------------------------------------

--
-- Table structure for table `urzadzenia`
--

CREATE TABLE `urzadzenia` (
  `kod_u` int(11) NOT NULL,
  `nazwa_u` varchar(255) NOT NULL,
  `producent_u` varchar(255) NOT NULL,
  `typ_u` varchar(255) NOT NULL
) ENGINE=InnoDB DEFAULT CHARSET=utf8mb4 COLLATE=utf8mb4_polish_ci;

--
-- Dumping data for table `urzadzenia`
--

INSERT INTO `urzadzenia` (`kod_u`, `nazwa_u`, `producent_u`, `typ_u`) VALUES
(34, 'Accent Camelon C6', 'Accent', 'Phone'),
(56, 'Iconia Tab 10', 'Acer', 'Tablet'),
(64, 'Iconia Tab 8', 'Acer', 'Tablet'),
(68, 'Iconia One 8', 'Acer', 'Tablet'),
(124, 'A3-A20', 'Acer', 'Tablet'),
(129, 'Chromebook 15 (CB3-532)', 'Acer', 'PC'),
(135, 'Chromebook R11 (C738T)', 'Acer', 'PC'),
(145, 'ALIGATOR S4080 Duo', 'Adart', 'Phone'),
(527, 'L50', 'ANS', 'Phone'),
(687, 'Archos Access 55 3G', 'Archos', 'Phone'),
(801, 'ZenFone 4 Selfie (ZD553KL)', 'Asus', 'Phone'),
(804, 'ZenFone Max Pro M1 (ZB602KL) (WW) / Max Pro M1 (ZB601KL) (IN)', 'Asus', 'Phone'),
(805, 'ZenFone Max Pro M1 (ZB602KL) (WW) / Max Pro M1 (ZB601KL) (IN)', 'Asus', 'Phone'),
(807, 'ZenFone Max Pro M1 (ZB602KL) (WW) / Max Pro M1 (ZB601KL) (IN)', 'Asus', 'Phone'),
(811, 'ZenFone 4 Max (ZC520KL)', 'Asus', 'Phone'),
(821, 'ZenFone 3 Max (ZC553KL)', 'Asus', 'Phone'),
(837, 'ZenFone 3 (ZE520KL)', 'Asus', 'Phone'),
(863, 'ZenFone 2 (ZE551ML)', 'Asus', 'Phone'),
(866, 'ZenFone Max Pro M2 (ZB631KL) (WW) / Max Pro M2 (ZB630KL) (IN)', 'Asus', 'Phone'),
(877, 'Nexus 7 (2013)', 'Asus', 'Tablet'),
(881, 'ZenFone AR (ZS571KL)', 'Asus', 'Phone'),
(883, 'ASUS Chromebook Flip C302', 'Asus', 'PC'),
(891, 'ZenPad C 7.0 (Z170CG)', 'Asus', 'Tablet'),
(894, 'ZenFone Max Plus M1 (ZB570TL)', 'Asus', 'Phone'),
(902, 'ZenFone 4 Max (ZC554KL)', 'Asus', 'Phone'),
(903, 'ZenFone 4 Max (ZC554KL)', 'Asus', 'Phone'),
(932, 'Transformer Pad (TF103C)', 'Asus', 'Tablet'),
(937, 'ZenFone 5 Lite (ZC600KL)', 'Asus', 'Phone'),
(963, 'ZenPad 3S 10 (Z500M)', 'Asus', 'Tablet'),
(978, 'ZenPad 10 (Z301M)', 'Asus', 'Tablet'),
(979, 'ZenFone 5 (ZE620KL)', 'Asus', 'Phone'),
(984, 'ZenPad S 8.0 (Z580CA)', 'Asus', 'Tablet'),
(988, 'ZenFone 3 Max (ZC520TL)', 'Asus', 'Phone'),
(991, 'ZenFone 2 Laser (ZE500KL)', 'Asus', 'Phone'),
(1000, 'ZenPad 10 (Z300M)', 'Asus', 'Tablet'),
(1014, 'ZenFone Lite L1 (ZA551KL) / ZenFone Live L1/L2 (ZA550KL)', 'Asus', 'Phone'),
(1016, 'ZenFone Lite L1 (ZA551KL) / ZenFone Live L1/L2 (ZA550KL)', 'Asus', 'Phone'),
(1018, 'ZenPad Z10', 'Asus', 'Tablet'),
(1294, 'B9505', 'Bitel', 'Phone'),
(1307, 'KEYone', 'BlackBerry', 'Phone'),
(1352, 'BV6000s', 'Blackview', 'Phone'),
(1358, 'A7PRO', 'Blackview', 'Phone'),
(1399, 'BV7000 Pro', 'Blackview', 'Phone'),
(1447, 'Studio J1', 'Blu', 'Phone'),
(1487, 'Vivo XL4', 'Blu', 'Phone'),
(1570, 'Vivo 8', 'Blu', 'Phone'),
(1606, 'BLU Grand M3', 'Blu', 'Phone'),
(1633, 'R1 HD', 'Blu', 'Phone'),
(1763, 'K107', 'BMXC', 'Tablet'),
(1779, 'Aquaris X Pro', 'bq', 'Phone'),
(1782, 'Aquaris X2 PRO', 'bq', 'Phone'),
(1805, 'Aquaris M10', 'bq', 'Tablet'),
(1819, 'BQ-5057 Strike 2', 'BQru', 'Phone'),
(1888, 'BQru-7082', 'BQru', 'Phone'),
(1898, 'BQ-5201', 'BQru', 'Phone'),
(2043, 'VIA_A1_1', 'Casper', 'Phone'),
(2069, 'Cat S41', 'Cat', 'Phone'),
(2255, 'Hi9Pro', 'Chuwi', 'Tablet'),
(2256, 'CHUWI', 'Chuwi', 'Tablet'),
(2417, 'TFX714L', 'Condor', 'Tablet'),
(2489, '3632A-mpcs', 'Coolpad', 'Phone'),
(2509, 'C103', 'Coolpad', 'Phone'),
(2564, '1803Q', 'Coolpad', 'Phone'),
(2607, 'CUBOT R11', 'Cubot', 'Phone'),
(2619, 'NOTE S', 'Cubot', 'Phone'),
(2620, 'CUBOT CHEETAH 2', 'Cubot', 'Phone'),
(2821, 'ES355', 'DEXP', 'Phone'),
(3008, 'DIGMA HIT Q401 3G HT4039PG', 'Digma', 'Phone'),
(3209, 'X10', 'Dragontouch', 'Tablet'),
(3455, 'PH-1', 'Essential Products', 'Phone'),
(3617, 'FP2', 'Fairphone', 'Phone'),
(3638, 'Fero Vibe', 'Fero', 'Phone'),
(3942, '4G', 'General Mobile', 'Phone'),
(4022, 'Gigaset GS270', 'Gigaset', 'Phone'),
(4182, 'Pixel 3', 'Google', 'Phone'),
(4184, 'Pixel', 'Google', 'Phone'),
(4185, 'Mediatek MTK8173 Chromebook', 'Google', 'PC'),
(4186, 'Pixel 3 XL', 'Google', 'Phone'),
(4187, 'Pixel C', 'Google', 'Tablet'),
(4192, 'Pixel Slate', 'Google', 'PC'),
(4195, 'Intel Apollo Lake Chromebook', 'Google', 'PC'),
(4196, 'Intel Apollo Lake Chromebook', 'Google', 'PC'),
(4199, 'Pixelbook', 'Google', 'PC'),
(4203, 'Pixel 2', 'Google', 'Phone'),
(4208, 'Pixel XL', 'Google', 'Phone'),
(4214, 'Pixel 2 XL', 'Google', 'Phone'),
(4446, 'F23', 'Hisense', 'Phone'),
(4492, 'Sero 8', 'Hisense', 'Tablet'),
(4667, 'Chromebook x360 11 G1 EE', 'HP', 'PC'),
(4686, 'One Google Play edition', 'HTC', 'Phone'),
(4700, 'Desire 10 lifestyle', 'HTC', 'Phone'),
(4729, '10X', 'HTC', 'Phone'),
(4739, 'HTC U11 life', 'HTC', 'Phone'),
(4764, 'Desire 828 dual sim', 'HTC', 'Phone'),
(4780, 'Desire 830 dual sim', 'HTC', 'Phone'),
(4785, 'Desire 626', 'HTC', 'Phone'),
(4802, 'Nexus 9', 'HTC', 'Tablet'),
(4823, 'One (M8)', 'HTC', 'Phone'),
(4826, 'One (M8)', 'HTC', 'Phone'),
(4835, 'U12 Life', 'HTC', 'Phone'),
(4842, 'U11', 'HTC', 'Phone'),
(4844, 'U11', 'HTC', 'Phone'),
(4847, 'U Play', 'HTC', 'Phone'),
(4851, 'One M9', 'HTC', 'Phone'),
(4862, 'Desire 650', 'HTC', 'Phone'),
(4881, 'Mate 9', 'Huawei', 'Phone'),
(4883, 'P20', 'Huawei', 'Phone'),
(4885, 'HUAWEI MediaPad M5 8.4', 'Huawei', 'Phone'),
(4888, 'P20 Pro', 'Huawei', 'Phone'),
(4890, 'Honor 10', 'Huawei', 'Phone'),
(4894, 'P10', 'Huawei', 'Phone'),
(4895, 'Honor 8 Pro', 'Huawei', 'Phone'),
(4898, 'M5', 'Huawei', 'Tablet'),
(4903, 'LISZT', 'Huawei', 'Tablet'),
(4906, 'Y635-L03', 'Huawei', 'Phone'),
(4909, 'Honor 8', 'Huawei', 'Phone'),
(4917, 'Y360-U82', 'Huawei', 'Phone'),
(4921, 'P9 lite', 'Huawei', 'Phone'),
(4931, 'P10 Plus', 'Huawei', 'Phone'),
(4936, 'Huawei Mate 20 X', 'Huawei', 'Phone'),
(4939, 'P9 Plus', 'Huawei', 'Phone'),
(4941, 'Y7 Prime 2019', 'Huawei', 'Phone'),
(4942, 'Y541-U02', 'Huawei', 'Phone'),
(4944, 'MediaPad', 'Huawei', 'Tablet'),
(4947, 'G7-L01', 'Huawei', 'Phone'),
(4949, 'GX8', 'Huawei', 'Phone'),
(4950, 'H60-L04', 'Huawei', 'Phone'),
(4952, 'MediaPad T2 10.0 pro', 'Huawei', 'Tablet'),
(4960, 'P10 lite', 'Huawei', 'Phone'),
(4962, 'P8 Lite', 'Huawei', 'Phone'),
(4964, 'GR3', 'Huawei', 'Phone'),
(4970, 'P9', 'Huawei', 'Phone'),
(4972, 'Y6', 'Huawei', 'Phone'),
(4975, 'GR5', 'Huawei', 'Phone'),
(4979, 'HUAWEI P smart 2019', 'Huawei', 'Phone'),
(4983, 'Mate 20', 'Huawei', 'Phone'),
(4988, 'MediaPad M3 Lite 10', 'Huawei', 'Tablet'),
(4989, 'HUAWEI Y5 Prime 2018', 'Huawei', 'Phone'),
(4992, 'Honor 9 Lite', 'Huawei', 'Phone'),
(4997, 'Mate 10 Pro', 'Huawei', 'Phone'),
(4999, 'nova 3i', 'Huawei', 'Phone'),
(5008, 'FIG-LX1', 'Huawei', 'Phone'),
(5011, 'Honor 9', 'Huawei', 'Phone'),
(5012, 'Mate 10 lite', 'Huawei', 'Phone'),
(5020, 'Y3III', 'Huawei', 'Phone'),
(5022, 'P20 lite', 'Huawei', 'Phone'),
(5026, 'CHM-U01', 'Huawei', 'Phone'),
(5032, 'Y6 Pro', 'Huawei', 'Phone'),
(5038, 'Honor View 10', 'Huawei', 'Phone'),
(5039, 'Mate 10', 'Huawei', 'Phone'),
(5040, 'Honor 5C', 'Huawei', 'Phone'),
(5043, 'Nexus 6P', 'Huawei', 'Phone'),
(5051, 'M3', 'Huawei', 'Phone'),
(5058, 'Honor 7A', 'Huawei', 'Phone'),
(5059, 'Honor 7A', 'Huawei', 'Phone'),
(5061, 'Honor 8X', 'Huawei', 'Phone'),
(5062, 'P8 lite 2017', 'Huawei', 'Phone'),
(5068, 'HUAWEI MediaPad M5 10.8', 'Huawei', 'Tablet'),
(5069, 'Honor 7X', 'Huawei', 'Phone'),
(5071, 'HUAWEI Y6 2018', 'Huawei', 'Phone'),
(5078, 'Mate 20 Pro', 'Huawei', 'Phone'),
(5083, 'HUAWEI MediaPad M5 Pro', 'Huawei', 'Tablet'),
(5087, 'Y5 2017', 'Huawei', 'Phone'),
(5088, 'Y5 2017', 'Huawei', 'Phone'),
(5091, 'HUWEI MediaPad T3', 'Huawei', 'Phone'),
(5093, 'HUAWEI MediaPad T3 10', 'Huawei', 'Tablet'),
(5096, 'nova 3', 'Huawei', 'Phone'),
(5097, 'Honor 5X', 'Huawei', 'Phone'),
(5099, 'G8', 'Huawei', 'Phone'),
(5104, 'honor 10 Lite', 'Huawei', 'Phone'),
(5112, 'Honor Play', 'Huawei', 'Phone'),
(5116, 'Y625-U32', 'Huawei', 'Phone'),
(5118, 'MediaPad T3 7', 'Huawei', 'Phone'),
(5119, 'MediaPad T3 7', 'Huawei', 'Phone'),
(5120, 'Y6II', 'Huawei', 'Phone'),
(5125, 'HUAWEI Y9 2018', 'Huawei', 'Phone'),
(5126, '6X', 'Huawei', 'Phone'),
(5131, 'Y7', 'Huawei', 'Phone'),
(5132, 'HUAWEI Y3 2017', 'Huawei', 'Phone'),
(5134, 'Mate 20 lite', 'Huawei', 'Phone'),
(5136, 'HUAWEI Y7 Prime 2018', 'Huawei', 'Phone'),
(5233, 'Ultra Active', 'Hyundai', 'Phone'),
(5241, 'Ultra Live II', 'Hyundai', 'Phone'),
(5262, 'Ultra Storm', 'Hyundai', 'Phone'),
(5408, 'A20', 'IkuMobile', 'Phone'),
(5506, 'Hot 4 Pro', 'Infinix', 'Phone'),
(5507, 'HOT 4 Pro', 'Infinix', 'Phone'),
(5546, 'HOT5', 'Infinix', 'Phone'),
(5892, 'VOX  Energy', 'Iris', 'Phone'),
(5938, 'it1513', 'Itel', 'Phone'),
(5982, 'A62', 'Itel', 'Phone'),
(5985, 'A32F', 'Itel', 'Phone'),
(6030, 'P32', 'Itel', 'Phone'),
(6342, 'Ektra', 'Kodak', 'Phone'),
(6383, 'K1 Trio', 'KOOLNEE', 'Phone'),
(6447, 'DuraForce PRO 2 with Sapphire shield', 'Kyocera', 'Phone'),
(6475, 'DuraForce PRO', 'Kyocera', 'Phone'),
(6489, 'DuraForce PRO with Sapphire Shield', 'Kyocera', 'Phone'),
(6549, 'Ilium L1120', 'Lanix', 'Phone'),
(6582, 'Ilium X510', 'Lanix', 'Phone'),
(6667, 'Z60', 'Lava', 'Phone'),
(6683, 'Z50', 'Lava', 'Phone'),
(6688, 'Z91', 'Lava', 'Phone'),
(6715, 'iris50', 'Lava', 'Phone'),
(6776, 'Le Max2', 'Leeco', 'Phone'),
(6787, 'A6600', 'Lenovo', 'Phone'),
(6791, 'TAB 2 A10', 'Lenovo', 'Tablet'),
(6792, 'TAB 2 A10', 'Lenovo', 'Tablet'),
(6811, 'TAB 2 A7-10F', 'Lenovo', 'Tablet'),
(6821, 'VIBE X3 Lite', 'Lenovo', 'Phone'),
(6824, 'YOGA BOOK', 'Lenovo', 'Tablet'),
(6826, 'YOGA Tab 3 10', 'Lenovo', 'Tablet'),
(6827, 'YOGA Tab 3 10', 'Lenovo', 'Tablet'),
(6840, 'VIBE K6', 'Lenovo', 'Phone'),
(6843, 'Lenovo K8 Note', 'Lenovo', 'Phone'),
(6848, 'Z5', 'Lenovo', 'Phone'),
(6853, 'TAB 2 A7-20F', 'Lenovo', 'Tablet'),
(6854, 'Lenovo TAB 7 Essential', 'Lenovo', 'Tablet'),
(6860, 'TAB S8-50LC', 'Lenovo', 'Tablet'),
(6874, 'X3a40', 'Lenovo', 'Phone'),
(6877, 'Lenovo TAB4 10 Plus', 'Lenovo', 'Tablet'),
(6883, 'Lenovo TAB4 8 Plus', 'Lenovo', 'Tablet'),
(6893, 'A536', 'Lenovo', 'Phone'),
(6925, 'Lenovo K8 Plus', 'Lenovo', 'Phone'),
(6939, 'A5500-F', 'Lenovo', 'Tablet'),
(6976, 'Lenovo TAB4 8', 'Lenovo', 'Tablet'),
(6991, 'VIBE K6 Note', 'Lenovo', 'Phone'),
(7006, 'P70', 'Lenovo', 'Phone'),
(7015, 'YOGA Tab 3 8', 'Lenovo', 'Tablet'),
(7016, 'YOGA Tab 3 8', 'Lenovo', 'Tablet'),
(7022, 'Lenovo YOGA Tab 3 Plus', 'Lenovo', 'Tablet'),
(7023, 'Lenovo YOGA Tab 3 Plus', 'Lenovo', 'Tablet'),
(7044, 'K5', 'Lenovo', 'Phone'),
(7058, 'Lenovo TAB 10', 'Lenovo', 'Tablet'),
(7074, 'Lenovo TAB4 10', 'Lenovo', 'Tablet'),
(7075, 'Lenovo TAB4 10', 'Lenovo', 'Tablet'),
(7086, 'Lenovo TAB3 7 Essential', 'Lenovo', 'Tablet'),
(7099, 'Z90/VIBE Shot', 'Lenovo', 'Phone'),
(7102, 'P2', 'Lenovo', 'Phone'),
(7103, 'P2', 'Lenovo', 'Phone'),
(7104, 'YOGA Tab 3 PRO 10', 'Lenovo', 'Phone'),
(7134, 'PB1-750M/Lenovo PHAB', 'Lenovo', 'Phone'),
(7191, 'LG Premier Pro', 'LGE', 'Phone'),
(7195, 'F70', 'LGE', 'Phone'),
(7199, 'V20', 'LGE', 'Phone'),
(7211, 'LG G Pad F2 8.0', 'LGE', 'Tablet'),
(7212, 'LG Stylo 2', 'LGE', 'Phone'),
(7216, 'LG G3', 'LGE', 'Phone'),
(7218, 'LG Stylo 4', 'LGE', 'Phone'),
(7219, 'LG Stylo 4', 'LGE', 'Phone'),
(7233, 'LG Leon', 'LGE', 'Phone'),
(7234, 'Nexus 5', 'LGE', 'Phone'),
(7237, 'LG Spirit 4G LTE', 'LGE', 'Phone'),
(7240, 'LG Leon 4G LTE', 'LGE', 'Phone'),
(7246, 'LG G Pad 8.3 LTE', 'LGE', 'Tablet'),
(7253, 'LG G5 SE', 'LGE', 'Phone'),
(7262, 'LG Aristo 3+', 'LGE', 'Phone'),
(7264, 'V10', 'LGE', 'Phone'),
(7265, 'LG X Venture', 'LGE', 'Phone'),
(7271, 'LG X500', 'LGE', 'Phone'),
(7272, 'Qua tab PX', 'LGE', 'Tablet'),
(7274, 'LG K9', 'LGE', 'Phone'),
(7279, 'LG K4', 'LGE', 'Phone'),
(7280, 'Phoenix 3', 'LGE', 'Phone'),
(7291, 'LG Stylus3', 'LGE', 'Phone'),
(7292, 'LG Q6', 'LGE', 'Phone'),
(7293, 'LG Q6', 'LGE', 'Phone'),
(7296, 'Nexus 5X', 'LGE', 'Phone'),
(7302, 'LG it', 'LGE', 'Phone'),
(7304, 'L90', 'LGE', 'Phone'),
(7308, 'LG G Stylo', 'LGE', 'Phone'),
(7322, 'LG K10', 'LGE', 'Phone'),
(7324, 'Optimus Fuel', 'LGE', 'Phone'),
(7325, 'LG Tribute Dynasty', 'LGE', 'Phone'),
(7330, 'LG K4/K7 (2017)', 'LGE', 'Phone'),
(7333, 'LG K8 (2017) Dual', 'LGE', 'Phone'),
(7335, 'LG Stylo 2 Plus', 'LGE', 'Phone'),
(7338, 'LG K8 V', 'LGE', 'Phone'),
(7343, 'LG Q7+', 'LGE', 'Phone'),
(7347, 'LG G4', 'LGE', 'Phone'),
(7348, 'LG Volt II', 'LGE', 'Phone'),
(7353, 'LG G6', 'LGE', 'Phone'),
(7354, 'LG Spirit LTE', 'LGE', 'Phone'),
(7362, 'L70', 'LGE', 'Phone'),
(7372, 'LG K20 Plus', 'LGE', 'Phone'),
(7377, 'LG G7 ThinQ', 'LGE', 'Phone'),
(7389, 'LG V35 ThinQ', 'LGE', 'Phone'),
(7393, 'G2 MINI', 'LGE', 'Phone'),
(7394, 'LG Stylo3', 'LGE', 'Phone'),
(7395, 'LG Stylo3', 'LGE', 'Phone'),
(7399, 'LG X Style', 'LGE', 'Phone'),
(7413, 'LG K10 LTE', 'LGE', 'Phone'),
(7416, 'LG Stylo 3 Plus', 'LGE', 'Phone'),
(7425, 'LG G Flex2', 'LGE', 'Phone'),
(7431, 'G Pad 10.1', 'LGE', 'Tablet'),
(7433, 'LG X cam', 'LGE', 'Phone'),
(7435, 'LG Magna', 'LGE', 'Phone'),
(7436, 'LG Magna', 'LGE', 'Phone'),
(7437, 'LG K8', 'LGE', 'Phone'),
(7442, 'LG K10 (2017)', 'LGE', 'Phone'),
(7443, 'LG K10 (2017)', 'LGE', 'Phone'),
(7445, 'G Vista', 'LGE', 'Phone'),
(7447, 'V40 ThinQ', 'LGE', 'Phone'),
(7451, 'Premier', 'LGE', 'Phone'),
(7453, 'LG G Pad IV 8.0 FHD LTE', 'LGE', 'Tablet'),
(7492, 'V30', 'LGE', 'Phone'),
(7495, 'LG X power2', 'LGE', 'Phone'),
(7496, 'LG X charge', 'LGE', 'Phone'),
(7498, 'LG G5', 'LGE', 'Phone'),
(7615, 'L-EMENT 403', 'Logicom', 'Phone'),
(7709, 'LS-4503', 'Lyf', 'Phone'),
(7711, 'LS-4505', 'Lyf', 'Phone'),
(7750, 'iQM960', 'Making Life Simple', 'Tablet'),
(7753, 'iQGW516', 'Making Life Simple', 'Phone'),
(8001, 'M6T', 'Meizu', 'Phone'),
(8008, 'M8c', 'Meizu', 'Phone'),
(8019, 'M6 Note', 'Meizu', 'Phone'),
(8092, 'Micromax Bharat 2 Plus', 'Micromax', 'Phone'),
(8104, 'Bharat Go', 'Micromax', 'Phone'),
(8131, 'Canvas 5 Lite', 'Micromax', 'Phone'),
(8139, 'Micromax C2A', 'Micromax', 'Phone'),
(8193, 'Bolt', 'Micromax', 'Phone'),
(8254, 'Clover', 'Mint', 'Phone'),
(8377, 'RUSH', 'Mobicell', 'Phone'),
(8428, 'BERRY PLUS', 'Mobicell', 'Phone'),
(8456, 'mobiistar C2', 'MobiiStar', 'Phone'),
(8523, 'Moto C', 'Motorola', 'Phone'),
(8525, 'moto g(7) power', 'Motorola', 'Phone'),
(8529, 'moto e(5) cruise', 'Motorola', 'Phone'),
(8530, 'Nexus 6', 'Motorola', 'Phone'),
(8534, 'DROID MAXX 2', 'Motorola', 'Phone'),
(8537, 'Moto X Pure Edition', 'Motorola', 'Phone'),
(8547, 'Moto E (1st Gen)', 'Motorola', 'Phone'),
(8553, 'Moto X (1st Gen)', 'Motorola', 'Phone'),
(8558, 'Moto E (5)', 'Motorola', 'Phone'),
(8561, 'Moto G (5S)', 'Motorola', 'Phone'),
(8564, 'Moto G (5) Plus', 'Motorola', 'Phone'),
(8574, 'Moto G Plus (5th Gen)', 'Motorola', 'Phone'),
(8575, 'Moto G Plus (5th Gen)', 'Motorola', 'Phone'),
(8581, 'Moto Z (2) Play', 'Motorola', 'Phone'),
(8585, 'Moto G (5S) Plus', 'Motorola', 'Phone'),
(8586, 'Moto G (5S) Plus', 'Motorola', 'Phone'),
(8592, 'Moto Z Droid', 'Motorola', 'Phone'),
(8595, 'Moto G4 Play', 'Motorola', 'Phone'),
(8600, 'Moto G with 4G LTE (1st Gen)', 'Motorola', 'Phone'),
(8601, 'Moto X (4)', 'Motorola', 'Phone'),
(8602, 'Moto X (4)', 'Motorola', 'Phone'),
(8608, 'Moto E (4) Plus', 'Motorola', 'Phone'),
(8610, 'Motorola one', 'Motorola', 'Phone'),
(8612, 'Droid Turbo', 'Motorola', 'Phone'),
(8614, 'moto e5 play', 'Motorola', 'Phone'),
(8615, 'moto e5 play', 'Motorola', 'Phone'),
(8619, 'Moto E4', 'Motorola', 'Phone'),
(8620, 'Moto E (4)', 'Motorola', 'Phone'),
(8621, 'Moto E (4)', 'Motorola', 'Phone'),
(8623, 'Moto G (5th Gen)', 'Motorola', 'Phone'),
(8626, 'Moto G(4) Plus', 'Motorola', 'Phone'),
(8627, 'Moto Z (2) Force', 'Motorola', 'Phone'),
(8628, 'moto g(6) play', 'Motorola', 'Phone'),
(8629, 'moto g(6) play', 'Motorola', 'Phone'),
(8630, 'moto g(6) play', 'Motorola', 'Phone'),
(8633, 'Moto G (3rd Gen)', 'Motorola', 'Phone'),
(8637, 'DROID RAZR M', 'Motorola', 'Phone'),
(8639, 'DROID Turbo 2', 'Motorola', 'Phone'),
(8644, 'moto e5 plus', 'Motorola', 'Phone'),
(8646, 'Moto Z(3)', 'Motorola', 'Phone'),
(8649, 'Moto G(4)', 'Motorola', 'Phone'),
(8653, 'moto g(6)', 'Motorola', 'Phone'),
(8655, 'Moto G (1st Gen)', 'Motorola', 'Phone'),
(8656, 'Moto G (1st Gen)', 'Motorola', 'Phone'),
(8658, 'motorola one power', 'Motorola', 'Phone'),
(8662, 'Moto X (2nd Gen)', 'Motorola', 'Phone'),
(8665, 'Moto Z Play', 'Motorola', 'Phone'),
(8667, 'moto g(6) plus', 'Motorola', 'Phone'),
(8669, 'moto g(6) plus', 'Motorola', 'Phone'),
(8835, 'Hammer Energy', 'Myphone', 'Phone'),
(8852, 'my28S', 'Myphone', 'Phone'),
(8951, 'myPhone_Prime_2', 'MyPhone (PL)', 'Phone'),
(9098, 'Neffos Y5s', 'Neffos', 'Phone'),
(9153, 'NX16A10132S', 'Nextbook', 'Tablet'),
(9224, 'Nokia 6.1', 'Nokia', 'Phone'),
(9231, 'Nokia 6', 'Nokia', 'Phone'),
(9232, 'Nokia 6', 'Nokia', 'Phone'),
(9237, 'Nokia 7.1', 'Nokia', 'Phone'),
(9239, 'Nokia 2', 'Nokia', 'Phone'),
(9240, 'Nokia 7 plus', 'Nokia', 'Phone'),
(9247, 'Nokia 8', 'Nokia', 'Phone'),
(9249, 'Nokia 3.1', 'Nokia', 'Phone'),
(9252, 'Nokia 1', 'Nokia', 'Phone'),
(9255, 'Nokia 5', 'Nokia', 'Phone'),
(9258, 'Nokia 6.1 Plus', 'Nokia', 'Phone'),
(9259, 'Nokia 2.1', 'Nokia', 'Phone'),
(9260, 'Nokia 8.1', 'Nokia', 'Phone'),
(9265, 'Nokia 3', 'Nokia', 'Phone'),
(9351, 'NUU A3 (TC)', 'Nuu', 'Phone'),
(9361, 'SHIELD Tablet', 'NVIDIA', 'Tablet'),
(9364, 'Shield', 'NVIDIA', 'Phone'),
(9432, 'One', 'OnePlus', 'Phone'),
(9434, 'OnePlus3', 'OnePlus', 'Phone'),
(9438, 'OnePlus5T', 'OnePlus', 'Phone'),
(9439, '2B', 'OnePlus', 'Phone'),
(9441, 'OnePlus3T', 'OnePlus', 'Phone'),
(9442, 'OnePlus5', 'OnePlus', 'Phone'),
(9443, 'OnePlus6T', 'OnePlus', 'Phone'),
(9444, 'OnePlus6T', 'OnePlus', 'Phone'),
(9446, 'X', 'OnePlus', 'Phone'),
(9451, 'OnePlus 6', 'OnePlus', 'Phone'),
(9481, 'CPH1725', 'Oppo', 'Phone'),
(9492, 'CPH1729', 'Oppo', 'Phone'),
(9496, 'CPH1853', 'Oppo', 'Phone'),
(9508, 'CPH1723', 'Oppo', 'Phone'),
(9517, 'CPH1851', 'Oppo', 'Phone'),
(9529, 'A37f', 'Oppo', 'Phone'),
(9532, 'R7005', 'Oppo', 'Phone'),
(9545, 'realme 2', 'Oppo', 'Phone'),
(9553, 'F1f', 'Oppo', 'Phone'),
(9565, 'realme C1', 'Oppo', 'Phone'),
(9584, 'CPH1707', 'Oppo', 'Phone'),
(9606, 'CPH1801', 'Oppo', 'Phone'),
(9612, 'CPH1701', 'Oppo', 'Phone'),
(9613, 'CPH1903', 'Oppo', 'Phone'),
(9640, 'R9s Plus', 'Oppo', 'Phone'),
(9642, 'A3s', 'Oppo', 'Phone'),
(9649, 'R9s', 'Oppo', 'Phone'),
(9682, 'F7', 'Oppo', 'Phone'),
(9720, 'Wonder', 'Orbic', 'Phone'),
(9785, 'K5', 'Oukitel', 'Phone'),
(9809, 'A5000', 'Packard Bell', 'Phone'),
(9955, 'IM-A850L', 'Pantech', 'Phone'),
(9963, 'IM-100K', 'Pantech', 'Phone'),
(10030, 'S326', 'Philips', 'Phone'),
(10080, 'I4G', 'Plaisio', 'Phone'),
(10366, 'MULTIPAD WIZE 3108 3G', 'Prestigio', 'Tablet'),
(10386, 'PMT3101_4G', 'Prestigio', 'Tablet'),
(10658, 'Phone 2', 'Razer', 'Phone'),
(10659, 'Phone 2', 'Razer', 'Phone'),
(10662, 'Voyager', 'RCA', 'Tablet'),
(10673, '10 Viking II', 'RCA', 'Tablet'),
(10683, '10 Viking Pro', 'RCA', 'Tablet'),
(10706, 'RCT6773W22', 'RCA', 'Tablet'),
(10709, '7 Voyager III', 'RCA', 'Tablet'),
(10724, 'RCT6773W42B', 'RCA', 'Tablet'),
(10727, 'RCT6873W42M', 'RCA', 'Tablet'),
(10736, 'realme 2 Pro', 'Realme', 'Phone'),
(10790, 'Redmi 6', 'Redmi', 'Phone'),
(10915, 'Galaxy Grand Prime', 'Samsung', 'Phone'),
(10918, 'Galaxy Grand Prime', 'Samsung', 'Phone'),
(10919, 'Galaxy Grand Prime', 'Samsung', 'Phone'),
(10920, 'Galaxy Grand Prime', 'Samsung', 'Phone'),
(10922, 'Galaxy Grand Prime', 'Samsung', 'Phone'),
(10924, 'Galaxy Grand Prime', 'Samsung', 'Phone'),
(10925, 'Galaxy Grand Prime', 'Samsung', 'Phone'),
(10926, 'Galaxy Grand Prime', 'Samsung', 'Phone'),
(10930, 'Galaxy Grand Prime', 'Samsung', 'Phone'),
(10939, 'Galaxy S8', 'Samsung', 'Phone'),
(10941, 'Galaxy S8', 'Samsung', 'Phone'),
(10942, 'Galaxy S8', 'Samsung', 'Phone'),
(10943, 'Galaxy S8', 'Samsung', 'Phone'),
(10945, 'Galaxy A9 Pro', 'Samsung', 'Phone'),
(10949, 'Galaxy Tab S3', 'Samsung', 'Tablet'),
(10953, 'Galaxy Tab S3', 'Samsung', 'Tablet'),
(10958, 'Galaxy S6 Active', 'Samsung', 'Phone'),
(10959, 'Galaxy J2 Core', 'Samsung', 'Phone'),
(10964, 'Galaxy Tab S2', 'Samsung', 'Tablet'),
(10966, 'Galaxy J5', 'Samsung', 'Phone'),
(10968, 'Galaxy J5', 'Samsung', 'Phone'),
(10970, 'Galaxy J5', 'Samsung', 'Phone'),
(10975, 'Galaxy J5', 'Samsung', 'Phone'),
(10979, 'Galaxy J3', 'Samsung', 'Phone'),
(10987, 'Galaxy Ace Style', 'Samsung', 'Phone'),
(10992, 'Galaxy A3', 'Samsung', 'Phone'),
(10994, 'Galaxy A3', 'Samsung', 'Phone'),
(11002, 'Galaxy C9 Pro', 'Samsung', 'Phone'),
(11005, 'Galaxy Note8', 'Samsung', 'Phone'),
(11006, 'Galaxy Note8', 'Samsung', 'Phone'),
(11010, 'Galaxy Note8', 'Samsung', 'Phone'),
(11011, 'Galaxy Note8', 'Samsung', 'Phone'),
(11013, 'Galaxy J5 Prime', 'Samsung', 'Phone'),
(11020, 'Galaxy S6 Edge', 'Samsung', 'Phone'),
(11025, 'Galaxy S6 edge', 'Samsung', 'Phone'),
(11026, 'Galaxy S6 Edge', 'Samsung', 'Phone'),
(11027, 'Galaxy S6 Edge', 'Samsung', 'Phone'),
(11030, 'Galaxy S6 Edge', 'Samsung', 'Phone'),
(11032, 'Galaxy J1 (2016)', 'Samsung', 'Phone'),
(11033, 'Galaxy J1(2016)', 'Samsung', 'Phone'),
(11042, 'Galaxy Note Edge', 'Samsung', 'Phone'),
(11052, 'Galaxy S4', 'Samsung', 'Phone'),
(11061, 'Galaxy S4', 'Samsung', 'Phone'),
(11080, 'Galaxy Tab A 8', 'Samsung', 'Tablet'),
(11083, 'Galaxy J1 Ace', 'Samsung', 'Phone'),
(11085, 'Galaxy J1 Ace', 'Samsung', 'Phone'),
(11086, 'Galaxy J1 Ace', 'Samsung', 'Phone'),
(11091, 'Galaxy J1', 'Samsung', 'Phone'),
(11092, 'Galaxy J1', 'Samsung', 'Phone'),
(11094, 'Galaxy J1', 'Samsung', 'Phone'),
(11098, 'Galaxy Note 10.1 2014 Edition', 'Samsung', 'Tablet'),
(11100, 'Galaxy Note 10.1 2014 Edition', 'Samsung', 'Tablet'),
(11101, 'Galaxy Note 10.1 2014 Edition', 'Samsung', 'Tablet'),
(11105, 'Galaxy J3 Emerge', 'Samsung', 'Phone'),
(11106, 'Galaxy A8(2018)', 'Samsung', 'Phone'),
(11108, 'Galaxy A8(2018)', 'Samsung', 'Phone'),
(11109, 'Galaxy A5(2017)', 'Samsung', 'Phone'),
(11110, 'Galaxy A5(2017)', 'Samsung', 'Phone'),
(11118, 'Galaxy Note4', 'Samsung', 'Phone'),
(11119, 'Galaxy Note4', 'Samsung', 'Phone'),
(11120, 'Galaxy Note4', 'Samsung', 'Phone'),
(11124, 'Galaxy Note4', 'Samsung', 'Phone'),
(11130, 'Galaxy Grand Neo Plus', 'Samsung', 'Phone'),
(11137, 'SM-J337A', 'Samsung', 'Phone'),
(11143, 'Galaxy Tab4 8.0', 'Samsung', 'Tablet'),
(11152, 'Galaxy Tab E 9.6', 'Samsung', 'Tablet'),
(11153, 'Galaxy Tab E 9.6', 'Samsung', 'Tablet'),
(11157, 'Galaxy S10', 'Samsung', 'Phone'),
(11158, 'Galaxy S10', 'Samsung', 'Phone'),
(11161, 'Galaxy S6', 'Samsung', 'Phone'),
(11166, 'Galaxy S6', 'Samsung', 'Phone'),
(11169, 'Galaxy S6', 'Samsung', 'Phone'),
(11171, 'Galaxy S6', 'Samsung', 'Phone'),
(11173, 'Galaxy S6', 'Samsung', 'Phone'),
(11178, 'Galaxy S6', 'Samsung', 'Phone'),
(11182, 'Galaxy S10e', 'Samsung', 'Phone'),
(11183, 'Galaxy S10e', 'Samsung', 'Phone'),
(11184, 'Galaxy S3 Neo', 'Samsung', 'Phone'),
(11193, 'Galaxy A8+(2018)', 'Samsung', 'Phone'),
(11194, 'Galaxy Tab3 VE 7.0', 'Samsung', 'Tablet'),
(11198, 'Galaxy J1 Mini', 'Samsung', 'Phone'),
(11200, 'Chromebook 3', 'Samsung', 'PC'),
(11201, 'Galaxy J7+', 'Samsung', 'Phone'),
(11205, 'Galaxy J7', 'Samsung', 'Phone'),
(11206, 'Galaxy J7', 'Samsung', 'Phone'),
(11208, 'Galaxy J7', 'Samsung', 'Phone'),
(11209, 'Galaxy J7', 'Samsung', 'Phone'),
(11210, 'Galaxy J7', 'Samsung', 'Phone'),
(11211, 'Galaxy J7 Prime', 'Samsung', 'Phone'),
(11213, 'Galaxy J7 Prime', 'Samsung', 'Phone'),
(11214, 'Galaxy J7 Prime', 'Samsung', 'Phone'),
(11217, 'Galaxy XCover4', 'Samsung', 'Phone'),
(11224, 'Galaxy A9 (2018)', 'Samsung', 'Phone'),
(11239, 'Galaxy J1 Mini Prime', 'Samsung', 'Phone'),
(11240, 'Galaxy Xcover3', 'Samsung', 'Phone'),
(11260, 'Galaxy S5 Neo', 'Samsung', 'Phone'),
(11261, 'Galaxy S5 Neo', 'Samsung', 'Phone'),
(11263, 'Galaxy J6+', 'Samsung', 'Phone'),
(11270, 'Galaxy J5(2016)', 'Samsung', 'Phone'),
(11276, 'Galaxy J7 V', 'Samsung', 'Phone'),
(11277, 'Galaxy J7 V', 'Samsung', 'Phone'),
(11278, 'Galaxy E7', 'Samsung', 'Phone'),
(11281, 'Galaxy E7', 'Samsung', 'Phone'),
(11288, 'Galaxy Tab E', 'Samsung', 'Tablet'),
(11290, 'Galaxy Note Fan Edition', 'Samsung', 'Phone'),
(11296, 'Galaxy S7 edge', 'Samsung', 'Phone'),
(11299, 'Galaxy S7 Edge', 'Samsung', 'Phone'),
(11301, 'Galaxy S7 edge', 'Samsung', 'Phone'),
(11302, 'Galaxy S7 Edge', 'Samsung', 'Phone'),
(11304, 'Galaxy S7 Edge', 'Samsung', 'Phone'),
(11305, 'Galaxy S7 Edge', 'Samsung', 'Phone'),
(11308, 'Galaxy S7 Edge', 'Samsung', 'Phone'),
(11310, 'Galaxy J7 Crown', 'Samsung', 'Phone'),
(11316, 'Galaxy Core Prime', 'Samsung', 'Phone'),
(11325, 'Galaxy Core Prime', 'Samsung', 'Phone'),
(11332, 'Galaxy J2 Prime', 'Samsung', 'Phone'),
(11342, 'Galaxy J3(2016)', 'Samsung', 'Phone'),
(11343, 'Galaxy J3(2016)', 'Samsung', 'Phone'),
(11347, 'Galaxy J3(2016)', 'Samsung', 'Phone'),
(11349, 'Galaxy J3(2016)', 'Samsung', 'Phone'),
(11350, 'Galaxy J3(2016)', 'Samsung', 'Phone'),
(11380, 'Galaxy J7 Max', 'Samsung', 'Phone'),
(11381, 'Galaxy J3 Pop', 'Samsung', 'Phone'),
(11382, 'Galaxy J3 Pop', 'Samsung', 'Phone'),
(11383, 'Galaxy J3 Pop', 'Samsung', 'Phone'),
(11384, 'Galaxy J3 Pop', 'Samsung', 'Phone'),
(11386, 'Galaxy A3(2017)', 'Samsung', 'Phone'),
(11388, 'Galaxy Note 8.0', 'Samsung', 'Tablet'),
(11401, 'Galaxy A6', 'Samsung', 'Phone'),
(11405, 'Galaxy A6', 'Samsung', 'Phone'),
(11407, 'Galaxy A6', 'Samsung', 'Phone'),
(11412, 'Galaxy J3 Eclipse', 'Samsung', 'Phone'),
(11431, 'Galaxy J7 Neo', 'Samsung', 'Phone'),
(11433, 'Galaxy Tab A6', 'Samsung', 'Tablet'),
(11435, 'Galaxy A6+', 'Samsung', 'Phone'),
(11436, 'Galaxy J7 Pop', 'Samsung', 'Phone'),
(11438, 'Galaxy J7 Pop', 'Samsung', 'Phone'),
(11443, 'Galaxy S5 mini', 'Samsung', 'Phone'),
(11456, 'Galaxy J7 Refine', 'Samsung', 'Phone'),
(11458, 'Galaxy Tab4 7.0', 'Samsung', 'Tablet'),
(11459, 'Galaxy Tab4 7.0', 'Samsung', 'Tablet'),
(11461, 'Galaxy Tab4 7.0', 'Samsung', 'Tablet'),
(11464, 'Galaxy Tab4 7.0', 'Samsung', 'Tablet'),
(11468, 'Galaxy Tab4 7.0', 'Samsung', 'Tablet'),
(11469, 'Galaxy Tab Pro 10.1', 'Samsung', 'Tablet'),
(11484, 'Galaxy J4+', 'Samsung', 'Phone'),
(11496, 'Galaxy Tab A', 'Samsung', 'Tablet'),
(11497, 'Galaxy Tab A', 'Samsung', 'Tablet'),
(11499, 'Galaxy Tab A', 'Samsung', 'Tablet'),
(11503, 'Galaxy A7(2017)', 'Samsung', 'Phone'),
(11505, 'Galaxy S9+', 'Samsung', 'Phone'),
(11508, 'Galaxy S9+', 'Samsung', 'Phone'),
(11510, 'Galaxy S9+', 'Samsung', 'Phone'),
(11512, 'Galaxy S9+', 'Samsung', 'Phone'),
(11513, 'Galaxy J2', 'Samsung', 'Phone'),
(11514, 'Galaxy J2', 'Samsung', 'Phone'),
(11515, 'Galaxy J2', 'Samsung', 'Phone'),
(11518, 'Galaxy J2', 'Samsung', 'Phone'),
(11523, 'Galaxy Note9', 'Samsung', 'Phone'),
(11525, 'Galaxy Note9', 'Samsung', 'Phone'),
(11526, 'Galaxy Note9', 'Samsung', 'Phone'),
(11528, 'Galaxy Note9', 'Samsung', 'Phone'),
(11529, 'Galaxy Note9', 'Samsung', 'Phone'),
(11531, 'Galaxy J3 V', 'Samsung', 'Phone'),
(11536, 'Galaxy Tab4 10.1', 'Samsung', 'Tablet'),
(11543, 'Galaxy Note3', 'Samsung', 'Phone'),
(11544, 'Galaxy Note3', 'Samsung', 'Phone'),
(11546, 'Galaxy Note3', 'Samsung', 'Phone'),
(11548, 'Galaxy Note3', 'Samsung', 'Phone'),
(11571, 'SM-J337AZ', 'Samsung', 'Phone'),
(11573, 'Galaxy TabS 10.5', 'Samsung', 'Tablet'),
(11586, 'Galaxy Note5', 'Samsung', 'Phone'),
(11587, 'Galaxy Note5', 'Samsung', 'Phone'),
(11588, 'Galaxy Note5', 'Samsung', 'Phone'),
(11590, 'Galaxy Note5', 'Samsung', 'Phone'),
(11593, 'Galaxy Note5', 'Samsung', 'Phone'),
(11594, 'Galaxy Note5', 'Samsung', 'Phone'),
(11598, 'Galaxy Note5', 'Samsung', 'Phone'),
(11604, 'Galaxy Tab S4', 'Samsung', 'Tablet'),
(11605, 'Galaxy Tab S4', 'Samsung', 'Tablet'),
(11606, 'Galaxy Tab S4', 'Samsung', 'Tablet'),
(11617, 'Galaxy TabS 8.4', 'Samsung', 'Tablet'),
(11627, 'Galaxy S9', 'Samsung', 'Phone'),
(11632, 'Galaxy S9', 'Samsung', 'Phone'),
(11633, 'Galaxy S9', 'Samsung', 'Phone'),
(11634, 'Galaxy S9', 'Samsung', 'Phone'),
(11635, 'Galaxy J4', 'Samsung', 'Phone'),
(11640, 'Galaxy S7', 'Samsung', 'Phone'),
(11642, 'Galaxy S7', 'Samsung', 'Phone'),
(11645, 'Galaxy S7', 'Samsung', 'Phone'),
(11646, 'Galaxy S7', 'Samsung', 'Phone'),
(11648, 'Galaxy S7', 'Samsung', 'Phone'),
(11652, 'Galaxy S7', 'Samsung', 'Phone'),
(11654, 'Galaxy S7', 'Samsung', 'Phone'),
(11655, 'Galaxy S7', 'Samsung', 'Phone'),
(11656, 'Galaxy S7', 'Samsung', 'Phone'),
(11658, 'Galaxy Tab A 8.0', 'Samsung', 'Tablet'),
(11659, 'Galaxy Tab A 8.0', 'Samsung', 'Tablet'),
(11661, 'Galaxy Tab A 8.0', 'Samsung', 'Tablet'),
(11667, 'Galaxy Tab A 8.0', 'Samsung', 'Tablet'),
(11669, 'Galaxy J5 Pro', 'Samsung', 'Phone'),
(11672, 'Galaxy S5', 'Samsung', 'Phone'),
(11674, 'Galaxy S5', 'Samsung', 'Phone'),
(11675, 'Galaxy S5', 'Samsung', 'Phone'),
(11685, 'Galaxy S5', 'Samsung', 'Phone'),
(11686, 'Galaxy S5', 'Samsung', 'Phone'),
(11702, 'Galaxy S4 Mini', 'Samsung', 'Phone'),
(11712, 'Galaxy S4 Mini', 'Samsung', 'Phone'),
(11731, 'Galaxy Tab3 Lite 7.0', 'Samsung', 'Tablet'),
(11743, 'Galaxy S3', 'Samsung', 'Phone'),
(11770, 'Galaxy On5', 'Samsung', 'Phone'),
(11773, 'Galaxy On5', 'Samsung', 'Phone'),
(11774, 'Galaxy On5', 'Samsung', 'Phone'),
(11780, 'Galaxy Tab4 10.0', 'Samsung', 'Tablet'),
(11784, 'Galaxy Alpha', 'Samsung', 'Phone'),
(11792, 'Galaxy J8', 'Samsung', 'Phone'),
(11803, 'Galaxy On7 Prime', 'Samsung', 'Phone'),
(11806, 'Galaxy C5 Pro', 'Samsung', 'Phone'),
(11825, 'Galaxy Note2', 'Samsung', 'Phone'),
(11826, 'Galaxy Note2', 'Samsung', 'Phone'),
(11846, 'Galaxy J6', 'Samsung', 'Phone'),
(11853, 'Galaxy Tab3V 7.0', 'Samsung', 'Tablet'),
(11855, 'Galaxy J7(2016)', 'Samsung', 'Phone'),
(11859, 'Galaxy J7(2016)', 'Samsung', 'Phone'),
(11870, 'Galaxy J7 Star', 'Samsung', 'Phone'),
(11876, 'Galaxy S5 LTE-A', 'Samsung', 'Phone'),
(11890, 'Galaxy S8 Active', 'Samsung', 'Phone'),
(11891, 'Galaxy S8 Active', 'Samsung', 'Phone'),
(11897, 'Galaxy Ace4', 'Samsung', 'Phone'),
(11901, 'Galaxy Note Pro 12.2', 'Samsung', 'Tablet'),
(11903, 'Galaxy Note Pro 12.2', 'Samsung', 'Tablet'),
(11908, 'Galaxy J3 Prime', 'Samsung', 'Phone'),
(11910, 'Galaxy J3 Prime', 'Samsung', 'Phone'),
(11911, 'Galaxy J3(2017)', 'Samsung', 'Phone'),
(11917, 'Galaxy S6 edge+', 'Samsung', 'Phone'),
(11918, 'Galaxy S6 Edge+', 'Samsung', 'Phone'),
(11920, 'Galaxy S6 Edge+', 'Samsung', 'Phone'),
(11929, 'Chromebook Plus (V2)', 'Samsung', 'PC'),
(11930, 'Galaxy J3 Aura', 'Samsung', 'Phone'),
(11934, 'Galaxy Tab A (2016)', 'Samsung', 'Tablet'),
(11935, 'Galaxy Tab A (2016)', 'Samsung', 'Tablet'),
(11939, 'Galaxy S7 Active', 'Samsung', 'Phone'),
(11940, 'Galaxy S10+', 'Samsung', 'Phone'),
(11942, 'Galaxy S10+', 'Samsung', 'Phone'),
(11945, 'Galaxy Tab A (2017)', 'Samsung', 'Tablet'),
(11956, 'Galaxy Star2 Plus', 'Samsung', 'Phone'),
(11961, 'Galaxy J7 Sky Pro', 'Samsung', 'Phone'),
(11964, 'Galaxy Note3 Neo', 'Samsung', 'Phone'),
(11970, 'Galaxy A5', 'Samsung', 'Phone'),
(11974, 'Galaxy A5', 'Samsung', 'Phone'),
(11981, 'Galaxy C5', 'Samsung', 'Phone'),
(11987, 'Galaxy Tab A 7.0', 'Samsung', 'Tablet'),
(11988, 'Galaxy Tab A 7.0', 'Samsung', 'Phone'),
(11994, 'Galaxy A7(2016)', 'Samsung', 'Phone'),
(11998, 'Galaxy A5(2016)', 'Samsung', 'Phone'),
(12003, 'Galaxy J3 Achieve', 'Samsung', 'Phone'),
(12009, 'Galaxy S5 Active', 'Samsung', 'Phone'),
(12010, 'Galaxy A7 (2018)', 'Samsung', 'Phone'),
(12015, 'Galaxy S8+', 'Samsung', 'Phone'),
(12016, 'Galaxy S8+', 'Samsung', 'Phone'),
(12017, 'Galaxy S8+', 'Samsung', 'Phone'),
(12018, 'Galaxy S8+', 'Samsung', 'Phone'),
(12019, 'Galaxy S8+', 'Samsung', 'Phone'),
(12021, 'Galaxy J3 Star', 'Samsung', 'Phone'),
(12023, 'Galaxy A3(2016)', 'Samsung', 'Phone'),
(12029, 'Galaxy Tab E 8.0', 'Samsung', 'Tablet'),
(12031, 'Galaxy Tab E 8.0', 'Samsung', 'Tablet'),
(12034, 'Galaxy Tab E 8.0', 'Samsung', 'Tablet'),
(12036, 'Galaxy Tab E 8.0', 'Samsung', 'Tablet'),
(12054, 'Galaxy J3 Orbit', 'Samsung', 'Phone'),
(12055, 'Galaxy J3 Orbit', 'Samsung', 'Phone'),
(12057, 'Galaxy Tab A (2016) with S Pen', 'Samsung', 'Tablet'),
(12080, 'Galaxy A7', 'Samsung', 'Phone'),
(12081, 'Galaxy A7', 'Samsung', 'Phone'),
(12082, 'Galaxy A7', 'Samsung', 'Phone'),
(12131, 'P5504', 'sencor', 'Phone'),
(12303, 'SHIFT6m', 'SHIFT', 'Phone'),
(12403, 'pro selfie', 'Sky Devices', 'Phone'),
(12410, 'PLATINUM_E5', 'Sky Devices', 'Phone'),
(12525, 'Xperia XA1 Ultra', 'Sony', 'Phone'),
(12526, 'Xperia XA1 Ultra', 'Sony', 'Phone'),
(12546, 'Xperia X Performance', 'Sony', 'Phone'),
(12555, 'Xperia Z3 Compact', 'Sony', 'Phone'),
(12556, 'Xperia Z3+', 'Sony', 'Phone'),
(12564, 'Xperia Z5 Premium', 'Sony', 'Phone'),
(12587, 'Xperia L1', 'Sony', 'Phone'),
(12589, 'Xperia L1', 'Sony', 'Phone'),
(12603, 'Xperia Z', 'Sony', 'Phone'),
(12610, 'Xperia XA1', 'Sony', 'Phone'),
(12618, 'Xperia X', 'Sony', 'Phone'),
(12626, 'Xperia Z5', 'Sony', 'Phone'),
(12632, 'Xperia XZ2', 'Sony', 'Phone'),
(12642, 'Xperia Z2 Tablet', 'Sony', 'Tablet'),
(12646, 'Xperia M4 Aqua', 'Sony', 'Phone'),
(12658, 'Xperia XA Ultra', 'Sony', 'Phone'),
(12663, 'Xperia E5', 'Sony', 'Phone'),
(12717, 'Xperia XZ Premium', 'Sony', 'Phone'),
(12718, 'Xperia XZ Premium', 'Sony', 'Phone'),
(12720, 'Xperia Z Ultra', 'Sony', 'Phone'),
(12726, 'Xperia XZ', 'Sony', 'Phone'),
(12729, 'Xperia XZ', 'Sony', 'Phone'),
(12737, 'Xperia E4 Dual', 'Sony', 'Phone'),
(12740, 'Xperia XZ1', 'Sony', 'Phone'),
(12743, 'Xperia XZ1', 'Sony', 'Phone'),
(12744, 'Xperia XZ1', 'Sony', 'Phone'),
(12748, 'Xperia Z2', 'Sony', 'Phone'),
(12749, 'Xperia XA2', 'Sony', 'Phone'),
(12753, 'Xperia XA2', 'Sony', 'Phone'),
(12766, 'Xperia XZ3', 'Sony', 'Phone'),
(12768, 'Xperia XZ3', 'Sony', 'Phone'),
(12776, 'Xperia 1', 'Sony', 'Phone'),
(12786, 'Xperia Z4 Tablet', 'Sony', 'Tablet'),
(12787, 'Xperia Z4 Tablet', 'Sony', 'Tablet'),
(12788, 'Xperia X Compact', 'Sony', 'Phone'),
(12796, 'Xperia XZ1 Compact', 'Sony', 'Phone'),
(12800, 'Xperia Z5 Compact', 'Sony', 'Phone'),
(12909, 'SSB504R', 'SSB PHONES', 'Phone'),
(13150, 'i20', 'Symphony', 'Phone'),
(13178, 'V85', 'Symphony', 'Phone'),
(13208, 'REVVL 2 PLUS', 'T-Mobile', 'Phone'),
(13209, 'REVVL 2', 'T-Mobile', 'Phone'),
(13255, 'A30', 'TCT (Alcatel)', 'Phone'),
(13259, 'ALCATEL PIXI 4 (5)', 'TCT (Alcatel)', 'Phone'),
(13267, 'ALCATEL 3C', 'TCT (Alcatel)', 'Phone'),
(13301, 'tbd', 'TCT (Alcatel)', 'Phone'),
(13303, 'TCL LX', 'TCT (Alcatel)', 'Phone'),
(13321, 'PIXI4 (3.5)', 'TCT (Alcatel)', 'Phone'),
(13364, '5059Z', 'TCT (Alcatel)', 'Phone'),
(13366, '9027W', 'TCT (Alcatel)', 'Phone'),
(13389, '5049W', 'TCT (Alcatel)', 'Phone'),
(13390, '8063A', 'TCT (Alcatel)', 'Tablet'),
(13401, 'ALCATEL ONETOUCH POP 3 (5)', 'TCT (Alcatel)', 'Phone'),
(13407, 'A466BG', 'TCT (Alcatel)', 'Phone'),
(13413, 'Alcatel Raven LTE', 'TCT (Alcatel)', 'Phone'),
(13416, 'Nitro', 'TCT (Alcatel)', 'Phone'),
(13425, 'ELEMENT5', 'TCT (Alcatel)', 'Phone'),
(13438, '5054S', 'TCT (Alcatel)', 'Phone'),
(13440, 'TETRA', 'TCT (Alcatel)', 'Phone'),
(13450, 'Alcatel 1', 'TCT (Alcatel)', 'Phone'),
(13458, 'U5', 'TCT (Alcatel)', 'Phone'),
(13468, 'ALCATEL ONE TOUCH 6032', 'TCT (Alcatel)', 'Phone'),
(13482, 'Fire', 'Tech 4u', 'Phone'),
(13572, 'CAMON 11', 'Tecno', 'Phone'),
(13651, 'W3 Pro', 'Tecno', 'Phone'),
(13734, 'hudl 2', 'Tesco', 'Tablet'),
(13949, 'Armor_3', 'Ulefone', 'Phone'),
(13965, 'Ulefone_S7', 'Ulefone', 'Phone'),
(13971, 'Armor 2', 'Ulefone', 'Phone'),
(13977, 'Armor6', 'Ulefone', 'Phone'),
(13995, 'UMAX', 'Umax', 'Phone'),
(13998, 'U452TL', 'Umax', 'Phone'),
(14012, 'One Max E', 'Umidigi', 'Phone'),
(14017, 'Z2 Pro', 'Umidigi', 'Phone'),
(14104, 's8', 'Vankyo', 'Tablet'),
(14142, 'Ellipsis 7 (QMV7B)', 'Verizon Wireless', 'Tablet'),
(14416, 'vivo 1806', 'Vivo', 'Phone'),
(14423, 'vivo 1726', 'Vivo', 'Phone'),
(14427, 'vivo 1724', 'Vivo', 'Phone'),
(14428, 'vivo 1714', 'Vivo', 'Phone'),
(14434, '1601E', 'Vivo', 'Phone'),
(14460, 'Y53', 'Vivo', 'Phone'),
(14464, 'vivo 1812', 'Vivo', 'Phone'),
(14468, 'vivo 1804', 'Vivo', 'Phone'),
(14483, 'Y71', 'Vivo', 'Phone'),
(14501, '1609T', 'Vivo', 'Phone'),
(14523, 'vivo 1807', 'Vivo', 'Phone'),
(14530, 'vivo 1723', 'Vivo', 'Phone'),
(14558, 'vivo 1803', 'Vivo', 'Phone'),
(14567, 'Y55s', 'Vivo', 'Phone'),
(14631, 'Smart V8', 'Vodafone', 'Phone'),
(14876, 'W_P200CM', 'Wiko', 'Phone'),
(14884, 'Harry2', 'Wiko', 'Phone'),
(14891, 'RAINBOW JAM', 'Wiko', 'Phone'),
(14894, 'LENNY3', 'Wiko', 'Phone'),
(14901, 'Sunny2 Plus', 'Wiko', 'Phone'),
(14916, 'W_K120', 'Wiko', 'Phone'),
(14976, 'TOMMY2', 'Wiko', 'Phone'),
(14985, 'Tommy2 Plus', 'Wiko', 'Phone'),
(14990, 'Spark', 'Wileyfox', 'Phone'),
(15088, 'JOY10_LTE', 'X-TIGI', 'Tablet'),
(15114, 'Mi A2 Lite', 'Xiaomi', 'Phone'),
(15115, 'MI6', 'Xiaomi', 'Phone'),
(15122, 'MI 5X', 'Xiaomi', 'Phone'),
(15123, 'Redmi Note 5A', 'Xiaomi', 'Phone'),
(15124, 'Redmi Note 5A', 'Xiaomi', 'Phone'),
(15127, 'MI PAD', 'Xiaomi', 'Tablet'),
(15129, 'MI MAX 3', 'Xiaomi', 'Phone'),
(15130, 'MIX 2S', 'Xiaomi', 'Phone'),
(15136, 'Redmi 5', 'Xiaomi', 'Phone'),
(15140, 'Mi A2', 'Xiaomi', 'Phone'),
(15142, 'Redmi Note 3', 'Xiaomi', 'Phone'),
(15152, 'MIX 3', 'Xiaomi', 'Phone'),
(15153, 'MI 8 Lite', 'Xiaomi', 'Phone'),
(15154, 'MI 8', 'Xiaomi', 'Phone'),
(15158, 'Redmi 5 Plus', 'Xiaomi', 'Phone'),
(15160, 'Redmi 4 Pro', 'Xiaomi', 'Phone'),
(15164, 'Redmi 4A', 'Xiaomi', 'Phone'),
(15166, 'Redmi 4X', 'Xiaomi', 'Phone'),
(15167, 'Mi 5', 'Xiaomi', 'Phone'),
(15168, 'HM 1SC', 'Xiaomi', 'Phone'),
(15169, 'MI MAX 2', 'Xiaomi', 'Phone'),
(15171, 'Redmi 3S', 'Xiaomi', 'Phone'),
(15181, 'Mi A1', 'Xiaomi', 'Phone'),
(15182, 'POCO F1', 'Xiaomi', 'Phone'),
(15184, 'Redmi Pro', 'Xiaomi', 'Phone'),
(15188, 'Redmi Note 5 Pro', 'Xiaomi', 'Phone'),
(15189, 'Redmi Note 4', 'Xiaomi', 'Phone'),
(15190, 'Redmi Note 4', 'Xiaomi', 'Phone'),
(15192, 'Redmi 3', 'Xiaomi', 'Phone'),
(15193, 'Redmi 6A', 'Xiaomi', 'Phone'),
(15195, 'Redmi  S2', 'Xiaomi', 'Phone'),
(15196, 'MI MAX', 'Xiaomi', 'Phone'),
(15198, 'Mi 5s', 'Xiaomi', 'Phone'),
(15199, 'MIX 2', 'Xiaomi', 'Phone'),
(15201, 'Redmi 5A', 'Xiaomi', 'Phone'),
(15206, 'MI 9', 'Xiaomi', 'Phone'),
(15208, 'Redmi 6Pro', 'Xiaomi', 'Phone'),
(15209, 'Redmi 6 Pro', 'Xiaomi', 'Phone'),
(15211, 'Mi Note2', 'Xiaomi', 'Phone'),
(15212, 'MI 5s Plus', 'Xiaomi', 'Phone'),
(15410, 'Z812', 'ZTE', 'Phone'),
(15418, 'Zmax Pro', 'ZTE', 'Phone'),
(15441, 'Majesty Pro LTE', 'ZTE', 'Phone'),
(15451, 'ZTE BLADE V Ultra Z982', 'ZTE', 'Phone'),
(15457, 'BLADE A6 MAX', 'ZTE', 'Phone'),
(15477, 'NX549J', 'ZTE', 'Phone'),
(15513, 'B2017G', 'ZTE', 'Phone'),
(15521, 'V831W', 'ZTE', 'Phone'),
(15529, 'ZTE Tempo X', 'ZTE', 'Phone'),
(15536, 'ZTE A2017G', 'ZTE', 'Phone'),
(15553, 'ZTE AVID 4', 'ZTE', 'Phone'),
(15566, 'GrayJoy', 'ZTE', 'Phone'),
(15574, 'N817', 'ZTE', 'Phone'),
(15577, 'K88', 'ZTE', 'Tablet'),
(15604, 'Warp 7', 'ZTE', 'Phone'),
(15611, 'Z717VL', 'ZTE', 'Phone'),
(15615, 'BLADE V8 SE', 'ZTE', 'Phone'),
(15681, 'Z839', 'ZTE', 'Phone'),
(15696, 'BOLTON', 'ZTE', 'Phone'),
(15699, 'ZTE BLADE V0850', 'ZTE', 'Phone'),
(15742, 'BLADE V0720', 'ZTE', 'Phone'),
(15748, 'Blade X Max', 'ZTE', 'Phone'),
(15780, 'ZTE ZFive C LTE', 'ZTE', 'Phone'),
(15782, 'Z963VL', 'ZTE', 'Phone');

--
-- Indexes for dumped tables
--

--
-- Indexes for table `instalacje`
--
ALTER TABLE `instalacje`
  ADD PRIMARY KEY (`kod_i`),
  ADD KEY `kod_k` (`kod_k`),
  ADD KEY `kod_u` (`kod_u`);

--
-- Indexes for table `kraje`
--
ALTER TABLE `kraje`
  ADD PRIMARY KEY (`kod_k`);

--
-- Indexes for table `urzadzenia`
--
ALTER TABLE `urzadzenia`
  ADD PRIMARY KEY (`kod_u`);

--
-- AUTO_INCREMENT for dumped tables
--

--
-- AUTO_INCREMENT for table `instalacje`
--
ALTER TABLE `instalacje`
  MODIFY `kod_i` int(11) NOT NULL AUTO_INCREMENT, AUTO_INCREMENT=4096;
COMMIT;

/*!40101 SET CHARACTER_SET_CLIENT=@OLD_CHARACTER_SET_CLIENT */;
/*!40101 SET CHARACTER_SET_RESULTS=@OLD_CHARACTER_SET_RESULTS */;
/*!40101 SET COLLATION_CONNECTION=@OLD_COLLATION_CONNECTION */;
