-- phpMyAdmin SQL Dump
-- version 5.2.1
-- https://www.phpmyadmin.net/
--
-- Host: localhost
-- Generation Time: Feb 22, 2025 at 08:42 PM
-- Server version: 10.4.28-MariaDB
-- PHP Version: 8.2.4

SET SQL_MODE = "NO_AUTO_VALUE_ON_ZERO";
START TRANSACTION;
SET time_zone = "+00:00";


/*!40101 SET @OLD_CHARACTER_SET_CLIENT=@@CHARACTER_SET_CLIENT */;
/*!40101 SET @OLD_CHARACTER_SET_RESULTS=@@CHARACTER_SET_RESULTS */;
/*!40101 SET @OLD_COLLATION_CONNECTION=@@COLLATION_CONNECTION */;
/*!40101 SET NAMES utf8mb4 */;

--
-- Database: `formula2015czerwiec2019`
--

-- --------------------------------------------------------

--
-- Table structure for table `agenci`
--

CREATE TABLE `agenci` (
  `Id_agenta` int(11) NOT NULL,
  `Imie` varchar(255) NOT NULL,
  `Nazwisko` varchar(255) NOT NULL
) ENGINE=InnoDB DEFAULT CHARSET=utf8mb4 COLLATE=utf8mb4_polish_ci;

--
-- Dumping data for table `agenci`
--

INSERT INTO `agenci` (`Id_agenta`, `Imie`, `Nazwisko`) VALUES
(1, 'Adam', 'Nowak'),
(2, 'Karolina', 'Adamczyk'),
(3, 'Milena', 'Karwik'),
(4, 'Sebastian', 'Babij'),
(5, 'Piotr', 'Kopacz'),
(6, 'Jerzy', 'Andrzejewski'),
(7, 'Krzysztof ', 'Nowak'),
(8, 'Karol', 'Zakowicz'),
(9, 'Karol', 'Szwarc'),
(10, 'Rozalia', 'Siedlecka');

-- --------------------------------------------------------

--
-- Table structure for table `klienci`
--

CREATE TABLE `klienci` (
  `Id_klienta` int(11) NOT NULL,
  `Nazwisko` varchar(255) NOT NULL,
  `Imie` varchar(255) NOT NULL
) ENGINE=InnoDB DEFAULT CHARSET=utf8mb4 COLLATE=utf8mb4_polish_ci;

--
-- Dumping data for table `klienci`
--

INSERT INTO `klienci` (`Id_klienta`, `Nazwisko`, `Imie`) VALUES
(1, 'Osure', 'Patryk'),
(2, 'Moroz', 'Justyna'),
(3, 'Zapotoczny', 'Anna'),
(4, 'Czapla', 'Katarzyna'),
(5, 'Szmanda', 'Agnieszka'),
(6, 'Kot', 'Tomasz'),
(7, 'Bielicka', 'Jolanta'),
(8, 'Jadczak', 'Pawel'),
(9, 'Wielgus', 'Tomasz'),
(10, 'Klimas', 'Filip'),
(11, 'Zamiara', 'Dawid'),
(12, 'Gorny', 'Tomasz'),
(13, 'Filipiak', 'Barbara'),
(14, 'Makowski', 'Kacper'),
(15, 'Gierulska', 'Jan'),
(16, 'Gwozdz', 'Michal'),
(17, 'Halba', 'Krzysztof'),
(18, 'Komar', 'Adam'),
(19, 'Gluszcz', 'Tomasz'),
(20, 'Kubacka', 'Izabela'),
(21, 'Sobota', 'Waclaw'),
(22, 'Szczeglik', 'Anna'),
(23, 'Bielicka', 'Lidia'),
(24, 'Krzyzaniak', 'Marek'),
(25, 'Grzelak', 'Honorata'),
(26, 'Florczak', 'Ewa'),
(27, 'Krawczyk', 'Ludmila'),
(28, 'Idyka', 'Bartlomiej'),
(29, 'Milik', 'Honorata'),
(30, 'Tonela', 'Paulina'),
(31, 'Strzelczyk', 'Marcin'),
(32, 'Krzeszowski', 'Maciej'),
(33, 'Janiak', 'Janusz'),
(34, 'Jedlinski', 'Jakub'),
(35, 'Zawadzka', 'Anita'),
(36, 'Benysek', 'Marta'),
(37, 'Krolik', 'Anna'),
(38, 'Graczyk', 'Wioletta'),
(39, 'Filipski', 'Tomasz'),
(40, 'Zielinski', 'Bartosz'),
(41, 'Grol', 'Jakub'),
(42, 'Gorska', 'Mariola'),
(43, 'Skrzypek', 'Katarzyna'),
(44, 'Icebake', 'Barbara'),
(45, 'Bak', 'Aleksandra'),
(46, 'Lewkowicz', 'Marta'),
(47, 'Aniol', 'Ewa'),
(48, 'Bynod', 'Marzena'),
(49, 'Zur', 'Leszek'),
(50, 'Piskorska', 'Anna'),
(51, 'Bielicka', 'Urszula'),
(52, 'Jaroszko', 'Tomasz'),
(53, 'Jezyk', 'Agnieszka'),
(54, 'Mitulski', 'Wenesa'),
(55, 'Markulak', 'Joanna'),
(56, 'Wojciechowski', 'Marian'),
(57, 'Gaweda', 'Magdalena'),
(58, 'Wator', 'Piotr'),
(59, 'Florczak', 'Anna'),
(60, 'Rozycki', 'Marcin'),
(61, 'Masztalerz', 'Piotr'),
(62, 'Pylit', 'Dominik'),
(63, 'Ostapczuk', 'Jedrzej'),
(64, 'Wegrzynowicz', 'Mikolaj'),
(65, 'Palmowska', 'Paulina'),
(66, 'Piotrowski', 'Katarzyna'),
(67, 'Kowalska', 'Barbara'),
(68, 'Nowak', 'Joanna'),
(69, 'Skalecki', 'Tomasz'),
(70, 'Kowalczyk', 'Wojciech'),
(71, 'Hadka', 'Rafal'),
(72, 'Bak', 'Jolanta'),
(73, 'Graczyk', 'Witold'),
(74, 'Skrzypek', 'Bernard'),
(75, 'Lapeta', 'Barbara'),
(76, 'Skowronski', 'Tomasz'),
(77, 'Wroz', 'Katarzyna'),
(78, 'Kazubski', 'Anna'),
(79, 'Bocian', 'Renata'),
(80, 'Fraczak', 'Pawel'),
(81, 'Lipa', 'Aleksandra'),
(82, 'Onuszko', 'Bartosz'),
(83, 'Mielniczak', 'Krzysztof'),
(84, 'Potocki', 'Mikolaj'),
(85, 'Skrzypek', 'Halina'),
(86, 'Kowalska', 'Izabella'),
(87, 'Wrobel', 'Ewa'),
(88, 'Odyme', 'Joanna'),
(89, 'Kryz', 'Malgorzata'),
(90, 'Zajac', 'Wladyslaw'),
(91, 'Iwanski', 'Mikolaj'),
(92, 'Janicka', 'Magdalena'),
(93, 'Matras', 'Malgorzata'),
(94, 'Korwek', 'Pawel'),
(95, 'Hywora', 'Marcin'),
(96, 'Garbaciak', 'Miroslaw'),
(97, 'Krzyzanowski', 'Andrzej'),
(98, 'Mis', 'Hanna'),
(99, 'Olszowska', 'Karolina'),
(100, 'Chryc', 'Monika'),
(101, 'Fajfer', 'Magdalena'),
(102, 'Kedziora', 'Paulina'),
(103, 'Nowak', 'Maciej'),
(104, 'Misiak', 'Mariusz'),
(105, 'Nowak', 'Waclaw'),
(106, 'Nowak', 'Katarzyna'),
(107, 'Florczak', 'Adam'),
(108, 'Chojnicki', 'Dariusz'),
(109, 'Marczak', 'Alicja'),
(110, 'Wit', 'Natalia'),
(111, 'Piglas', 'Marta'),
(112, 'Hajducki', 'Waldemar'),
(113, 'Dobra', 'Monika'),
(114, 'Gigiel', 'Weronika'),
(115, 'Olob', 'Karolina'),
(116, 'Nowak', 'Barbara'),
(117, 'Janiak', 'Halina'),
(118, 'Kowalska', 'Iwona'),
(119, 'Nowak', 'Przemyslaw'),
(120, 'Padoska', 'Malgorzata'),
(121, 'Wielebny', 'Adrian'),
(122, 'Lameta', 'Paulina'),
(123, 'Gorecki', 'Maciej'),
(124, 'Dobra', 'Marzena'),
(125, 'Moras', 'Radoslaw'),
(126, 'Packa', 'Leszek'),
(127, 'Kin', 'Marek'),
(128, 'Wolny', 'Pawel'),
(129, 'Czekala', 'Anna'),
(130, 'Zynacki', 'Slawomir'),
(131, 'Szkudlarek', 'Slawomir'),
(132, 'Sobczak', 'Kamila'),
(133, 'Blazuk', 'Konrad'),
(134, 'Sagan', 'Weronika'),
(135, 'Korczynski', 'Tomasz'),
(136, 'Chojnicki', 'Radoslaw'),
(137, 'Krawczyk', 'Karolina'),
(138, 'Skrzypek', 'Franciszka'),
(139, 'Loworski', 'Radoslaw'),
(140, 'Olejarz', 'Jakub'),
(141, 'Szarak', 'Grazyna'),
(142, 'Nowakowska', 'Alicja'),
(143, 'Nabim', 'Katarzyna'),
(144, 'Bak', 'Agnieszka'),
(145, 'Kowalska', 'Halina'),
(146, 'Bak', 'Ewa'),
(147, 'Lukasiewicz', 'Maciej'),
(148, 'Bielicka', 'Alina'),
(149, 'Hipcop', 'Anna'),
(150, 'Nowak', 'Iwona'),
(151, 'Misiak', 'Dorota'),
(152, 'Welnik', 'Dawid'),
(153, 'Fajfer', 'Danuta'),
(154, 'Nowak', 'Aleksandra'),
(155, 'Segin', 'Radoslaw'),
(156, 'Wardyn', 'Maria'),
(157, 'Wigura', 'Alina'),
(158, 'Kedzorek', 'Maciej'),
(159, 'Kubik', 'Kalina'),
(160, 'Rychly', 'Tomasz'),
(161, 'Mata', 'Patrycja'),
(162, 'Sciera', 'Piotr'),
(163, 'Chadzynska', 'Barbara'),
(164, 'Domin', 'Mateusz'),
(165, 'Bak', 'Barbara'),
(166, 'Szewczyk', 'Adam'),
(167, 'Jader', 'Dezyderiusz'),
(168, 'Dzika', 'Joanna'),
(169, 'Florczak', 'Maciej'),
(170, 'Cyna', 'Tomasz'),
(171, 'zelek', 'Piotr'),
(172, 'Lyczywek', 'Marcin'),
(173, 'Wisniewski', 'Tomasz'),
(174, 'Szymanska', 'Hanna'),
(175, 'Tomaszewski', 'Przemyslaw'),
(176, 'Cichy', 'Maciej'),
(177, 'Nowak', 'Bogdan'),
(178, 'Nowak', 'Przemyslaw'),
(179, 'Wota', 'Katarzyna'),
(180, 'Mackowiak', 'Wojciech'),
(181, 'Ruby', 'Katarzyna'),
(182, 'Sroka', 'Krzysztof'),
(183, 'Pieczarka', 'Ida'),
(184, 'Dobra', 'Aleksandra'),
(185, 'Jasienica', 'zaneta'),
(186, 'Halla', 'Justyna'),
(187, 'Wachocz', 'Lech'),
(188, 'Merda', 'Kacper'),
(189, 'Bocian', 'Dorota'),
(190, 'Nowicka', 'Martyna'),
(191, 'Skora', 'Antoni'),
(192, 'Noga', 'Mieczyslaw'),
(193, 'Wyrobski', 'Wojciech'),
(194, 'Guzik', 'Malgorzata'),
(195, 'Lewandowski', 'Kacper'),
(196, 'Pawlowska', 'Agnieszka'),
(197, 'Lenartowicz', 'Pawel'),
(198, 'Misiak', 'Katarzyna'),
(199, 'Dedof', 'Joanna'),
(200, 'Lukaszewicz', 'Magdalena');

-- --------------------------------------------------------

--
-- Table structure for table `oferty`
--

CREATE TABLE `oferty` (
  `Id_oferty` varchar(255) NOT NULL,
  `Woj` varchar(255) NOT NULL,
  `Status` varchar(255) NOT NULL,
  `Pow` int(11) NOT NULL,
  `L_pokoi` int(11) NOT NULL,
  `L_laz` int(11) NOT NULL,
  `Cena` int(11) NOT NULL,
  `Data_zglosz` date NOT NULL,
  `Id_agenta` int(11) NOT NULL
) ENGINE=InnoDB DEFAULT CHARSET=utf8mb4 COLLATE=utf8mb4_polish_ci;

--
-- Dumping data for table `oferty`
--

INSERT INTO `oferty` (`Id_oferty`, `Woj`, `Status`, `Pow`, `L_pokoi`, `L_laz`, `Cena`, `Data_zglosz`, `Id_agenta`) VALUES
('AB536MN', 'lodzkie', 'S', 120, 3, 1, 350000, '2016-01-15', 8),
('AB537DT', 'dolnoslaskie', 'A', 100, 3, 2, 215000, '2016-01-25', 6),
('AB538MN', 'kujawsko-pomorskie', 'S', 59, 2, 2, 315000, '2016-01-25', 3),
('AB539DN', 'mazowieckie', 'S', 112, 4, 1, 379000, '2016-01-25', 4),
('AB540DT', 'lubelskie', 'S', 89, 4, 2, 248500, '2016-01-30', 1),
('AB541DN', 'podlaskie', 'S', 126, 4, 2, 297500, '2016-02-01', 4),
('AB542MN', 'mazowieckie', 'A', 99, 4, 1, 259900, '2016-02-04', 4),
('AB543MT', 'podlaskie', 'A', 85, 4, 2, 325000, '2015-02-10', 5),
('AB544DT', 'mazowieckie', 'A', 150, 4, 1, 208750, '2016-02-21', 1),
('AB545MN', 'lubelskie', 'A', 80, 4, 1, 227500, '2016-02-22', 3),
('AB546MN', 'lubelskie', 'A', 160, 3, 2, 259900, '2016-03-04', 2),
('AB547DT', 'podlaskie', 'S', 124, 2, 2, 405000, '2016-03-05', 9),
('AB548MN', 'mazowieckie', 'A', 89, 2, 2, 236900, '2016-03-07', 4),
('AB549MN', 'podlaskie', 'A', 112, 3, 1, 240000, '2016-03-11', 5),
('AB550DN', 'mazowieckie', 'A', 58, 4, 1, 120000, '2016-03-13', 2),
('AB551DT', 'podlaskie', 'A', 157, 4, 2, 349900, '2016-03-19', 1),
('AB552DT', 'lubelskie', 'A', 133, 4, 2, 249000, '2016-03-19', 2),
('AB553DN', 'lubelskie', 'A', 96, 4, 1, 229500, '2016-03-22', 8),
('AB554MN', 'pomorskie', 'A', 113, 3, 2, 359900, '2016-03-29', 6),
('AB555DT', 'mazowieckie', 'S', 112, 3, 1, 335000, '2016-04-01', 3),
('AB556DT', 'lodzkie', 'A', 135, 5, 1, 360000, '2016-04-02', 4),
('AB557MT', 'lubelskie', 'A', 83, 4, 1, 349000, '2016-04-03', 1),
('AB558MN', 'mazowieckie', 'S', 102, 3, 2, 249000, '2016-04-09', 4),
('AB559DN', 'podlaskie', 'A', 72, 4, 1, 309950, '2016-04-12', 4),
('AB560DN', 'lubelskie', 'S', 98, 3, 2, 325000, '2016-04-12', 5),
('AB561DN', 'podlaskie', 'A', 101, 2, 1, 285000, '2016-04-16', 1),
('AB562DT', 'mazowieckie', 'A', 90, 4, 1, 375000, '2016-04-17', 3),
('AB563MN', 'mazowieckie', 'S', 70, 4, 1, 369900, '2016-04-20', 2),
('AB564MN', 'mazowieckie', 'S', 104, 3, 1, 214500, '2016-04-20', 9),
('AB565DN', 'mazowieckie', 'S', 110, 3, 1, 289000, '2016-04-20', 4),
('AB566DN', 'lubelskie', 'A', 89, 3, 2, 273500, '2016-04-21', 5),
('AB567DN', 'lubelskie', 'S', 82, 3, 1, 242500, '2016-04-26', 2),
('AB568MN', 'podlaskie', 'S', 129, 3, 1, 379000, '2016-04-26', 1),
('AB569DT', 'lubuskie', 'S', 93, 3, 1, 350000, '2016-04-27', 2),
('AB570DN', 'mazowieckie', 'A', 75, 4, 1, 354000, '2016-04-28', 4),
('AB571DT', 'lubelskie', 'A', 109, 5, 1, 425900, '2016-04-30', 5),
('AB572DN', 'mazowieckie', 'S', 106, 3, 1, 204900, '2016-05-02', 9),
('AB573MN', 'mazowieckie', 'A', 117, 2, 1, 239900, '2016-05-06', 4),
('AB574DN', 'lubelskie', 'S', 107, 4, 1, 269900, '2016-05-07', 5),
('AB575DN', 'podlaskie', 'S', 104, 4, 2, 338876, '2016-05-08', 2),
('AB576MN', 'mazowieckie', 'S', 80, 3, 1, 299000, '2016-05-09', 1),
('AB577DN', 'podlaskie', 'S', 105, 4, 2, 229900, '2016-05-13', 2),
('AB578DN', 'podlaskie', 'A', 113, 3, 1, 264900, '2016-05-17', 9),
('AB579DN', 'lubelskie', 'A', 128, 4, 2, 364900, '2016-05-18', 6),
('AB580DN', 'mazowieckie', 'A', 111, 4, 1, 235910, '2016-05-24', 4),
('AB581DT', 'lubelskie', 'A', 62, 3, 1, 205000, '2016-05-24', 2),
('AB582DN', 'mazowieckie', 'A', 67, 4, 1, 325000, '2016-05-26', 5),
('AB583DN', 'mazowieckie', 'S', 75, 4, 1, 398000, '2016-06-01', 8),
('AB584DN', 'podlaskie', 'A', 77, 4, 1, 247500, '2016-06-02', 4),
('AB585DN', 'podlaskie', 'A', 73, 8, 1, 545000, '2016-06-03', 1),
('AB586DT', 'lubelskie', 'A', 90, 5, 1, 309900, '2016-06-05', 8),
('AB587DN', 'podlaskie', 'A', 99, 3, 2, 365000, '2016-06-14', 6),
('AB588DT', 'lubelskie', 'A', 102, 4, 1, 319000, '2016-06-17', 4),
('AB589DT', 'lubelskie', 'A', 89, 3, 1, 339900, '2016-06-17', 3),
('AB590DT', 'mazowieckie', 'A', 109, 4, 2, 375000, '2016-06-21', 8),
('AB591MN', 'mazowieckie', 'S', 132, 3, 2, 229900, '2016-06-25', 6),
('AB592MN', 'lubelskie', 'A', 132, 4, 2, 238000, '2016-07-01', 3),
('AB593DN', 'mazowieckie', 'A', 75, 4, 1, 265000, '2016-07-01', 4),
('AB594DN', 'lubelskie', 'S', 74, 3, 1, 250000, '2016-07-02', 1),
('AB595DT', 'lubelskie', 'A', 76, 4, 1, 225911, '2016-07-08', 4),
('AB596MT', 'mazowieckie', 'S', 65, 3, 1, 369900, '2016-07-11', 4),
('AB597DT', 'mazowieckie', 'A', 68, 4, 1, 225000, '2016-07-13', 5),
('AB598MN', 'podlaskie', 'A', 114, 3, 1, 319000, '2016-07-13', 1),
('AB599MN', 'lubelskie', 'S', 162, 4, 2, 229900, '2016-07-17', 3),
('AB600MN', 'kujawsko-pomorskie', 'S', 106, 2, 2, 189000, '2016-07-27', 2),
('AB601DN', 'mazowieckie', 'S', 125, 5, 2, 574900, '2016-08-06', 7),
('AB602MN', 'lubelskie', 'A', 77, 3, 1, 379900, '2016-08-12', 6),
('AB603DN', 'mazowieckie', 'A', 102, 4, 1, 389500, '2016-08-14', 10),
('AB604MT', 'podlaskie', 'S', 101, 4, 2, 235990, '2016-08-16', 2),
('AB605DN', 'lubelskie', 'A', 104, 4, 1, 245000, '2016-08-19', 9),
('AB606DN', 'lubelskie', 'A', 144, 3, 2, 359000, '2016-08-28', 9),
('AB607MT', 'swietokrzyskie', 'S', 94, 4, 1, 355000, '2016-08-30', 10),
('AB608DT', 'podlaskie', 'A', 86, 4, 1, 225000, '2016-09-02', 2),
('AB609DT', 'lubelskie', 'A', 83, 3, 1, 229900, '2016-09-05', 1),
('AB610DN', 'lubelskie', 'S', 138, 4, 2, 208750, '2016-09-05', 2),
('AB611DT', 'podlaskie', 'A', 75, 6, 1, 229500, '2016-09-05', 8),
('AB612DN', 'podlaskie', 'A', 70, 4, 1, 239900, '2016-09-05', 5),
('AB613DN', 'podlaskie', 'S', 111, 3, 1, 236900, '2016-09-10', 5),
('AB614DN', 'lubelskie', 'A', 104, 4, 2, 205500, '2016-09-14', 9),
('AB615DN', 'podlaskie', 'A', 146, 4, 2, 374900, '2016-09-17', 1),
('AB616DN', 'mazowieckie', 'S', 88, 4, 1, 268500, '2016-09-21', 8),
('AB617DN', 'podlaskie', 'A', 103, 4, 1, 349000, '2016-09-24', 3),
('AB618DT', 'lubelskie', 'A', 117, 3, 2, 238000, '2016-09-28', 7),
('AB619DT', 'mazowieckie', 'A', 66, 4, 1, 349000, '2016-09-29', 9),
('AB620DN', 'podlaskie', 'S', 86, 3, 2, 369900, '2016-10-01', 1),
('AB621MT', 'podlaskie', 'S', 86, 4, 1, 215000, '2016-10-01', 9),
('AB622DT', 'lubelskie', 'A', 123, 4, 2, 309950, '2016-10-02', 3),
('AB623DN', 'zachodniopomorskie', 'A', 90, 4, 1, 338876, '2016-10-08', 10),
('AB624MT', 'lubelskie', 'S', 82, 3, 1, 359900, '2016-10-11', 3),
('AB625MN', 'mazowieckie', 'S', 76, 4, 1, 229500, '2016-10-11', 3),
('AB626DT', 'mazowieckie', 'S', 104, 3, 2, 349000, '2016-10-13', 7),
('AB627DN', 'lubelskie', 'S', 116, 4, 2, 249900, '2016-10-13', 8),
('AB628MT', 'podlaskie', 'S', 109, 4, 2, 345000, '2016-10-15', 6),
('AB629DN', 'swietokrzyskie', 'A', 86, 3, 1, 225911, '2016-10-18', 6),
('AB630DN', 'podlaskie', 'A', 75, 4, 1, 389900, '2016-10-20', 2),
('AB631DN', 'lubelskie', 'A', 24, 1, 1, 389000, '2016-10-22', 5),
('AB632DT', 'podlaskie', 'A', 35, 1, 1, 107250, '2016-10-22', 4),
('AB633DN', 'swietokrzyskie', 'A', 48, 2, 1, 158750, '2016-10-27', 8),
('AB634MN', 'lubelskie', 'A', 111, 3, 2, 132450, '2016-10-29', 4),
('AB635DN', 'mazowieckie', 'A', 63, 3, 1, 114750, '2016-10-31', 1),
('AB636DN', 'podlaskie', 'A', 105, 4, 2, 169950, '2016-11-02', 6),
('AB637MN', 'lubelskie', 'S', 84, 4, 1, 150000, '2016-11-05', 1),
('AB638DT', 'podlaskie', 'S', 155, 4, 2, 112955, '2016-11-06', 2),
('AB639DN', 'mazowieckie', 'A', 75, 4, 1, 182500, '2016-11-07', 4),
('AB640DN', 'podlaskie', 'A', 101, 4, 1, 122500, '2016-11-08', 1),
('AB641DT', 'mazowieckie', 'A', 50, 3, 1, 124950, '2016-11-11', 5),
('AB642DN', 'podlaskie', 'S', 88, 4, 1, 119950, '2016-11-12', 10),
('AB643MN', 'podkarpackie', 'S', 88, 3, 1, 124950, '2016-11-13', 2),
('AB644MT', 'mazowieckie', 'A', 76, 3, 1, 174500, '2016-11-14', 8),
('AB645MN', 'mazowieckie', 'A', 109, 4, 1, 102750, '2016-11-22', 4),
('AB646DN', 'podlaskie', 'A', 78, 4, 1, 169950, '2016-11-23', 8),
('AB647MN', 'lubelskie', 'A', 48, 4, 1, 119950, '2016-11-26', 8),
('AB648DN', 'podlaskie', 'A', 117, 4, 2, 125000, '2016-12-06', 5),
('AB649DN', 'podkarpackie', 'S', 119, 4, 2, 124500, '2016-12-07', 3),
('AB650MN', 'lubelskie', 'S', 75, 3, 1, 117995, '2016-12-08', 7),
('AB651MT', 'mazowieckie', 'S', 114, 3, 2, 174500, '2016-12-08', 5),
('AB652MN', 'swietokrzyskie', 'A', 87, 4, 1, 170000, '2016-12-10', 8),
('AB653DN', 'zachodniopomorskie', 'A', 123, 4, 2, 145000, '2016-12-12', 6),
('AB654DT', 'lubelskie', 'A', 83, 4, 1, 113750, '2016-12-13', 3),
('AB655DN', 'zachodniopomorskie', 'S', 76, 4, 1, 136250, '2016-12-16', 2),
('AB656MN', 'mazowieckie', 'A', 74, 3, 1, 99500, '2016-12-19', 1),
('AB657DN', 'mazowieckie', 'A', 82, 3, 1, 172500, '2016-12-19', 8),
('AB658DN', 'lubuskie', 'A', 138, 4, 2, 121500, '2016-12-19', 1),
('AB659MN', 'warminsko-mazurskie', 'S', 94, 4, 1, 132450, '2016-12-21', 1),
('AB660DN', 'mazowieckie', 'S', 121, 3, 2, 180000, '2016-12-24', 4),
('AB661MN', 'mazowieckie', 'A', 28, 1, 1, 110000, '2016-12-28', 4),
('AB662MN', 'podlaskie', 'A', 35, 1, 1, 157000, '2016-12-28', 3),
('AB663MN', 'podlaskie', 'S', 42, 2, 1, 178200, '2017-01-08', 8),
('AB664MN', 'kujawsko-pomorskie', 'A', 45, 2, 1, 200500, '2017-01-11', 7),
('AB665MN', 'zachodniopomorskie', 'A', 56, 3, 1, 240000, '2017-01-12', 3),
('AB666DN', 'swietokrzyskie', 'A', 220, 6, 3, 450000, '2017-03-01', 7),
('AB667DN', 'kujawsko-pomorskie', 'A', 120, 3, 2, 225500, '2017-01-16', 7),
('AB668MN', 'lubuskie', 'A', 86, 3, 1, 186200, '2017-01-20', 6),
('AB669MN', 'wielkopolskie', 'S', 32, 1, 1, 156000, '2017-01-30', 5),
('AB670DN', 'wielkopolskie', 'A', 208, 5, 3, 358400, '2017-04-20', 8),
('AB671DN', 'podlaskie', 'A', 106, 4, 1, 256000, '2017-02-05', 9),
('AB672DT', 'kujawsko-pomorskie', 'A', 212, 6, 2, 575000, '2017-03-04', 4),
('AB673DN', 'swietokrzyskie', 'A', 114, 4, 2, 345000, '2017-02-11', 3),
('AB674DN', 'mazowieckie', 'A', 175, 5, 2, 420000, '2017-02-11', 2),
('AB675DN', 'lodzkie', 'A', 159, 6, 2, 360000, '2017-02-11', 5),
('AB676MN', 'dolnoslaskie', 'S', 34, 1, 1, 170000, '2017-02-14', 4),
('AB677DN', 'zachodniopomorskie', 'S', 230, 8, 3, 485000, '2017-01-14', 2),
('AB678DN', 'podlaskie', 'A', 125, 4, 2, 300000, '2017-02-15', 6),
('AB679DN', 'mazowieckie', 'A', 146, 5, 2, 264000, '2017-02-17', 2),
('AB680DT', 'wielkopolskie', 'A', 220, 6, 2, 520000, '2017-03-06', 1),
('AB681DN', 'pomorskie', 'S', 242, 6, 3, 468400, '2017-03-16', 10),
('AB682DN', 'swietokrzyskie', 'A', 203, 5, 3, 485000, '2017-04-22', 1),
('AB683DN', 'podlaskie', 'A', 195, 5, 2, 395800, '2017-04-30', 5),
('AB684DN', 'dolnoslaskie', 'A', 180, 4, 2, 360000, '2017-03-11', 3),
('AB685MN', 'lodzkie', 'S', 99, 4, 1, 260000, '2017-03-11', 5),
('AB686MN', 'opolskie', 'A', 192, 6, 2, 375000, '2017-04-09', 1),
('AB687DN', 'dolnoslaskie', 'A', 163, 5, 2, 350000, '2017-03-18', 6),
('AB688DN', 'kujawsko-pomorskie', 'A', 113, 4, 2, 289000, '2017-03-20', 8),
('AB689MT', 'mazowieckie', 'S', 77, 4, 1, 186000, '2017-03-27', 2),
('AB690MN', 'lubuskie', 'A', 32, 1, 1, 156000, '2017-04-05', 6),
('AB691MT', 'lubuskie', 'A', 39, 2, 1, 170000, '2017-04-06', 3),
('AB692DT', 'malopolskie', 'A', 244, 8, 3, 650000, '2017-02-01', 5),
('AB693DN', 'opolskie', 'A', 182, 7, 2, 425000, '2017-02-15', 7),
('AB694DN', 'dolnoslaskie', 'A', 212, 8, 3, 630000, '2017-02-09', 9),
('AB695MT', 'podkarpackie', 'A', 162, 5, 2, 420800, '2017-04-18', 1),
('AB696MT', 'wielkopolskie', 'A', 42, 2, 1, 160000, '2017-04-19', 10),
('AB697DN', 'mazowieckie', 'A', 195, 6, 2, 460000, '2017-04-10', 9),
('AB698DN', 'podkarpackie', 'S', 214, 7, 3, 535000, '2017-02-21', 9),
('AB699MT', 'lodzkie', 'A', 68, 3, 1, 190500, '2017-04-25', 9),
('AB700MT', 'mazowieckie', 'A', 85, 4, 1, 265000, '2017-04-25', 7),
('AB701DN', 'swietokrzyskie', 'A', 168, 6, 2, 364000, '2017-04-25', 4),
('AB702MT', 'mazowieckie', 'A', 49, 3, 1, 186000, '2017-04-30', 1),
('AB703DN', 'lubuskie', 'S', 195, 6, 2, 380000, '2017-04-10', 1),
('AB704DN', 'podlaskie', 'A', 138, 4, 2, 250000, '2017-04-30', 10),
('AB705DN', 'mazowieckie', 'A', 160, 4, 2, 350000, '2017-04-30', 6);

-- --------------------------------------------------------

--
-- Table structure for table `zainteresowanie`
--

CREATE TABLE `zainteresowanie` (
  `Id_oferty` varchar(255) NOT NULL,
  `Id_klienta` int(11) NOT NULL,
  `Lp` int(11) NOT NULL
) ENGINE=InnoDB DEFAULT CHARSET=utf8mb4 COLLATE=utf8mb4_polish_ci;

--
-- Dumping data for table `zainteresowanie`
--

INSERT INTO `zainteresowanie` (`Id_oferty`, `Id_klienta`, `Lp`) VALUES
('AB643MN', 55, 1),
('AB536MN', 54, 2),
('AB537DT', 80, 3),
('AB643MN', 48, 4),
('AB538MN', 145, 5),
('AB539DN', 20, 6),
('AB553DN', 151, 7),
('AB540DT', 22, 8),
('AB541DN', 134, 9),
('AB545MN', 71, 10),
('AB542MN', 121, 11),
('AB543MT', 6, 12),
('AB559DN', 146, 13),
('AB583DN', 19, 14),
('AB544DT', 44, 15),
('AB545MN', 195, 16),
('AB546MN', 77, 17),
('AB547DT', 1, 18),
('AB551DT', 58, 19),
('AB553DN', 32, 20),
('AB602MN', 112, 21),
('AB561DN', 54, 22),
('AB548MN', 194, 23),
('AB549MN', 126, 24),
('AB573MN', 13, 25),
('AB550DN', 34, 26),
('AB553DN', 8, 27),
('AB551DT', 196, 28),
('AB545MN', 11, 29),
('AB552DT', 57, 30),
('AB553DN', 27, 31),
('AB554MN', 131, 32),
('AB559DN', 119, 33),
('AB555DT', 146, 34),
('AB556DT', 189, 35),
('AB557MT', 8, 36),
('AB573MN', 99, 37),
('AB625MN', 54, 38),
('AB573MN', 3, 39),
('AB559DN', 130, 40),
('AB560DN', 102, 41),
('AB561DN', 99, 42),
('AB573MN', 19, 43),
('AB571DT', 105, 44),
('AB563MN', 148, 45),
('AB564MN', 102, 46),
('AB565DN', 105, 47),
('AB553DN', 9, 48),
('AB643MN', 198, 49),
('AB566DN', 43, 50),
('AB567DN', 85, 51),
('AB568MN', 105, 52),
('AB609DT', 86, 53),
('AB569DT', 2, 54),
('AB571DT', 147, 55),
('AB572DN', 150, 56),
('AB539DN', 176, 57),
('AB573MN', 191, 58),
('AB574DN', 14, 59),
('AB575DN', 200, 60),
('AB539DN', 169, 61),
('AB576MN', 107, 62),
('AB577DN', 158, 63),
('AB578DN', 143, 64),
('AB698DN', 119, 65),
('AB579DN', 89, 66),
('AB580DN', 103, 67),
('AB581DT', 114, 68),
('AB582DN', 113, 69),
('AB577DN', 63, 70),
('AB583DN', 48, 71),
('AB584DN', 86, 72),
('AB577DN', 20, 73),
('AB585DN', 156, 74),
('AB586DT', 18, 75),
('AB587DN', 84, 76),
('AB553DN', 62, 77),
('AB588DT', 142, 78),
('AB589DT', 65, 79),
('AB609DT', 126, 80),
('AB590DT', 150, 81),
('AB591MN', 165, 82),
('AB592MN', 25, 83),
('AB553DN', 52, 84),
('AB593DN', 148, 85),
('AB594DN', 138, 86),
('AB595DT', 70, 87),
('AB596MT', 163, 88),
('AB581DT', 54, 89),
('AB597DT', 77, 90),
('AB553DN', 122, 91),
('AB598MN', 25, 92),
('AB599MN', 166, 93),
('AB581DT', 196, 94),
('AB600MN', 141, 95),
('AB601DN', 170, 96),
('AB670DN', 195, 97),
('AB602MN', 163, 98),
('AB603DN', 199, 99),
('AB610DN', 29, 100),
('AB604MT', 73, 101),
('AB605DN', 77, 102),
('AB606DN', 33, 103),
('AB698DN', 151, 104),
('AB607MT', 171, 105),
('AB626DT', 187, 106),
('AB608DT', 95, 107),
('AB609DT', 89, 108),
('AB610DN', 142, 109),
('AB553DN', 130, 110),
('AB611DT', 139, 111),
('AB612DN', 40, 112),
('AB613DN', 91, 113),
('AB614DN', 113, 114),
('AB615DN', 42, 115),
('AB610DN', 146, 116),
('AB616DN', 10, 117),
('AB617DN', 199, 118),
('AB618DT', 116, 119),
('AB610DN', 171, 120),
('AB619DT', 7, 121),
('AB620DN', 37, 122),
('AB621MT', 127, 123),
('AB622DT', 194, 124),
('AB623DN', 149, 125),
('AB553DN', 42, 126),
('AB624MT', 56, 127),
('AB625MN', 52, 128),
('AB626DT', 97, 129),
('AB670DN', 185, 130),
('AB627DN', 21, 131),
('AB628MT', 102, 132),
('AB629DN', 150, 133),
('AB626DT', 7, 134),
('AB630DN', 43, 135),
('AB631DN', 13, 136),
('AB632DT', 174, 137),
('AB622DT', 75, 138),
('AB633DN', 73, 139),
('AB634MN', 53, 140),
('AB610DN', 85, 141),
('AB635DN', 154, 142),
('AB636DN', 113, 143),
('AB637MN', 120, 144),
('AB553DN', 91, 145),
('AB638DT', 177, 146),
('AB670DN', 150, 147),
('AB639DN', 154, 148),
('AB687DN', 13, 149),
('AB640DN', 126, 150),
('AB641DT', 117, 151),
('AB642DN', 104, 152),
('AB687DN', 103, 153),
('AB643MN', 9, 154),
('AB644MT', 106, 155),
('AB622DT', 172, 156),
('AB645MN', 82, 157),
('AB646DN', 141, 158),
('AB647MN', 4, 159),
('AB648DN', 189, 160),
('AB626DT', 57, 161),
('AB649DN', 60, 162),
('AB650MN', 25, 163),
('AB651MT', 119, 164),
('AB652MN', 5, 165),
('AB610DN', 185, 166),
('AB653DN', 140, 167),
('AB654DT', 153, 168),
('AB655DN', 42, 169),
('AB656MN', 136, 170),
('AB670DN', 197, 171),
('AB657DN', 37, 172),
('AB658DN', 21, 173),
('AB653DN', 51, 174),
('AB659MN', 53, 175),
('AB660DN', 73, 176),
('AB661MN', 41, 177),
('AB670DN', 199, 178),
('AB662MN', 128, 179),
('AB663MN', 147, 180),
('AB664MN', 62, 181),
('AB610DN', 136, 182),
('AB665MN', 47, 183),
('AB677DN', 64, 184),
('AB667DN', 89, 185),
('AB653DN', 35, 186),
('AB668MN', 119, 187),
('AB669MN', 158, 188),
('AB692DT', 80, 189),
('AB671DN', 132, 190),
('AB694DN', 31, 191),
('AB673DN', 34, 192),
('AB674DN', 188, 193),
('AB675DN', 87, 194),
('AB622DT', 56, 195),
('AB676MN', 52, 196),
('AB693DN', 194, 197),
('AB680DT', 91, 198),
('AB678DN', 106, 199),
('AB679DN', 61, 200),
('AB698DN', 96, 201),
('AB553DN', 93, 202),
('AB666DN', 166, 203),
('AB672DT', 43, 204),
('AB653DN', 105, 205),
('AB680DT', 196, 206),
('AB684DN', 161, 207),
('AB685MN', 9, 208),
('AB576MN', 81, 209),
('AB681DN', 140, 210),
('AB653DN', 193, 211),
('AB687DN', 180, 212),
('AB688DN', 93, 213),
('AB689MT', 155, 214),
('AB690MN', 53, 215),
('AB680DT', 18, 216),
('AB691MT', 178, 217),
('AB686MN', 159, 218),
('AB622DT', 60, 219),
('AB697DN', 75, 220),
('AB703DN', 36, 221),
('AB695MT', 68, 222),
('AB696MT', 26, 223),
('AB592MN', 20, 224),
('AB670DN', 70, 225),
('AB678DN', 92, 226),
('AB682DN', 131, 227),
('AB699MT', 101, 228),
('AB576MN', 195, 229),
('AB700MT', 186, 230),
('AB701DN', 142, 231),
('AB702MT', 36, 232),
('AB678DN', 54, 233),
('AB683DN', 183, 234),
('AB698DN', 153, 235),
('AB704DN', 61, 236),
('AB705DN', 74, 237),
('AB553DN', 9, 238),
('AB687DN', 134, 239),
('AB680DT', 29, 240),
('AB698DN', 100, 241),
('AB670DN', 166, 242),
('AB564MN', 109, 243),
('AB581DT', 68, 244),
('AB678DN', 6, 245),
('AB700MT', 33, 246),
('AB683DN', 186, 247),
('AB678DN', 24, 248),
('AB555DT', 23, 249),
('AB700MT', 115, 250),
('AB576MN', 71, 251),
('AB637MN', 119, 252),
('AB680DT', 44, 253),
('AB687DN', 91, 254),
('AB541DN', 94, 255),
('AB581DT', 37, 256),
('AB592MN', 14, 257),
('AB539DN', 172, 258),
('AB545MN', 178, 259),
('AB541DN', 60, 260),
('AB545MN', 105, 261),
('AB643MN', 120, 262),
('AB564MN', 121, 263),
('AB555DT', 71, 264),
('AB558MN', 143, 265),
('AB637MN', 133, 266),
('AB559DN', 29, 267),
('AB565DN', 4, 268),
('AB609DT', 143, 269),
('AB545MN', 10, 270),
('AB581DT', 177, 271),
('AB643MN', 19, 272),
('AB536MN', 16, 273),
('AB538MN', 85, 274),
('AB539DN', 36, 275),
('AB540DT', 192, 276),
('AB541DN', 138, 277),
('AB547DT', 72, 278),
('AB555DT', 130, 279),
('AB637MN', 130, 280),
('AB560DN', 122, 281),
('AB563MN', 101, 282),
('AB564MN', 163, 283),
('AB594DN', 42, 284),
('AB567DN', 178, 285),
('AB568MN', 92, 286),
('AB569DT', 14, 287),
('AB572DN', 172, 288),
('AB574DN', 18, 289),
('AB575DN', 69, 290),
('AB576MN', 193, 291),
('AB577DN', 84, 292),
('AB583DN', 74, 293),
('AB591MN', 135, 294),
('AB624MT', 152, 295),
('AB596MT', 42, 296),
('AB599MN', 199, 297),
('AB600MN', 47, 298),
('AB601DN', 26, 299),
('AB604MT', 189, 300),
('AB607MT', 93, 301),
('AB610DN', 186, 302),
('AB613DN', 2, 303),
('AB616DN', 83, 304),
('AB620DN', 128, 305),
('AB621MT', 36, 306),
('AB650MN', 115, 307),
('AB625MN', 76, 308),
('AB626DT', 163, 309),
('AB627DN', 50, 310),
('AB628MT', 109, 311),
('AB637MN', 110, 312),
('AB638DT', 126, 313),
('AB642DN', 83, 314),
('AB643MN', 70, 315),
('AB649DN', 86, 316),
('AB650MN', 135, 317),
('AB651MT', 185, 318),
('AB655DN', 134, 319),
('AB659MN', 102, 320),
('AB660DN', 109, 321),
('AB663MN', 136, 322),
('AB677DN', 80, 323),
('AB577DN', 159, 324),
('AB676MN', 68, 325),
('AB698DN', 181, 326),
('AB602MN', 154, 327),
('AB681DN', 107, 328),
('AB689MT', 68, 329),
('AB703DN', 73, 330),
('AB583DN', 75, 331),
('AB650MN', 4, 332),
('AB609DT', 160, 333),
('AB643MN', 191, 334),
('AB685MN', 90, 335),
('AB655DN', 129, 336),
('AB659MN', 142, 337),
('AB603DN', 142, 338),
('AB605DN', 142, 339),
('AB669MN', 161, 340),
('AB682DN', 66, 341),
('AB577DN', 54, 342),
('AB545MN', 138, 343),
('AB650MN', 32, 344),
('AB555DT', 135, 345),
('AB571DT', 64, 346),
('AB682DN', 5, 347),
('AB643MN', 24, 348),
('AB583DN', 199, 349),
('AB650MN', 4, 350),
('AB545MN', 135, 351),
('AB555DT', 23, 352),
('AB559DN', 128, 353),
('AB561DN', 38, 354),
('AB637MN', 49, 355),
('AB692DT', 6, 356),
('AB671DN', 11, 357),
('AB694DN', 12, 358),
('AB673DN', 15, 359),
('AB571DT', 16, 360),
('AB650MN', 17, 361),
('AB583DN', 22, 362),
('AB598MN', 23, 363),
('AB602MN', 24, 364),
('AB603DN', 28, 365),
('AB605DN', 30, 366),
('AB606DN', 38, 367),
('AB608DT', 39, 368),
('AB650MN', 45, 369),
('AB598MN', 46, 370),
('AB545MN', 49, 371),
('AB650MN', 59, 372),
('AB602MN', 66, 373),
('AB561DN', 67, 374),
('AB577DN', 69, 375),
('AB702MT', 71, 376),
('AB683DN', 72, 377),
('AB704DN', 76, 378),
('AB705DN', 78, 379),
('AB691MT', 79, 380),
('AB686MN', 83, 381),
('AB697DN', 88, 382),
('AB695MT', 90, 383),
('AB561DN', 94, 384),
('AB603DN', 98, 385),
('AB605DN', 100, 386),
('AB598MN', 108, 387),
('AB692DT', 109, 388),
('AB671DN', 110, 389),
('AB694DN', 111, 390),
('AB673DN', 115, 391),
('AB603DN', 118, 392),
('AB605DN', 123, 393),
('AB595DT', 124, 394),
('AB598MN', 125, 395),
('AB686MN', 129, 396),
('AB691MT', 133, 397),
('AB686MN', 135, 398),
('AB697DN', 137, 399),
('AB695MT', 144, 400),
('AB561DN', 152, 401),
('AB562DT', 157, 402),
('AB566DN', 160, 403),
('AB570DN', 162, 404),
('AB571DT', 164, 405),
('AB573MN', 167, 406),
('AB578DN', 168, 407),
('AB579DN', 173, 408),
('AB655DN', 175, 409),
('AB659MN', 179, 410),
('AB603DN', 181, 411),
('AB605DN', 182, 412),
('AB595DT', 184, 413),
('AB597DT', 190, 414),
('AB598MN', 192, 415);

--
-- Indexes for dumped tables
--

--
-- Indexes for table `agenci`
--
ALTER TABLE `agenci`
  ADD PRIMARY KEY (`Id_agenta`);

--
-- Indexes for table `klienci`
--
ALTER TABLE `klienci`
  ADD PRIMARY KEY (`Id_klienta`);

--
-- Indexes for table `oferty`
--
ALTER TABLE `oferty`
  ADD PRIMARY KEY (`Id_oferty`),
  ADD KEY `Id_agenta` (`Id_agenta`);

--
-- Indexes for table `zainteresowanie`
--
ALTER TABLE `zainteresowanie`
  ADD PRIMARY KEY (`Lp`),
  ADD KEY `Id_klienta` (`Id_klienta`),
  ADD KEY `Id_oferty` (`Id_oferty`);

--
-- AUTO_INCREMENT for dumped tables
--

--
-- AUTO_INCREMENT for table `zainteresowanie`
--
ALTER TABLE `zainteresowanie`
  MODIFY `Lp` int(11) NOT NULL AUTO_INCREMENT, AUTO_INCREMENT=512;
COMMIT;

/*!40101 SET CHARACTER_SET_CLIENT=@OLD_CHARACTER_SET_CLIENT */;
/*!40101 SET CHARACTER_SET_RESULTS=@OLD_CHARACTER_SET_RESULTS */;
/*!40101 SET COLLATION_CONNECTION=@OLD_COLLATION_CONNECTION */;
