-- phpMyAdmin SQL Dump
-- version 5.2.1
-- https://www.phpmyadmin.net/
--
-- Host: localhost
-- Generation Time: Feb 16, 2025 at 09:04 PM
-- Server version: 10.4.28-MariaDB
-- PHP Version: 8.2.4

SET SQL_MODE = "NO_AUTO_VALUE_ON_ZERO";
START TRANSACTION;
SET time_zone = "+00:00";


/*!40101 SET @OLD_CHARACTER_SET_CLIENT=@@CHARACTER_SET_CLIENT */;
/*!40101 SET @OLD_CHARACTER_SET_RESULTS=@@CHARACTER_SET_RESULTS */;
/*!40101 SET @OLD_COLLATION_CONNECTION=@@COLLATION_CONNECTION */;
/*!40101 SET NAMES utf8mb4 */;

--
-- Database: `formula2023maj2023`
--

-- --------------------------------------------------------

--
-- Table structure for table `gracze`
--

CREATE TABLE `gracze` (
  `id_gracza` int(11) NOT NULL,
  `imie` varchar(255) NOT NULL,
  `nazwisko` varchar(255) NOT NULL,
  `wiek` int(11) NOT NULL
) ENGINE=InnoDB DEFAULT CHARSET=utf8mb4 COLLATE=utf8mb4_polish_ci;

--
-- Dumping data for table `gracze`
--

INSERT INTO `gracze` (`id_gracza`, `imie`, `nazwisko`, `wiek`) VALUES
(1, 'Jozef', 'Gorecki', 29),
(2, 'Przemyslaw', 'Mazurek', 68),
(3, 'Cezary', 'Kaczmarczyk', 41),
(4, 'Kornel', 'Wysocki', 72),
(5, 'Eustachy', 'Gorecki', 74),
(6, 'Gniewomir', 'Krupa', 56),
(7, 'Bartlomiej', 'Mroz', 54),
(8, 'Joachim', 'Kowalczyk', 67),
(9, 'Jakub', 'Glowacki', 20),
(10, 'Arkadiusz', 'Nowak', 61),
(11, 'Klaudiusz', 'Mroz', 38),
(12, 'Mariusz', 'Lis', 67),
(13, 'Amadeusz', 'Czerwinski', 26),
(14, 'Dobromil', 'Wlodarczyk', 43),
(15, 'Leonardo', 'Piotrowski', 25),
(16, 'Milan', 'Maciejewski', 20),
(17, 'Przemyslaw', 'Krupa', 26),
(18, 'Pawel', 'Pietrzak', 45),
(19, 'Natan', 'Lewandowski', 49),
(20, 'Kuba', 'Jaworski', 58),
(21, 'Natan', 'Sadowski', 22),
(22, 'Alex', 'Jakubowski', 79),
(23, 'Leonardo', 'Jasinski', 22),
(24, 'Hubert', 'Michalak', 76),
(25, 'Denis', 'Lis', 61),
(26, 'Radoslaw', 'Zalewski', 59),
(27, 'Ksawery', 'Urbanski', 22),
(28, 'Norbert', 'Krawczyk', 44),
(29, 'Dawid', 'Mroz', 71),
(30, 'Krzysztof', 'Pawlak', 25),
(31, 'Korneliusz', 'Szczepanski', 82),
(32, 'Eugeniusz', 'Adamski', 83),
(33, 'Milan', 'Piotrowski', 88),
(34, 'Kryspin', 'Dabrowski', 85),
(35, 'Miron', 'Ziolkowski', 58),
(36, 'Grzegorz', 'Mazur', 78),
(37, 'Maciej', 'Pawlak', 68),
(38, 'Mikolaj', 'Czerwinski', 91),
(39, 'Arkadiusz', 'Kowalski', 90),
(40, 'Lucjan', 'Kazmierczak', 81),
(41, 'Norbert', 'Walczak', 33),
(42, 'Eugeniusz', 'Sokolowski', 88),
(43, 'Alexander', 'Gorski', 75),
(44, 'Konrad', 'Wroblewski', 21),
(45, 'Maurycy', 'Sikorski', 34),
(46, 'Dobromil', 'Sadowski', 18),
(47, 'Konrad', 'Borkowski', 50),
(48, 'Kacper', 'Wisniewski', 58),
(49, 'Marian', 'Kolodziej', 61),
(50, 'Adam', 'Chmielewski', 56),
(51, 'Oktawian', 'Kaminski', 85),
(52, 'Michal', 'Sawicki', 54),
(53, 'Arkadiusz', 'Mroz', 49),
(54, 'Maksymilian', 'Maciejewski', 40),
(55, 'Oskar', 'Michalak', 86),
(56, 'Albert', 'Wysocki', 81),
(57, 'Olaf', 'Kubiak', 51),
(58, 'Amadeusz', 'Nowak', 14),
(59, 'Allan', 'Szymczak', 78),
(60, 'Kryspin', 'Kowalczyk', 42),
(61, 'Julian', 'Kaczmarczyk', 68),
(62, 'Pawel', 'Zalewski', 74),
(63, 'Robert', 'Lewandowski', 88),
(64, 'Janusz', 'Makowski', 15),
(65, 'Bartlomiej', 'Wisniewski', 57),
(66, 'Fryderyk', 'Brzezinski', 91),
(67, 'Marian', 'Glowacki', 46),
(68, 'Oktawian', 'Krupa', 90),
(69, 'Milan', 'Kowalczyk', 49),
(70, 'Juliusz', 'Cieslak', 31),
(71, 'Heronim', 'Mazur', 31),
(72, 'Korneliusz', 'Mazur', 68),
(73, 'Bronislaw', 'Dabrowski', 88),
(74, 'Gracjan', 'Adamski', 22),
(75, 'Rafal', 'Mazurek', 77),
(76, 'Eustachy', 'Tomaszewski', 62),
(77, 'Gracjan', 'Blaszczyk', 50),
(78, 'Krystian', 'Przybylski', 48),
(79, 'Alan', 'Baran', 61),
(80, 'Gustaw', 'Kaminski', 79),
(81, 'Mikolaj', 'Makowski', 62),
(82, 'Mateusz', 'Jasinski', 62),
(83, 'Arkadiusz', 'Ostrowski', 30),
(84, 'Oktawian', 'Sobczak', 62),
(85, 'Aleks', 'Michalak', 85),
(86, 'Juliusz', 'Wozniak', 39),
(87, 'Kordian', 'Sokolowski', 51),
(88, 'Roman', 'Szewczyk', 78),
(89, 'Piotr', 'Kozlowski', 90),
(90, 'Kewin', 'Michalak', 83),
(91, 'Marian', 'Tomaszewski', 39),
(92, 'Aleks', 'Kozlowski', 44),
(93, 'Cyprian', 'Ostrowski', 79),
(94, 'Kacper', 'Kaczmarczyk', 90),
(95, 'Amadeusz', 'Wojcik', 20),
(96, 'Przemyslaw', 'Czerwinski', 38),
(97, 'Kamil', 'Baranowski', 42),
(98, 'Mieszko', 'Gajewski', 24),
(99, 'Jedrzej', 'Szymczak', 19),
(100, 'Igor', 'Kolodziej', 78),
(101, 'Norbert', 'Zielinski', 88),
(102, 'Hubert', 'Ostrowski', 58),
(103, 'Maksymilian', 'Stepien', 32),
(104, 'Mieszko', 'Nowak', 89),
(105, 'Florian', 'Jasinski', 47),
(106, 'Borys', 'Lewandowski', 22),
(107, 'Alfred', 'Malinowski', 14),
(108, 'Gracjan', 'Sikorski', 49),
(109, 'Ignacy', 'Kucharski', 47),
(110, 'Kamil', 'Zalewski', 36),
(111, 'Ksawery', 'Walczak', 93),
(112, 'Amir', 'Jaworski', 45),
(113, 'Aleksander', 'Urbanski', 93),
(114, 'Eugeniusz', 'Jaworski', 29),
(115, 'Denis', 'Nowak', 76),
(116, 'Jedrzej', 'Nowak', 29),
(117, 'Piotr', 'Sobczak', 63),
(118, 'Gustaw', 'Adamski', 80),
(119, 'Dorian', 'Glowacki', 85),
(120, 'Alex', 'Zielinski', 44),
(121, 'Mikolaj', 'Szymczak', 61),
(122, 'Janusz', 'Marciniak', 21),
(123, 'Emanuel', 'Kalinowski', 51),
(124, 'Bogumil', 'Kubiak', 42),
(125, 'Kazimierz', 'Kozlowski', 19),
(126, 'Konstanty', 'Glowacki', 29),
(127, 'Emil', 'Sadowski', 27),
(128, 'Emil', 'Zielinski', 22),
(129, 'Ignacy', 'Szczepanski', 26),
(130, 'Jaroslaw', 'Jankowski', 79),
(131, 'Konstanty', 'Sawicki', 74),
(132, 'Bartlomiej', 'Wojciechowski', 36),
(133, 'Oktawian', 'Marciniak', 82),
(134, 'Franciszek', 'Zielinski', 68),
(135, 'Ernest', 'Zakrzewski', 53),
(136, 'Hubert', 'Wlodarczyk', 51),
(137, 'Damian', 'Michalak', 71),
(138, 'Anatol', 'Blaszczyk', 40),
(139, 'Karol', 'Szymczak', 22),
(140, 'Alan', 'Andrzejewski', 81),
(141, 'Klaudiusz', 'Sokolowski', 36),
(142, 'Dorian', 'Wozniak', 81),
(143, 'Gniewomir', 'Kowalski', 35),
(144, 'Amir', 'Lis', 80),
(145, 'Boleslaw', 'Sikorski', 40),
(146, 'Kryspin', 'Tomaszewski', 51),
(147, 'Diego', 'Michalak', 47),
(148, 'Dawid', 'Wysocki', 14),
(149, 'Marek', 'Kalinowski', 18),
(150, 'Damian', 'Sikorski', 59),
(151, 'Emanuel', 'Lewandowski', 76),
(152, 'Joachim', 'Marciniak', 92),
(153, 'Anatol', 'Szymanski', 68),
(154, 'Aleks', 'Kaminski', 15),
(155, 'Eugeniusz', 'Sikora', 36),
(156, 'Miron', 'Kaminski', 16),
(157, 'Lukasz', 'Szymanski', 63),
(158, 'Olgierd', 'Kaminski', 24),
(159, 'Jozef', 'Dabrowski', 90),
(160, 'Igor', 'Mroz', 60),
(161, 'Martin', 'Zawadzki', 48),
(162, 'Alek', 'Duda', 59),
(163, 'Daniel', 'Makowski', 33),
(164, 'Dominik', 'Kazmierczak', 52),
(165, 'Ernest', 'Blaszczyk', 49),
(166, 'Fabian', 'Kaminski', 51),
(167, 'Ksawery', 'Jankowski', 87),
(168, 'Karol', 'Wojciechowski', 74),
(169, 'Gracjan', 'Wroblewski', 92),
(170, 'Bronislaw', 'Cieslak', 68),
(171, 'Natan', 'Kwiatkowski', 14),
(172, 'Julian', 'Wojciechowski', 74),
(173, 'Roman', 'Andrzejewski', 23),
(174, 'Emanuel', 'Sadowski', 59),
(175, 'Edward', 'Ziolkowski', 48),
(176, 'Oskar', 'Krajewski', 82),
(177, 'Ernest', 'Andrzejewski', 42),
(178, 'Dobromil', 'Cieslak', 87),
(179, 'Klaudiusz', 'Wisniewski', 66),
(180, 'Marek', 'Zakrzewski', 42),
(181, 'Karol', 'Blaszczyk', 69),
(182, 'Arkadiusz', 'Brzezinski', 25),
(183, 'Allan', 'Wasilewski', 51),
(184, 'Juliusz', 'Sadowski', 37),
(185, 'Ksawery', 'Baranowski', 69),
(186, 'Fabian', 'Wozniak', 87),
(187, 'Alex', 'Szulc', 39),
(188, 'Maciej', 'Kwiatkowski', 55),
(189, 'Alex', 'Maciejewski', 53),
(190, 'Gabriel', 'Sadowski', 85),
(191, 'Alex', 'Laskowski', 42),
(192, 'Bruno', 'Krajewski', 84),
(193, 'Fryderyk', 'Michalak', 22),
(194, 'Bogumil', 'Pawlak', 49),
(195, 'Dariusz', 'Mroz', 56),
(196, 'Jozef', 'Kaminski', 38),
(197, 'Antoni', 'Krawczyk', 19),
(198, 'Bruno', 'Czarnecki', 70),
(199, 'Ireneusz', 'Borkowski', 52),
(200, 'Mateusz', 'Lewandowski', 56),
(201, 'Andrzej', 'Jankowski', 71),
(202, 'Ernest', 'Czarnecki', 87),
(203, 'Kamil', 'Ostrowski', 76),
(204, 'Jozef', 'Cieslak', 50),
(205, 'Edward', 'Zakrzewski', 57),
(206, 'Konrad', 'Wisniewski', 32),
(207, 'Bruno', 'Urbanski', 59),
(208, 'Emil', 'Mazur', 62),
(209, 'Amadeusz', 'Walczak', 48),
(210, 'Bartlomiej', 'Kozlowski', 77),
(211, 'Damian', 'Makowski', 59),
(212, 'Jerzy', 'Kaminski', 37),
(213, 'Bronislaw', 'Wlodarczyk', 48),
(214, 'Allan', 'Sikorski', 86),
(215, 'Kazimierz', 'Mazurek', 66),
(216, 'Maksymilian', 'Ostrowski', 72),
(217, 'Michal', 'Malinowski', 28),
(218, 'Andrzej', 'Witkowski', 77),
(219, 'Cezary', 'Kalinowski', 67),
(220, 'Jakub', 'Glowacki', 23),
(221, 'Denis', 'Cieslak', 67),
(222, 'Eugeniusz', 'Kwiatkowski', 58),
(223, 'Radoslaw', 'Wozniak', 21),
(224, 'Patryk', 'Stepien', 91),
(225, 'Fabian', 'Cieslak', 47),
(226, 'Amir', 'Chmielewski', 70),
(227, 'Eryk', 'Witkowski', 40),
(228, 'Aureliusz', 'Kubiak', 60),
(229, 'Juliusz', 'Glowacki', 15),
(230, 'Leszek', 'Wasilewski', 67),
(231, 'Kacper', 'Sokolowski', 55),
(232, 'Norbert', 'Zawadzki', 39),
(233, 'Jaroslaw', 'Stepien', 44),
(234, 'Hubert', 'Dabrowski', 72),
(235, 'Anatol', 'Chmielewski', 16),
(236, 'Natan', 'Mroz', 21),
(237, 'Alojzy', 'Wisniewski', 81),
(238, 'Emanuel', 'Jasinski', 90),
(239, 'Daniel', 'Stepien', 70),
(240, 'Filip', 'Zawadzki', 65),
(241, 'Dorian', 'Mazurek', 82),
(242, 'Dorian', 'Kowalczyk', 24),
(243, 'Allan', 'Mroz', 30),
(244, 'Hubert', 'Duda', 34),
(245, 'Kamil', 'Zawadzki', 73),
(246, 'Eugeniusz', 'Sikorski', 19),
(247, 'Rafal', 'Tomaszewski', 46),
(248, 'Franciszek', 'Cieslak', 82),
(249, 'Dariusz', 'Blaszczyk', 35),
(250, 'Eugeniusz', 'Kalinowski', 91),
(251, 'Kuba', 'Sawicki', 29),
(252, 'Amadeusz', 'Ziolkowski', 30),
(253, 'Patryk', 'Brzezinski', 18),
(254, 'Julian', 'Jasinski', 18),
(255, 'Boleslaw', 'Baranowski', 90),
(256, 'Eustachy', 'Szewczyk', 65),
(257, 'Adrian', 'Kwiatkowski', 57),
(258, 'Ernest', 'Kwiatkowski', 44),
(259, 'Dorian', 'Zalewski', 50),
(260, 'Edward', 'Tomaszewski', 48),
(261, 'Gniewomir', 'Jankowski', 90),
(262, 'Dobromil', 'Glowacki', 90),
(263, 'Milosz', 'Kazmierczak', 90),
(264, 'Radoslaw', 'Jaworski', 32),
(265, 'Maurycy', 'Gorecki', 50),
(266, 'Aleks', 'Nowak', 67),
(267, 'Ludwik', 'Wisniewski', 69),
(268, 'Alek', 'Maciejewski', 26),
(269, 'Maksymilian', 'Chmielewski', 45),
(270, 'Julian', 'Pietrzak', 79),
(271, 'Borys', 'Ziolkowski', 86),
(272, 'Maurycy', 'Szymczak', 38),
(273, 'Mieszko', 'Makowski', 28),
(274, 'Przemyslaw', 'Przybylski', 49),
(275, 'Patryk', 'Urbanski', 58),
(276, 'Emanuel', 'Kozlowski', 58),
(277, 'Gabriel', 'Kwiatkowski', 90),
(278, 'Patryk', 'Wisniewski', 47),
(279, 'Kordian', 'Borkowski', 21),
(280, 'Remigiusz', 'Maciejewski', 24),
(281, 'Michal', 'Witkowski', 82),
(282, 'Korneliusz', 'Urbanski', 20),
(283, 'Ignacy', 'Zawadzki', 62),
(284, 'Cyprian', 'Krajewski', 27),
(285, 'Maksymilian', 'Szulc', 22),
(286, 'Krystian', 'Zielinski', 21),
(287, 'Diego', 'Szewczyk', 21),
(288, 'Denis', 'Mroz', 69),
(289, 'Milan', 'Kozlowski', 59),
(290, 'Mateusz', 'Jankowski', 83),
(291, 'Ryszard', 'Zakrzewski', 27),
(292, 'Maciej', 'Kazmierczak', 39),
(293, 'Andrzej', 'Szewczyk', 87),
(294, 'Dobromil', 'Czerwinski', 58),
(295, 'Hubert', 'Zielinski', 32),
(296, 'Mateusz', 'Kucharski', 85),
(297, 'Lucjan', 'Baranowski', 78),
(298, 'Kornel', 'Sikora', 88),
(299, 'Oskar', 'Jankowski', 38),
(300, 'Hubert', 'Blaszczyk', 69),
(301, 'Lucjan', 'Szymczak', 19),
(302, 'Ryszard', 'Malinowski', 45),
(303, 'Maurycy', 'Krawczyk', 22),
(304, 'Klaudiusz', 'Wlodarczyk', 30),
(305, 'Patryk', 'Piotrowski', 51),
(306, 'Maciej', 'Wojciechowski', 69),
(307, 'Adrian', 'Wasilewski', 43),
(308, 'Korneliusz', 'Sadowski', 83),
(309, 'Anatol', 'Szulc', 24),
(310, 'Maurycy', 'Nowak', 81),
(311, 'Jedrzej', 'Baranowski', 34),
(312, 'Maurycy', 'Wasilewski', 71),
(313, 'Emil', 'Szymczak', 23),
(314, 'Marian', 'Szulc', 30),
(315, 'Marcin', 'Zawadzki', 83),
(316, 'Edward', 'Stepien', 23),
(317, 'Denis', 'Rutkowski', 81),
(318, 'Alan', 'Kalinowski', 65),
(319, 'Maciej', 'Kaminski', 85),
(320, 'Alojzy', 'Szewczyk', 40),
(321, 'Jan', 'Kowalczyk', 78),
(322, 'Przemyslaw', 'Witkowski', 71),
(323, 'Aleksander', 'Sawicki', 24),
(324, 'Kacper', 'Makowski', 31),
(325, 'Marek', 'Glowacki', 48),
(326, 'Amir', 'Laskowski', 92),
(327, 'Aureliusz', 'Kubiak', 23),
(328, 'Dobromil', 'Zielinski', 51),
(329, 'Alfred', 'Krawczyk', 88),
(330, 'Blazej', 'Lis', 47),
(331, 'Alex', 'Kazmierczak', 79),
(332, 'Kordian', 'Andrzejewski', 56),
(333, 'Norbert', 'Kucharski', 76),
(334, 'Allan', 'Wojcik', 14),
(335, 'Maurycy', 'Kalinowski', 17),
(336, 'Bruno', 'Tomaszewski', 66),
(337, 'Aleks', 'Urbanski', 73),
(338, 'Bartlomiej', 'Kucharski', 52),
(339, 'Bartosz', 'Baran', 86),
(340, 'Natan', 'Przybylski', 32),
(341, 'Bruno', 'Rutkowski', 54),
(342, 'Artur', 'Kowalski', 85),
(343, 'Anatol', 'Cieslak', 80),
(344, 'Marcin', 'Cieslak', 71),
(345, 'Amadeusz', 'Sikora', 36),
(346, 'Antoni', 'Jankowski', 77),
(347, 'Norbert', 'Pietrzak', 75),
(348, 'Jozef', 'Mroz', 34),
(349, 'Jerzy', 'Kazmierczak', 16),
(350, 'Klaudiusz', 'Marciniak', 67),
(351, 'Jakub', 'Krawczyk', 68),
(352, 'Dawid', 'Mazur', 52),
(353, 'Natan', 'Czerwinski', 27),
(354, 'Bruno', 'Bak', 62),
(355, 'Kornel', 'Szewczyk', 44),
(356, 'Jozef', 'Sikorski', 71),
(357, 'Eryk', 'Sikora', 22),
(358, 'Grzegorz', 'Szewczyk', 86),
(359, 'Marian', 'Andrzejewski', 18),
(360, 'Borys', 'Maciejewski', 36),
(361, 'Arkadiusz', 'Krajewski', 48),
(362, 'Cyprian', 'Wozniak', 14),
(363, 'Cyprian', 'Brzezinski', 51),
(364, 'Franciszek', 'Glowacki', 76),
(365, 'Anastazy', 'Kaminski', 47),
(366, 'Miroslaw', 'Kazmierczak', 46),
(367, 'Bartosz', 'Kowalczyk', 40),
(368, 'Boleslaw', 'Andrzejewski', 67),
(369, 'Patryk', 'Zielinski', 82),
(370, 'Lucjan', 'Kowalczyk', 65),
(371, 'Ireneusz', 'Szczepanski', 87),
(372, 'Fryderyk', 'Chmielewski', 50),
(373, 'Amir', 'Jasinski', 47),
(374, 'Kamil', 'Szymczak', 73),
(375, 'Adrian', 'Ostrowski', 90),
(376, 'Boleslaw', 'Czarnecki', 79),
(377, 'Adam', 'Jankowski', 87),
(378, 'Heronim', 'Kwiatkowski', 18),
(379, 'Lucjan', 'Czarnecki', 67),
(380, 'Jan', 'Kazmierczak', 48),
(381, 'Cyprian', 'Wisniewski', 52),
(382, 'Artur', 'Pawlak', 81),
(383, 'Leonardo', 'Wojcik', 71),
(384, 'Alex', 'Borkowski', 35),
(385, 'Bronislaw', 'Piotrowski', 38),
(386, 'Dorian', 'Tomaszewski', 41),
(387, 'Gabriel', 'Michalak', 44),
(388, 'Rafal', 'Wisniewski', 82),
(389, 'Remigiusz', 'Ostrowski', 31),
(390, 'Anastazy', 'Gorski', 15),
(391, 'Patryk', 'Sikorski', 49),
(392, 'Artur', 'Zawadzki', 50),
(393, 'Joachim', 'Kowalczyk', 14),
(394, 'Joachim', 'Kucharski', 15),
(395, 'Dominik', 'Makowski', 41),
(396, 'Hubert', 'Witkowski', 47),
(397, 'Radoslaw', 'Cieslak', 76),
(398, 'Roman', 'Kubiak', 58),
(399, 'Milan', 'Kucharski', 70),
(400, 'Cezary', 'Kazmierczak', 24),
(401, 'Aleksander', 'Wasilewski', 67),
(402, 'Alexander', 'Maciejewski', 52),
(403, 'Cezary', 'Jakubowski', 76),
(404, 'Aleks', 'Sikorski', 58),
(405, 'Eugeniusz', 'Mroz', 58),
(406, 'Igor', 'Kalinowski', 41),
(407, 'Cezary', 'Marciniak', 88),
(408, 'Norbert', 'Szulc', 73),
(409, 'Ireneusz', 'Sikorski', 64),
(410, 'Ignacy', 'Dabrowski', 62),
(411, 'Dorian', 'Wozniak', 82),
(412, 'Remigiusz', 'Zakrzewski', 63),
(413, 'Denis', 'Sadowski', 72),
(414, 'Olgierd', 'Wozniak', 34),
(415, 'Marian', 'Bak', 59),
(416, 'Klaudiusz', 'Gajewski', 15),
(417, 'Jacek', 'Piotrowski', 83),
(418, 'Lucjan', 'Gajewski', 56),
(419, 'Florian', 'Kalinowski', 71),
(420, 'Emanuel', 'Dabrowski', 43),
(421, 'Ludwik', 'Jasinski', 24),
(422, 'Patryk', 'Ostrowski', 22),
(423, 'Janusz', 'Glowacki', 41),
(424, 'Robert', 'Kucharski', 90),
(425, 'Kuba', 'Czarnecki', 16),
(426, 'Adam', 'Ziolkowski', 64),
(427, 'Kuba', 'Kolodziej', 18),
(428, 'Ksawery', 'Ostrowski', 77),
(429, 'Dobromil', 'Duda', 78),
(430, 'Anatol', 'Lis', 36),
(431, 'Milan', 'Jaworski', 68),
(432, 'Eryk', 'Kalinowski', 71),
(433, 'Remigiusz', 'Sokolowski', 14),
(434, 'Alek', 'Duda', 89),
(435, 'Boleslaw', 'Wysocki', 54),
(436, 'Kornel', 'Wojcik', 51),
(437, 'Natan', 'Kaczmarczyk', 47),
(438, 'Julian', 'Gorecki', 31),
(439, 'Eugeniusz', 'Sikorski', 67),
(440, 'Korneliusz', 'Jankowski', 27),
(441, 'Daniel', 'Kazmierczak', 20),
(442, 'Dorian', 'Maciejewski', 55),
(443, 'Czeslaw', 'Mazur', 44),
(444, 'Oskar', 'Jasinski', 93),
(445, 'Marcin', 'Wlodarczyk', 86),
(446, 'Anastazy', 'Kazmierczak', 61),
(447, 'Marcin', 'Makowski', 61),
(448, 'Alexander', 'Wlodarczyk', 62),
(449, 'Fryderyk', 'Baran', 54),
(450, 'Maciej', 'Wozniak', 30),
(451, 'Mieszko', 'Przybylski', 84),
(452, 'Juliusz', 'Chmielewski', 73),
(453, 'Jan', 'Maciejewski', 58),
(454, 'Bartlomiej', 'Szewczyk', 30),
(455, 'Aleksander', 'Rutkowski', 69),
(456, 'Fryderyk', 'Urbanski', 29),
(457, 'Jedrzej', 'Dabrowski', 54),
(458, 'Remigiusz', 'Kucharski', 69),
(459, 'Hubert', 'Kozlowski', 85),
(460, 'Kajetan', 'Chmielewski', 15),
(461, 'Antoni', 'Lewandowski', 45),
(462, 'Aleks', 'Przybylski', 15),
(463, 'Jerzy', 'Stepien', 26),
(464, 'Norbert', 'Rutkowski', 29),
(465, 'Hubert', 'Michalak', 51),
(466, 'Amadeusz', 'Wlodarczyk', 56),
(467, 'Damian', 'Maciejewski', 70),
(468, 'Artur', 'Piotrowski', 76),
(469, 'Franciszek', 'Stepien', 91),
(470, 'Anastazy', 'Blaszczyk', 40),
(471, 'Krzysztof', 'Wisniewski', 19),
(472, 'Marcel', 'Nowak', 84),
(473, 'Alojzy', 'Kozlowski', 44),
(474, 'Ernest', 'Walczak', 33),
(475, 'Oktawian', 'Gajewski', 74),
(476, 'Remigiusz', 'Kozlowski', 60),
(477, 'Alojzy', 'Ziolkowski', 35),
(478, 'Olgierd', 'Kwiatkowski', 22),
(479, 'Ksawery', 'Pawlak', 68),
(480, 'Grzegorz', 'Czerwinski', 20),
(481, 'Ryszard', 'Tomaszewski', 35),
(482, 'Bartlomiej', 'Czarnecki', 39),
(483, 'Denis', 'Witkowski', 58),
(484, 'Dariusz', 'Piotrowski', 15),
(485, 'Ludwik', 'Sikora', 29),
(486, 'Anatol', 'Laskowski', 63),
(487, 'Ignacy', 'Baran', 49),
(488, 'Natan', 'Pietrzak', 71),
(489, 'Czeslaw', 'Sokolowski', 71),
(490, 'Jerzy', 'Kaminski', 84),
(491, 'Gracjan', 'Kaminski', 17),
(492, 'Amir', 'Szymanski', 93),
(493, 'Natan', 'Kucharski', 91),
(494, 'Alexander', 'Kolodziej', 43),
(495, 'Emanuel', 'Mazur', 44),
(496, 'Klaudiusz', 'Kaczmarczyk', 26),
(497, 'Alojzy', 'Wojciechowski', 33),
(498, 'Marek', 'Kowalski', 73),
(499, 'Aleksander', 'Chmielewski', 59),
(500, 'Maciej', 'Ostrowski', 63),
(501, 'Fabian', 'Mazurek', 17),
(502, 'Bartlomiej', 'Ziolkowski', 52),
(503, 'Eustachy', 'Gajewski', 91),
(504, 'Filip', 'Brzezinski', 74),
(505, 'Antoni', 'Kubiak', 64),
(506, 'Heronim', 'Krajewski', 28),
(507, 'Kordian', 'Sobczak', 69),
(508, 'Gniewomir', 'Makowski', 64),
(509, 'Kewin', 'Sikora', 33),
(510, 'Janusz', 'Baranowski', 28),
(511, 'Alek', 'Rutkowski', 18),
(512, 'Allan', 'Lewandowski', 70),
(513, 'Janusz', 'Piotrowski', 91),
(514, 'Kordian', 'Cieslak', 36),
(515, 'Amadeusz', 'Wroblewski', 28),
(516, 'Julian', 'Jasinski', 33),
(517, 'Korneliusz', 'Zalewski', 23),
(518, 'Kordian', 'Wysocki', 69),
(519, 'Mikolaj', 'Sadowski', 59),
(520, 'Jaroslaw', 'Kucharski', 40),
(521, 'Dawid', 'Szewczyk', 39),
(522, 'Ludwik', 'Borkowski', 85),
(523, 'Jedrzej', 'Ziolkowski', 46),
(524, 'Mariusz', 'Lewandowski', 47),
(525, 'Kryspin', 'Walczak', 60),
(526, 'Robert', 'Wojcik', 41),
(527, 'Anastazy', 'Zielinski', 47),
(528, 'Przemyslaw', 'Chmielewski', 35),
(529, 'Kryspin', 'Gorski', 37),
(530, 'Borys', 'Kalinowski', 81),
(531, 'Ariel', 'Laskowski', 30),
(532, 'Amir', 'Marciniak', 79),
(533, 'Klaudiusz', 'Sikorski', 21),
(534, 'Miroslaw', 'Wlodarczyk', 74),
(535, 'Franciszek', 'Jankowski', 43),
(536, 'Ryszard', 'Brzezinski', 61),
(537, 'Aleksander', 'Laskowski', 48),
(538, 'Marcel', 'Wojcik', 39),
(539, 'Kamil', 'Jakubowski', 16),
(540, 'Kajetan', 'Lis', 91),
(541, 'Kazimierz', 'Kozlowski', 83),
(542, 'Norbert', 'Jasinski', 23),
(543, 'Michal', 'Nowak', 64),
(544, 'Joachim', 'Wasilewski', 66),
(545, 'Antoni', 'Wojciechowski', 92),
(546, 'Heronim', 'Sadowski', 84),
(547, 'Eugeniusz', 'Andrzejewski', 44),
(548, 'Rafal', 'Chmielewski', 83),
(549, 'Emanuel', 'Rutkowski', 43),
(550, 'Dariusz', 'Kowalczyk', 20),
(551, 'Maciej', 'Szczepanski', 69),
(552, 'Michal', 'Wasilewski', 35),
(553, 'Radoslaw', 'Rutkowski', 40),
(554, 'Piotr', 'Kucharski', 52),
(555, 'Mieszko', 'Kowalski', 27),
(556, 'Patryk', 'Kucharski', 73),
(557, 'Klaudiusz', 'Czerwinski', 63),
(558, 'Cezary', 'Makowski', 36),
(559, 'Filip', 'Lis', 58),
(560, 'Joachim', 'Mroz', 28),
(561, 'Adam', 'Kowalski', 40),
(562, 'Franciszek', 'Czarnecki', 65),
(563, 'Kajetan', 'Wroblewski', 57),
(564, 'Juliusz', 'Krajewski', 87),
(565, 'Alfred', 'Gajewski', 29),
(566, 'Milan', 'Adamski', 83),
(567, 'Patryk', 'Krupa', 42),
(568, 'Ignacy', 'Zawadzki', 38),
(569, 'Gniewomir', 'Chmielewski', 56),
(570, 'Allan', 'Mazurek', 78),
(571, 'Jerzy', 'Borkowski', 79),
(572, 'Daniel', 'Kozlowski', 63),
(573, 'Kordian', 'Sikorski', 62),
(574, 'Amir', 'Pawlak', 63),
(575, 'Fryderyk', 'Mazurek', 31),
(576, 'Borys', 'Dabrowski', 34),
(577, 'Robert', 'Kowalczyk', 73),
(578, 'Maciej', 'Wojciechowski', 38),
(579, 'Kornel', 'Dabrowski', 42),
(580, 'Bruno', 'Szymczak', 78),
(581, 'Gracjan', 'Szymanski', 64),
(582, 'Ignacy', 'Kaminski', 21),
(583, 'Grzegorz', 'Gorski', 87),
(584, 'Michal', 'Szymanski', 35),
(585, 'Bartlomiej', 'Kalinowski', 68),
(586, 'Eryk', 'Wozniak', 58),
(587, 'Maksymilian', 'Cieslak', 49),
(588, 'Leonardo', 'Blaszczyk', 91),
(589, 'Mariusz', 'Stepien', 54),
(590, 'Damian', 'Wisniewski', 35),
(591, 'Natan', 'Kucharski', 81),
(592, 'Juliusz', 'Krupa', 41),
(593, 'Dobromil', 'Pawlak', 54),
(594, 'Kacper', 'Nowak', 87),
(595, 'Heronim', 'Krawczyk', 89),
(596, 'Anatol', 'Sadowski', 59),
(597, 'Miron', 'Ziolkowski', 38),
(598, 'Kuba', 'Wasilewski', 41),
(599, 'Hubert', 'Gorecki', 18),
(600, 'Oktawian', 'Sawicki', 60),
(601, 'Krzysztof', 'Chmielewski', 19),
(602, 'Miron', 'Tomaszewski', 53),
(603, 'Bronislaw', 'Baran', 14),
(604, 'Henryk', 'Wozniak', 28),
(605, 'Henryk', 'Urbanski', 88),
(606, 'Maksymilian', 'Jaworski', 62),
(607, 'Igor', 'Szymczak', 74),
(608, 'Jedrzej', 'Kowalczyk', 83),
(609, 'Aleksy', 'Gajewski', 31),
(610, 'Daniel', 'Gajewski', 46),
(611, 'Daniel', 'Piotrowski', 17),
(612, 'Norbert', 'Michalak', 67),
(613, 'Ignacy', 'Glowacki', 58),
(614, 'Krystian', 'Mazurek', 91),
(615, 'Igor', 'Pietrzak', 44),
(616, 'Damian', 'Lis', 35),
(617, 'Ireneusz', 'Kowalski', 68),
(618, 'Maksymilian', 'Wojcik', 65),
(619, 'Alojzy', 'Szewczyk', 56),
(620, 'Mikolaj', 'Sadowski', 91),
(621, 'Janusz', 'Adamski', 44),
(622, 'Miroslaw', 'Wozniak', 80),
(623, 'Diego', 'Pawlak', 26),
(624, 'Bartosz', 'Kucharski', 31),
(625, 'Fryderyk', 'Krupa', 73),
(626, 'Alfred', 'Stepien', 40),
(627, 'Korneliusz', 'Dabrowski', 68),
(628, 'Blazej', 'Michalak', 42),
(629, 'Franciszek', 'Szymczak', 58),
(630, 'Ariel', 'Jankowski', 49),
(631, 'Alex', 'Bak', 28),
(632, 'Alfred', 'Szczepanski', 20),
(633, 'Patryk', 'Czerwinski', 28),
(634, 'Leonardo', 'Brzezinski', 33),
(635, 'Cyprian', 'Walczak', 64),
(636, 'Oskar', 'Adamski', 65),
(637, 'Dobromil', 'Jankowski', 20),
(638, 'Olgierd', 'Sikorski', 46),
(639, 'Bruno', 'Cieslak', 38),
(640, 'Remigiusz', 'Nowak', 93),
(641, 'Damian', 'Krupa', 27),
(642, 'Borys', 'Wysocki', 55),
(643, 'Filip', 'Laskowski', 73),
(644, 'Blazej', 'Czerwinski', 33),
(645, 'Anastazy', 'Mazur', 82),
(646, 'Michal', 'Lewandowski', 74),
(647, 'Maurycy', 'Kaminski', 52),
(648, 'Dawid', 'Nowak', 43),
(649, 'Dominik', 'Kowalski', 91),
(650, 'Czeslaw', 'Kwiatkowski', 83),
(651, 'Henryk', 'Ostrowski', 43),
(652, 'Anatol', 'Sadowski', 26),
(653, 'Florian', 'Przybylski', 63),
(654, 'Fabian', 'Walczak', 59),
(655, 'Kacper', 'Lis', 76),
(656, 'Kewin', 'Laskowski', 46),
(657, 'Ryszard', 'Zielinski', 85),
(658, 'Mieszko', 'Urbanski', 29),
(659, 'Kewin', 'Maciejewski', 30),
(660, 'Diego', 'Kucharski', 27),
(661, 'Dobromil', 'Glowacki', 93),
(662, 'Bartosz', 'Sikorski', 67),
(663, 'Kornel', 'Szewczyk', 90),
(664, 'Janusz', 'Zawadzki', 63),
(665, 'Hubert', 'Kolodziej', 92),
(666, 'Olgierd', 'Malinowski', 14),
(667, 'Filip', 'Cieslak', 93),
(668, 'Alek', 'Andrzejewski', 43),
(669, 'Bartosz', 'Szewczyk', 27),
(670, 'Joachim', 'Cieslak', 45),
(671, 'Borys', 'Czarnecki', 82),
(672, 'Amir', 'Wojciechowski', 36),
(673, 'Remigiusz', 'Kolodziej', 56),
(674, 'Denis', 'Sawicki', 33),
(675, 'Olaf', 'Szymanski', 63),
(676, 'Jedrzej', 'Wroblewski', 19),
(677, 'Bartosz', 'Czerwinski', 39),
(678, 'Milosz', 'Wasilewski', 91),
(679, 'Gracjan', 'Przybylski', 88),
(680, 'Denis', 'Blaszczyk', 85),
(681, 'Lucjan', 'Kucharski', 89),
(682, 'Piotr', 'Mazurek', 63),
(683, 'Klaudiusz', 'Szczepanski', 85),
(684, 'Dawid', 'Stepien', 15),
(685, 'Karol', 'Maciejewski', 68),
(686, 'Daniel', 'Kubiak', 21),
(687, 'Przemyslaw', 'Zielinski', 31),
(688, 'Juliusz', 'Zalewski', 34),
(689, 'Mateusz', 'Rutkowski', 28),
(690, 'Kordian', 'Czarnecki', 89),
(691, 'Arkadiusz', 'Zawadzki', 47),
(692, 'Janusz', 'Malinowski', 46),
(693, 'Alan', 'Laskowski', 50),
(694, 'Maksymilian', 'Baranowski', 35),
(695, 'Olgierd', 'Michalak', 71),
(696, 'Allan', 'Szewczyk', 31),
(697, 'Jaroslaw', 'Kubiak', 20),
(698, 'Mikolaj', 'Laskowski', 79),
(699, 'Patryk', 'Lis', 40),
(700, 'Florian', 'Sikora', 35),
(701, 'Maurycy', 'Bak', 91),
(702, 'Oskar', 'Maciejewski', 55),
(703, 'Dominik', 'Jakubowski', 21),
(704, 'Norbert', 'Stepien', 85),
(705, 'Jacek', 'Sobczak', 83),
(706, 'Oktawian', 'Sikorski', 87),
(707, 'Anatol', 'Mazurek', 18),
(708, 'Mateusz', 'Ziolkowski', 83),
(709, 'Kordian', 'Baran', 74),
(710, 'Oktawian', 'Wasilewski', 47),
(711, 'Kazimierz', 'Kwiatkowski', 89),
(712, 'Jerzy', 'Wojciechowski', 61),
(713, 'Mikolaj', 'Lewandowski', 91),
(714, 'Aleks', 'Brzezinski', 71),
(715, 'Borys', 'Wroblewski', 19),
(716, 'Jozef', 'Nowak', 80),
(717, 'Eustachy', 'Zawadzki', 26),
(718, 'Fryderyk', 'Dabrowski', 69),
(719, 'Kajetan', 'Sokolowski', 40),
(720, 'Piotr', 'Jaworski', 91),
(721, 'Gracjan', 'Stepien', 31),
(722, 'Oskar', 'Czarnecki', 64),
(723, 'Diego', 'Baran', 57),
(724, 'Kamil', 'Zakrzewski', 31),
(725, 'Hubert', 'Kozlowski', 19),
(726, 'Marcin', 'Pawlak', 75),
(727, 'Korneliusz', 'Brzezinski', 31),
(728, 'Kacper', 'Wroblewski', 35),
(729, 'Karol', 'Maciejewski', 73),
(730, 'Radoslaw', 'Tomaszewski', 33),
(731, 'Alexander', 'Sikora', 71),
(732, 'Janusz', 'Wisniewski', 56),
(733, 'Robert', 'Lis', 85),
(734, 'Adrian', 'Maciejewski', 45),
(735, 'Kuba', 'Baranowski', 75),
(736, 'Alex', 'Gorecki', 91),
(737, 'Amir', 'Zakrzewski', 71),
(738, 'Heronim', 'Nowak', 51),
(739, 'Mateusz', 'Zalewski', 64),
(740, 'Alexander', 'Krajewski', 84),
(741, 'Ignacy', 'Kaminski', 44),
(742, 'Krzysztof', 'Tomaszewski', 17),
(743, 'Jakub', 'Wisniewski', 93),
(744, 'Przemyslaw', 'Kwiatkowski', 16),
(745, 'Mikolaj', 'Sobczak', 19),
(746, 'Juliusz', 'Sikora', 54),
(747, 'Aleks', 'Wasilewski', 19),
(748, 'Alojzy', 'Pietrzak', 14),
(749, 'Gracjan', 'Czarnecki', 76),
(750, 'Ludwik', 'Baranowski', 38),
(751, 'Daniel', 'Witkowski', 51),
(752, 'Remigiusz', 'Gajewski', 90),
(753, 'Jacek', 'Mazurek', 42),
(754, 'Amadeusz', 'Urbanski', 27),
(755, 'Jozef', 'Kazmierczak', 69),
(756, 'Blazej', 'Szczepanski', 87),
(757, 'Diego', 'Borkowski', 57),
(758, 'Anatol', 'Marciniak', 63),
(759, 'Gniewomir', 'Lis', 19),
(760, 'Fryderyk', 'Lewandowski', 45),
(761, 'Bartlomiej', 'Marciniak', 67),
(762, 'Milan', 'Michalak', 72),
(763, 'Gabriel', 'Jankowski', 26),
(764, 'Piotr', 'Duda', 61),
(765, 'Damian', 'Duda', 87),
(766, 'Antoni', 'Jankowski', 56),
(767, 'Mariusz', 'Gajewski', 46),
(768, 'Olgierd', 'Szymanski', 88),
(769, 'Norbert', 'Jasinski', 25),
(770, 'Igor', 'Szczepanski', 68),
(771, 'Emil', 'Kucharski', 62),
(772, 'Aleksander', 'Krajewski', 79),
(773, 'Jedrzej', 'Chmielewski', 45),
(774, 'Krystian', 'Duda', 44),
(775, 'Gabriel', 'Baranowski', 21),
(776, 'Florian', 'Tomaszewski', 27),
(777, 'Alfred', 'Kalinowski', 61),
(778, 'Filip', 'Kaczmarczyk', 23),
(779, 'Joachim', 'Szymanski', 58),
(780, 'Bronislaw', 'Adamski', 59),
(781, 'Fryderyk', 'Kazmierczak', 66),
(782, 'Fryderyk', 'Sawicki', 45),
(783, 'Marian', 'Jakubowski', 38),
(784, 'Miron', 'Wisniewski', 90),
(785, 'Henryk', 'Kowalski', 37),
(786, 'Dominik', 'Sadowski', 56),
(787, 'Emil', 'Kubiak', 43),
(788, 'Alfred', 'Malinowski', 89),
(789, 'Piotr', 'Brzezinski', 55),
(790, 'Maurycy', 'Kaminski', 14),
(791, 'Heronim', 'Kwiatkowski', 29),
(792, 'Igor', 'Jasinski', 23),
(793, 'Juliusz', 'Krajewski', 77),
(794, 'Gracjan', 'Andrzejewski', 68),
(795, 'Eustachy', 'Wlodarczyk', 78),
(796, 'Eugeniusz', 'Chmielewski', 48),
(797, 'Emil', 'Blaszczyk', 86),
(798, 'Cyprian', 'Sokolowski', 78),
(799, 'Ariel', 'Kowalski', 85),
(800, 'Dobromil', 'Wojcik', 36),
(801, 'Ireneusz', 'Zielinski', 65),
(802, 'Andrzej', 'Zawadzki', 28),
(803, 'Eustachy', 'Kwiatkowski', 41),
(804, 'Roman', 'Kaminski', 73),
(805, 'Jerzy', 'Szczepanski', 65),
(806, 'Igor', 'Kazmierczak', 16),
(807, 'Konrad', 'Zalewski', 74),
(808, 'Dobromil', 'Brzezinski', 30),
(809, 'Dorian', 'Urbanski', 30),
(810, 'Hubert', 'Nowak', 58),
(811, 'Konrad', 'Wozniak', 78),
(812, 'Bartosz', 'Kucharski', 38),
(813, 'Maksymilian', 'Makowski', 93),
(814, 'Gracjan', 'Borkowski', 74),
(815, 'Ryszard', 'Zielinski', 57),
(816, 'Korneliusz', 'Szczepanski', 51),
(817, 'Bogumil', 'Ziolkowski', 33),
(818, 'Jan', 'Krajewski', 44),
(819, 'Oktawian', 'Kowalczyk', 67),
(820, 'Ernest', 'Malinowski', 51),
(821, 'Miroslaw', 'Pawlak', 70),
(822, 'Filip', 'Wojciechowski', 54),
(823, 'Anatol', 'Lewandowski', 45),
(824, 'Heronim', 'Kalinowski', 77),
(825, 'Bogumil', 'Borkowski', 59),
(826, 'Alfred', 'Malinowski', 37),
(827, 'Pawel', 'Lewandowski', 65),
(828, 'Kornel', 'Sadowski', 56),
(829, 'Edward', 'Zakrzewski', 54),
(830, 'Allan', 'Wysocki', 74),
(831, 'Jacek', 'Ziolkowski', 42),
(832, 'Emanuel', 'Dabrowski', 52),
(833, 'Bartosz', 'Gorski', 39),
(834, 'Dobromil', 'Wisniewski', 33),
(835, 'Juliusz', 'Stepien', 68),
(836, 'Norbert', 'Duda', 63),
(837, 'Eustachy', 'Urbanski', 78),
(838, 'Jozef', 'Czerwinski', 56),
(839, 'Arkadiusz', 'Krawczyk', 30),
(840, 'Rafal', 'Dabrowski', 76),
(841, 'Adam', 'Wysocki', 24),
(842, 'Iga', 'Wozniak', 91),
(843, 'Aniela', 'Szulc', 65),
(844, 'Daria', 'Jaworska', 78),
(845, 'Katarzyna', 'Makowska', 63),
(846, 'Nina', 'Jakubowska', 44),
(847, 'Angelika', 'Ziolkowska', 70),
(848, 'Czeslawa', 'Duda', 14),
(849, 'Kamila', 'Blaszczyk', 35),
(850, 'Paula', 'Ostrowska', 40),
(851, 'Judyta', 'Witkowska', 92),
(852, 'Stefania', 'Sobczak', 15),
(853, 'Amanda', 'Czerwinska', 77),
(854, 'Magda', 'Lis', 20),
(855, 'Bogda', 'Kaczmarczyk', 49),
(856, 'Kinga', 'Kwiatkowska', 45),
(857, 'Oliwia', 'Wasilewska', 75),
(858, 'Olga', 'Tomaszewska', 85),
(859, 'Malgorzata', 'Szymanska', 30),
(860, 'Lucyna', 'Pawlak', 71),
(861, 'Agata', 'Kaczmarczyk', 15),
(862, 'Eleonora', 'Kwiatkowska', 63),
(863, 'Angelika', 'Andrzejewska', 47),
(864, 'Wanda', 'Malinowska', 34),
(865, 'Klara', 'Pietrzak', 79),
(866, 'Boguslawa', 'Jaworska', 16),
(867, 'Aniela', 'Blaszczyk', 93),
(868, 'Kamila', 'Brzezinska', 52),
(869, 'Lucyna', 'Jasinska', 37),
(870, 'Andrea', 'Blaszczyk', 85),
(871, 'Miroslawa', 'Jankowska', 37),
(872, 'Honorata', 'Zakrzewska', 88),
(873, 'Berenika', 'Piotrowska', 46),
(874, 'Elwira', 'Krupa', 90),
(875, 'Blanka', 'Pietrzak', 86),
(876, 'Iga', 'Sadowska', 88),
(877, 'Dominika', 'Kowalczyk', 77),
(878, 'Roza', 'Lis', 82),
(879, 'Weronika', 'Szulc', 43),
(880, 'Czeslawa', 'Nowak', 54),
(881, 'Klaudia', 'Jasinska', 91),
(882, 'Agnieszka', 'Sikora', 62),
(883, 'Aneta', 'Czarnecka', 70),
(884, 'Adela', 'Cieslak', 41),
(885, 'Bogumila', 'Wasilewska', 40),
(886, 'Felicja', 'Sikora', 33),
(887, 'Emilia', 'Czerwinska', 33),
(888, 'Zofia', 'Ostrowska', 43),
(889, 'Amanda', 'Przybylska', 63),
(890, 'Klementyna', 'Krawczyk', 84),
(891, 'Anatolia', 'Ziolkowska', 88),
(892, 'Matylda', 'Pawlak', 26),
(893, 'Anastazja', 'Maciejewska', 19),
(894, 'Helena', 'Nowak', 79),
(895, 'Luiza', 'Malinowska', 28),
(896, 'Jolanta', 'Zalewska', 55),
(897, 'Alina', 'Krajewska', 49),
(898, 'Celina', 'Szczepanska', 42),
(899, 'Elena', 'Czarnecka', 26),
(900, 'Martyna', 'Szymczak', 38),
(901, 'Oktawia', 'Wysocka', 22),
(902, 'Marzanna', 'Witkowska', 45),
(903, 'Kamila', 'Wroblewska', 57),
(904, 'Miroslawa', 'Pietrzak', 93),
(905, 'Julita', 'Pawlak', 37),
(906, 'Judyta', 'Sobczak', 83),
(907, 'Liliana', 'Wozniak', 14),
(908, 'Jola', 'Szymczak', 25),
(909, 'Eliza', 'Jakubowska', 86),
(910, 'Magdalena', 'Kwiatkowska', 64),
(911, 'Wioletta', 'Kaczmarczyk', 65),
(912, 'Halina', 'Mroz', 34),
(913, 'Dominika', 'Dabrowska', 70),
(914, 'Otylia', 'Makowska', 39),
(915, 'Martyna', 'Wisniewska', 65),
(916, 'Halina', 'Cieslak', 45),
(917, 'Emilia', 'Kwiatkowska', 42),
(918, 'Adriana', 'Wysocka', 70),
(919, 'Dagmara', 'Wojciechowska', 37),
(920, 'Agata', 'Nowak', 46),
(921, 'Roksana', 'Wasilewska', 30),
(922, 'Alisa', 'Jaworska', 33),
(923, 'Regina', 'Kozlowska', 53),
(924, 'Kamila', 'Walczak', 89),
(925, 'Julia', 'Krajewska', 68),
(926, 'Zofia', 'Kozlowska', 69),
(927, 'Jolanta', 'Krupa', 56),
(928, 'Alana', 'Walczak', 40),
(929, 'Amanda', 'Sawicka', 24),
(930, 'Ola', 'Dabrowska', 65),
(931, 'Ewa', 'Mroz', 73),
(932, 'Lucja', 'Sikora', 16),
(933, 'Aisha', 'Wlodarczyk', 57),
(934, 'Jadwiga', 'Brzezinska', 41),
(935, 'Aisha', 'Jankowska', 53),
(936, 'Lucja', 'Gorecka', 70),
(937, 'Alina', 'Szulc', 43),
(938, 'Kornelia', 'Gajewska', 91),
(939, 'Ewa', 'Pawlak', 84),
(940, 'Agata', 'Pietrzak', 29),
(941, 'Regina', 'Dabrowska', 84),
(942, 'Adrianna', 'Wisniewska', 42),
(943, 'Bogumila', 'Baranowska', 19),
(944, 'Andzelika', 'Szymczak', 19),
(945, 'Diana', 'Tomaszewska', 69),
(946, 'Wiktoria', 'Wasilewska', 82),
(947, 'Hortensja', 'Sokolowska', 15),
(948, 'Emilia', 'Gajewska', 15),
(949, 'Alicja', 'Dabrowska', 34),
(950, 'Alana', 'Ziolkowska', 17),
(951, 'Regina', 'Kowalczyk', 82),
(952, 'Alana', 'Kalinowska', 45),
(953, 'Marcelina', 'Jaworska', 73),
(954, 'Boguslawa', 'Sawicka', 34),
(955, 'Stefania', 'Brzezinska', 78),
(956, 'Cecylia', 'Jakubowska', 77),
(957, 'Oktawia', 'Zakrzewska', 48),
(958, 'Oliwia', 'Duda', 77),
(959, 'Aniela', 'Andrzejewska', 84),
(960, 'Marta', 'Brzezinska', 57),
(961, 'Danuta', 'Czerwinska', 91),
(962, 'Magda', 'Kucharska', 16),
(963, 'Lucja', 'Szymanska', 45),
(964, 'Antonina', 'Baran', 43),
(965, 'Stanislawa', 'Laskowska', 54),
(966, 'Andzelika', 'Kowalska', 48),
(967, 'Oktawia', 'Kazmierczak', 54),
(968, 'Gabriela', 'Jankowska', 82),
(969, 'Eleonora', 'Mazurek', 66),
(970, 'Kaja', 'Makowska', 18),
(971, 'Ewelina', 'Kaczmarczyk', 38),
(972, 'Beata', 'Sikorska', 26),
(973, 'Alina', 'Wisniewska', 77),
(974, 'Jolanta', 'Gorska', 37),
(975, 'Karolina', 'Kwiatkowska', 93),
(976, 'Dorota', 'Baranowska', 93),
(977, 'Marcelina', 'Krajewska', 51),
(978, 'Elwira', 'Gorecka', 31),
(979, 'Dominika', 'Piotrowska', 82),
(980, 'Maja', 'Baranowska', 18),
(981, 'Jozefa', 'Piotrowska', 25),
(982, 'Helena', 'Ziolkowska', 81),
(983, 'Asia', 'Nowak', 89),
(984, 'Judyta', 'Szczepanska', 39),
(985, 'Klara', 'Tomaszewska', 27),
(986, 'Eleonora', 'Kozlowska', 28),
(987, 'Ida', 'Walczak', 39),
(988, 'Dagmara', 'Ostrowska', 44),
(989, 'Adrianna', 'Dabrowska', 29),
(990, 'Judyta', 'Maciejewska', 47),
(991, 'Eleonora', 'Kowalska', 63),
(992, 'Eliza', 'Wroblewska', 73),
(993, 'Cecylia', 'Zielinska', 20),
(994, 'Felicja', 'Cieslak', 69),
(995, 'Jadwiga', 'Wojciechowska', 70),
(996, 'Faustyna', 'Wojciechowska', 84),
(997, 'Berenika', 'Wysocka', 79),
(998, 'Angelika', 'Gorecka', 37),
(999, 'Kornelia', 'Krawczyk', 32),
(1000, 'Patrycja', 'Kozlowska', 70),
(1001, 'Andrea', 'Zalewska', 48),
(1002, 'Olimpia', 'Sadowska', 65),
(1003, 'Florentyna', 'Stepien', 72),
(1004, 'Bogna', 'Pawlak', 65),
(1005, 'Urszula', 'Jakubowska', 62),
(1006, 'Klaudia', 'Pawlak', 50),
(1007, 'Dorota', 'Czerwinska', 36),
(1008, 'Izabela', 'Sikora', 67),
(1009, 'Kinga', 'Kwiatkowska', 43),
(1010, 'Danuta', 'Walczak', 33),
(1011, 'Roksana', 'Malinowska', 43),
(1012, 'Marcelina', 'Jaworska', 39),
(1013, 'Anastazja', 'Jankowska', 27),
(1014, 'Konstancja', 'Gorska', 37),
(1015, 'Malwina', 'Borkowska', 25),
(1016, 'Maria', 'Kalinowska', 92),
(1017, 'Paulina', 'Ostrowska', 66),
(1018, 'Judyta', 'Krawczyk', 80),
(1019, 'Aneta', 'Ostrowska', 39),
(1020, 'Andrea', 'Mroz', 85),
(1021, 'Roksana', 'Walczak', 19),
(1022, 'Florencja', 'Kaczmarczyk', 18),
(1023, 'Czeslawa', 'Jankowska', 84),
(1024, 'Luiza', 'Jankowska', 35),
(1025, 'Ilona', 'Wojciechowska', 93),
(1026, 'Kamila', 'Dabrowska', 70),
(1027, 'Barbara', 'Szewczyk', 83),
(1028, 'Krystyna', 'Czarnecka', 62),
(1029, 'Emilia', 'Wasilewska', 37),
(1030, 'Natasza', 'Zawadzka', 21),
(1031, 'Oliwia', 'Piotrowska', 51),
(1032, 'Magdalena', 'Wasilewska', 56),
(1033, 'Urszula', 'Czerwinska', 87),
(1034, 'Daria', 'Kwiatkowska', 48),
(1035, 'Honorata', 'Krawczyk', 79),
(1036, 'Krystyna', 'Wlodarczyk', 78),
(1037, 'Olimpia', 'Ostrowska', 55),
(1038, 'Milena', 'Czarnecka', 15),
(1039, 'Alisa', 'Rutkowska', 76),
(1040, 'Klara', 'Adamska', 39),
(1041, 'Faustyna', 'Rutkowska', 87);

-- --------------------------------------------------------

--
-- Table structure for table `gry`
--

CREATE TABLE `gry` (
  `id_gry` int(11) NOT NULL,
  `nazwa` varchar(255) NOT NULL,
  `kategoria` varchar(255) NOT NULL
) ENGINE=InnoDB DEFAULT CHARSET=utf8mb4 COLLATE=utf8mb4_polish_ci;

--
-- Dumping data for table `gry`
--

INSERT INTO `gry` (`id_gry`, `nazwa`, `kategoria`) VALUES
(1, 'Wsiasc do Pociagu: Europa', 'familijna'),
(2, 'Pandemia', 'kooperacyjna'),
(3, 'Splendor', 'familijna'),
(4, 'Dixit', 'familijna'),
(5, 'Dobble', 'familijna'),
(6, 'Azul', 'logiczna'),
(7, 'Na skrzydlach', 'familijna'),
(8, 'Terraformacja Marsa', 'strategiczna'),
(9, 'Zamki Burgundii', 'strategiczna'),
(10, 'Terra Mistica', 'strategiczna'),
(11, 'Scythe', 'strategiczna'),
(12, 'Great Western Trail', 'strategiczna'),
(13, '7 Cudow Swiata', 'strategiczna'),
(14, 'Star Wars rebelia', 'strategiczna'),
(15, 'Szarlatani z Pasikorowic', 'familijna'),
(16, 'Uczta Odyna', 'strategiczna'),
(17, 'Puerto Rico', 'strategiczna'),
(18, 'Viticulture', 'strategiczna'),
(19, 'Kawerna', 'strategiczna'),
(20, 'Agricola', 'strategiczna'),
(21, 'Nemesis', 'strategiczna'),
(22, 'Blood Rage', 'strategiczna'),
(23, 'Everdell', 'strategiczna'),
(24, 'Robinson Crusoe', 'kooperacyjna'),
(25, 'Anachrony', 'strategiczna'),
(26, 'Piec klanow', 'strategiczna'),
(27, 'Keyflower', 'strategiczna'),
(28, 'Kemet', 'strategiczna'),
(29, 'Cyklady', 'strategiczna'),
(30, 'Fauna', 'familijna'),
(31, 'Drako', 'strategiczna'),
(32, 'Tajemnice labiryntu', 'familijna'),
(33, 'Kowale losu', 'familijna'),
(34, 'Reef', 'logiczna'),
(35, 'Manhatan', 'logiczna'),
(36, 'Szeryf z Nottingham', 'imprezowa'),
(37, 'La Cucaracha', 'familijna'),
(38, 'Epoka kamienia', 'familijna'),
(39, 'Brzdek', 'strategiczna'),
(40, 'Teby', 'familijna'),
(41, 'Sagrada', 'logiczna'),
(42, 'Santorini', 'logiczna'),
(43, 'Simurgh', 'strategiczna'),
(44, 'Mombasa', 'strategiczna'),
(45, 'Patchwork', 'familijna'),
(46, 'Ogrodek', 'familijna'),
(47, 'Park niedzwiedzi', 'familijna'),
(48, 'Sztuka wojny', 'strategiczna'),
(49, 'Gipf', 'logiczna'),
(50, 'Yinsh', 'logiczna'),
(51, 'Torres', 'logiczna'),
(52, 'Lyngk', 'logiczna'),
(53, 'Wybuchowa mieszanka', 'familijna'),
(54, 'Tikal', 'strategiczna'),
(55, 'Spindirella', 'familijna'),
(56, 'Colt Express', 'imprezowa'),
(57, 'Tash Kalar', 'logiczna'),
(58, 'K2', 'strategiczna'),
(59, 'Zamek smokow', 'logiczna'),
(60, 'Chinczyk', 'familijna'),
(61, 'Szachy', 'logiczna'),
(62, 'Warcaby', 'logiczna'),
(63, 'Go', 'logiczna'),
(64, 'Ubongo', 'logiczna'),
(65, 'Carcassone', 'familijna'),
(66, 'Dominion', 'strategiczna'),
(67, 'Troyes', 'strategiczna'),
(68, 'Paladyni', 'strategiczna'),
(69, 'Architekci', 'strategiczna'),
(70, 'Alchemicy', 'strategiczna'),
(71, 'Welcome to', 'familijna'),
(72, 'Bukiet', 'familijna'),
(73, 'Miasteczka', 'familijna'),
(74, 'Jaipur', 'familijna'),
(75, 'Memoir\'44', 'strategiczna'),
(76, 'Detektyw', 'strategiczna'),
(77, 'Wyprawa do El Dorado', 'familijna'),
(78, '4 pory roku', 'strategiczna'),
(79, 'Wielka Petla', 'familijna'),
(80, 'Bolidy', 'familijna'),
(81, 'Catan', 'familijna'),
(82, '5 sekund', 'imprezowa'),
(83, 'Century Korzenny Szlak', 'strategiczna'),
(84, 'Wyspa Sky', 'familijna'),
(85, 'Sushi Go', 'imprezowa'),
(86, 'Gejsze', 'familijna'),
(87, 'Kingdomino', 'familijna'),
(88, 'Gizmos', 'familijna'),
(89, 'Krolestwo krolikow', 'familijna'),
(90, 'Takenoko', 'familijna'),
(91, 'Qeendomino', 'familijna'),
(92, 'Fotosynteza', 'logiczna'),
(93, 'Przebiegle wielblady', 'imprezowa'),
(94, 'Broom Service', 'familijna'),
(95, 'Chatka z piernika', 'familijna'),
(96, 'Zooloretto', 'familijna'),
(97, 'Via Nebula', 'strategiczna'),
(98, 'Brass', 'strategiczna'),
(99, 'Imperium Atakuje', 'strategiczna'),
(100, 'Avalone', 'imprezowa'),
(101, 'Inis', 'strategiczna'),
(102, 'Dvonn', 'logiczna'),
(103, 'Eurobisness', 'familijna'),
(104, 'Bitwa Morska', 'familijna'),
(105, 'Fortuna', 'familijna'),
(106, 'Milionerzy', 'familijna'),
(107, 'Star Realms', 'strategiczna'),
(108, 'Swiatowy Konflikt', 'imprezowa'),
(109, 'Posrod gwiazd', 'strategiczna'),
(110, 'Pedzace zolwie', 'familijna'),
(111, 'Jenga', 'imprezowa'),
(112, 'Scrabble', 'logiczna'),
(113, 'Domek', 'familijna'),
(114, 'Laguna', 'logiczna'),
(115, 'Geniusz', 'logiczna'),
(116, 'Manewry morskie', 'logiczna'),
(117, 'Ubongo 3D', 'logiczna'),
(118, 'Luxor', 'familijna'),
(119, 'Mr. Jack', 'strategiczna'),
(120, 'Roj', 'logiczna'),
(121, 'Mandala', 'logiczna'),
(122, 'Taluva', 'logiczna'),
(123, 'Tzaar', 'logiczna'),
(124, 'Blokus', 'logiczna'),
(125, 'Cywilizacja', 'strategiczna'),
(126, 'Concordia', 'strategiczna'),
(127, 'Root', 'strategiczna'),
(128, 'Tzolkin', 'strategiczna'),
(129, 'Podwodne miasta', 'strategiczna'),
(130, 'Mamy szpiega', 'imprezowa'),
(131, 'Koncept', 'imprezowa');

-- --------------------------------------------------------

--
-- Table structure for table `oceny`
--

CREATE TABLE `oceny` (
  `id_gry` int(11) NOT NULL,
  `id_gracza` int(11) NOT NULL,
  `stan` varchar(255) NOT NULL,
  `ocena` int(11) NOT NULL,
  `id_oceny` int(11) NOT NULL
) ENGINE=InnoDB DEFAULT CHARSET=utf8mb4 COLLATE=utf8mb4_polish_ci;

--
-- Dumping data for table `oceny`
--

INSERT INTO `oceny` (`id_gry`, `id_gracza`, `stan`, `ocena`, `id_oceny`) VALUES
(66, 1, 'posiada', 8, 1),
(72, 1, 'chce kupic', 3, 2),
(79, 1, 'sprzedal', 8, 3),
(43, 2, 'posiada', 9, 4),
(45, 2, 'chce kupic', 7, 5),
(59, 2, 'sprzedal', 9, 6),
(77, 2, 'posiada', 6, 7),
(78, 2, 'posiada', 3, 8),
(109, 2, 'posiada', 8, 9),
(107, 4, 'posiada', 7, 10),
(131, 4, 'posiada', 6, 11),
(35, 5, 'posiada', 5, 12),
(48, 5, 'posiada', 7, 13),
(54, 5, 'posiada', 8, 14),
(56, 5, 'posiada', 7, 15),
(65, 5, 'posiada', 7, 16),
(73, 5, 'posiada', 5, 17),
(106, 5, 'posiada', 7, 18),
(126, 5, 'sprzedal', 8, 19),
(3, 6, 'sprzedal', 7, 20),
(13, 6, 'sprzedal', 7, 21),
(17, 6, 'sprzedal', 5, 22),
(28, 6, 'sprzedal', 7, 23),
(43, 6, 'sprzedal', 7, 24),
(53, 6, 'sprzedal', 9, 25),
(84, 6, 'sprzedal', 9, 26),
(100, 6, 'chce kupic', 2, 27),
(102, 6, 'chce kupic', 6, 28),
(54, 7, 'chce kupic', 10, 29),
(68, 7, 'chce kupic', 10, 30),
(75, 7, 'posiada', 7, 31),
(84, 7, 'chce kupic', 9, 32),
(102, 7, 'sprzedal', 5, 33),
(45, 8, 'posiada', 4, 34),
(84, 8, 'chce kupic', 2, 35),
(108, 8, 'sprzedal', 9, 36),
(1, 9, 'posiada', 3, 37),
(39, 9, 'sprzedal', 5, 38),
(55, 9, 'sprzedal', 9, 39),
(75, 9, 'chce kupic', 8, 40),
(76, 9, 'chce kupic', 4, 41),
(78, 9, 'chce kupic', 3, 42),
(12, 10, 'chce kupic', 10, 43),
(23, 10, 'posiada', 10, 44),
(94, 10, 'chce kupic', 3, 45),
(1, 11, 'sprzedal', 9, 46),
(32, 11, 'posiada', 5, 47),
(67, 11, 'chce kupic', 6, 48),
(73, 11, 'sprzedal', 6, 49),
(76, 11, 'posiada', 6, 50),
(7, 12, 'posiada', 1, 51),
(82, 12, 'posiada', 5, 52),
(47, 13, 'posiada', 4, 53),
(49, 13, 'chce kupic', 6, 54),
(85, 13, 'sprzedal', 7, 55),
(38, 14, 'posiada', 9, 56),
(62, 14, 'chce kupic', 5, 57),
(70, 14, 'sprzedal', 6, 58),
(72, 14, 'posiada', 10, 59),
(74, 14, 'posiada', 10, 60),
(85, 14, 'posiada', 10, 61),
(93, 14, 'posiada', 7, 62),
(123, 14, 'posiada', 7, 63),
(45, 15, 'posiada', 10, 64),
(92, 15, 'posiada', 7, 65),
(96, 15, 'posiada', 9, 66),
(104, 15, 'posiada', 8, 67),
(120, 15, 'posiada', 10, 68),
(50, 16, 'posiada', 9, 69),
(85, 16, 'posiada', 6, 70),
(130, 16, 'posiada', 7, 71),
(36, 17, 'sprzedal', 6, 72),
(53, 17, 'sprzedal', 7, 73),
(117, 17, 'sprzedal', 8, 74),
(120, 17, 'sprzedal', 10, 75),
(2, 18, 'sprzedal', 6, 76),
(22, 18, 'sprzedal', 9, 77),
(2, 19, 'sprzedal', 10, 78),
(19, 19, 'sprzedal', 6, 79),
(70, 19, 'chce kupic', 10, 80),
(80, 19, 'chce kupic', 8, 81),
(130, 19, 'chce kupic', 8, 82),
(10, 20, 'chce kupic', 9, 83),
(49, 20, 'posiada', 7, 84),
(74, 20, 'chce kupic', 8, 85),
(95, 20, 'sprzedal', 10, 86),
(96, 20, 'posiada', 10, 87),
(92, 21, 'chce kupic', 10, 88),
(105, 21, 'sprzedal', 6, 89),
(18, 22, 'posiada', 7, 90),
(31, 22, 'sprzedal', 6, 91),
(35, 22, 'sprzedal', 6, 92),
(99, 22, 'chce kupic', 7, 93),
(118, 22, 'chce kupic', 6, 94),
(34, 23, 'chce kupic', 9, 95),
(35, 23, 'chce kupic', 10, 96),
(62, 23, 'posiada', 7, 97),
(69, 23, 'chce kupic', 6, 98),
(99, 23, 'sprzedal', 8, 99),
(2, 24, 'posiada', 7, 100),
(93, 24, 'chce kupic', 10, 101),
(97, 24, 'sprzedal', 6, 102),
(29, 25, 'posiada', 9, 103),
(32, 25, 'posiada', 10, 104),
(78, 25, 'posiada', 6, 105),
(102, 25, 'posiada', 6, 106),
(107, 25, 'chce kupic', 6, 107),
(26, 26, 'sprzedal', 9, 108),
(84, 26, 'posiada', 10, 109),
(96, 26, 'chce kupic', 6, 110),
(97, 26, 'posiada', 10, 111),
(30, 27, 'posiada', 9, 112),
(35, 27, 'posiada', 10, 113),
(42, 27, 'posiada', 6, 114),
(95, 27, 'posiada', 10, 115),
(108, 27, 'posiada', 9, 116),
(128, 27, 'posiada', 6, 117),
(58, 28, 'posiada', 8, 118),
(83, 28, 'posiada', 9, 119),
(116, 28, 'posiada', 7, 120),
(2, 29, 'posiada', 9, 121),
(7, 29, 'posiada', 8, 122),
(20, 29, 'posiada', 9, 123),
(61, 29, 'sprzedal', 8, 124),
(103, 29, 'sprzedal', 9, 125),
(121, 29, 'sprzedal', 10, 126),
(22, 30, 'posiada', 10, 127),
(88, 30, 'posiada', 8, 128),
(96, 30, 'posiada', 9, 129),
(102, 30, 'posiada', 8, 130),
(114, 30, 'sprzedal', 8, 131),
(53, 31, 'chce kupic', 7, 132),
(58, 31, 'chce kupic', 8, 133),
(68, 31, 'chce kupic', 9, 134),
(70, 31, 'chce kupic', 7, 135),
(45, 32, 'posiada', 9, 136),
(128, 32, 'chce kupic', 6, 137),
(13, 33, 'sprzedal', 7, 138),
(25, 33, 'posiada', 9, 139),
(32, 33, 'chce kupic', 10, 140),
(33, 33, 'sprzedal', 6, 141),
(38, 33, 'posiada', 6, 142),
(76, 33, 'sprzedal', 6, 143),
(90, 33, 'sprzedal', 7, 144),
(2, 34, 'chce kupic', 9, 145),
(20, 34, 'chce kupic', 6, 146),
(60, 35, 'chce kupic', 10, 147),
(45, 36, 'chce kupic', 8, 148),
(84, 36, 'posiada', 7, 149),
(92, 37, 'chce kupic', 7, 150),
(24, 38, 'sprzedal', 9, 151),
(40, 38, 'posiada', 8, 152),
(4, 39, 'chce kupic', 6, 153),
(26, 39, 'sprzedal', 9, 154),
(40, 39, 'posiada', 10, 155),
(42, 39, 'posiada', 9, 156),
(66, 39, 'posiada', 8, 157),
(79, 39, 'posiada', 7, 158),
(49, 40, 'chce kupic', 6, 159),
(84, 40, 'sprzedal', 8, 160),
(28, 41, 'posiada', 7, 161),
(49, 41, 'chce kupic', 7, 162),
(55, 41, 'sprzedal', 9, 163),
(77, 41, 'posiada', 10, 164),
(94, 41, 'posiada', 9, 165),
(33, 42, 'posiada', 7, 166),
(74, 42, 'posiada', 9, 167),
(43, 43, 'posiada', 7, 168),
(46, 43, 'posiada', 7, 169),
(48, 43, 'posiada', 9, 170),
(22, 44, 'posiada', 9, 171),
(53, 45, 'posiada', 10, 172),
(42, 46, 'posiada', 7, 173),
(100, 46, 'posiada', 9, 174),
(26, 47, 'posiada', 6, 175),
(34, 47, 'posiada', 7, 176),
(71, 47, 'sprzedal', 8, 177),
(74, 47, 'sprzedal', 9, 178),
(12, 48, 'sprzedal', 7, 179),
(29, 48, 'sprzedal', 9, 180),
(60, 48, 'sprzedal', 10, 181),
(83, 48, 'sprzedal', 7, 182),
(107, 48, 'sprzedal', 10, 183),
(119, 48, 'sprzedal', 7, 184),
(126, 48, 'chce kupic', 8, 185),
(73, 49, 'chce kupic', 8, 186),
(88, 49, 'chce kupic', 9, 187),
(121, 49, 'chce kupic', 6, 188),
(26, 50, 'posiada', 10, 189),
(30, 50, 'chce kupic', 7, 190),
(60, 50, 'sprzedal', 10, 191),
(91, 50, 'posiada', 8, 192),
(18, 51, 'chce kupic', 9, 193),
(63, 51, 'sprzedal', 6, 194),
(93, 51, 'posiada', 6, 195),
(100, 51, 'sprzedal', 8, 196),
(97, 52, 'sprzedal', 10, 197),
(53, 53, 'chce kupic', 8, 198),
(69, 53, 'chce kupic', 6, 199),
(74, 53, 'chce kupic', 9, 200),
(100, 53, 'chce kupic', 10, 201),
(112, 53, 'posiada', 9, 202),
(32, 54, 'chce kupic', 8, 203),
(44, 54, 'sprzedal', 8, 204),
(97, 54, 'posiada', 7, 205),
(36, 55, 'chce kupic', 7, 206),
(55, 55, 'sprzedal', 9, 207),
(60, 55, 'posiada', 6, 208),
(71, 55, 'posiada', 10, 209),
(104, 55, 'posiada', 10, 210),
(21, 56, 'posiada', 6, 211),
(114, 56, 'chce kupic', 10, 212),
(130, 56, 'sprzedal', 10, 213),
(98, 57, 'posiada', 6, 214),
(100, 57, 'chce kupic', 9, 215),
(113, 57, 'sprzedal', 8, 216),
(10, 58, 'posiada', 6, 217),
(24, 58, 'posiada', 10, 218),
(32, 58, 'posiada', 10, 219),
(35, 58, 'posiada', 6, 220),
(40, 58, 'posiada', 8, 221),
(48, 58, 'posiada', 8, 222),
(101, 58, 'posiada', 10, 223),
(24, 59, 'posiada', 8, 224),
(44, 59, 'posiada', 9, 225),
(103, 59, 'posiada', 7, 226),
(22, 60, 'posiada', 8, 227),
(81, 60, 'posiada', 9, 228),
(56, 61, 'posiada', 7, 229),
(66, 61, 'sprzedal', 8, 230),
(38, 62, 'sprzedal', 8, 231),
(76, 62, 'sprzedal', 7, 232),
(84, 62, 'sprzedal', 10, 233),
(71, 63, 'sprzedal', 10, 234),
(117, 63, 'sprzedal', 6, 235),
(1, 64, 'sprzedal', 9, 236),
(22, 64, 'sprzedal', 7, 237),
(70, 64, 'chce kupic', 9, 238),
(107, 64, 'chce kupic', 10, 239),
(42, 65, 'chce kupic', 9, 240),
(30, 66, 'chce kupic', 8, 241),
(109, 66, 'posiada', 6, 242),
(79, 67, 'chce kupic', 7, 243),
(97, 67, 'sprzedal', 9, 244),
(113, 67, 'posiada', 7, 245),
(115, 67, 'chce kupic', 6, 246),
(29, 68, 'sprzedal', 9, 247),
(61, 68, 'posiada', 7, 248),
(65, 68, 'sprzedal', 8, 249),
(82, 68, 'sprzedal', 7, 250),
(85, 68, 'chce kupic', 7, 251),
(125, 68, 'chce kupic', 10, 252),
(98, 69, 'chce kupic', 6, 253),
(126, 69, 'chce kupic', 8, 254),
(38, 70, 'posiada', 10, 255),
(18, 71, 'chce kupic', 7, 256),
(69, 71, 'sprzedal', 9, 257),
(97, 71, 'posiada', 7, 258),
(117, 71, 'chce kupic', 9, 259),
(119, 71, 'sprzedal', 7, 260),
(120, 71, 'posiada', 7, 261),
(6, 72, 'posiada', 9, 262),
(57, 72, 'posiada', 6, 263),
(68, 72, 'posiada', 9, 264),
(82, 72, 'chce kupic', 9, 265),
(121, 73, 'sprzedal', 10, 266),
(3, 75, 'posiada', 7, 267),
(4, 75, 'chce kupic', 10, 268),
(7, 75, 'sprzedal', 10, 269),
(55, 75, 'posiada', 9, 270),
(70, 75, 'posiada', 9, 271),
(116, 75, 'posiada', 9, 272),
(59, 76, 'posiada', 6, 273),
(81, 76, 'posiada', 10, 274),
(94, 76, 'posiada', 8, 275),
(98, 76, 'posiada', 8, 276),
(4, 77, 'posiada', 8, 277),
(39, 77, 'posiada', 7, 278),
(76, 77, 'posiada', 6, 279),
(121, 77, 'posiada', 7, 280),
(124, 77, 'posiada', 10, 281),
(15, 78, 'posiada', 7, 282),
(49, 78, 'sprzedal', 7, 283),
(23, 79, 'sprzedal', 9, 284),
(51, 79, 'sprzedal', 7, 285),
(97, 79, 'sprzedal', 9, 286),
(24, 80, 'sprzedal', 10, 287),
(48, 80, 'sprzedal', 7, 288),
(92, 80, 'sprzedal', 6, 289),
(43, 81, 'sprzedal', 10, 290),
(44, 81, 'chce kupic', 8, 291),
(65, 81, 'chce kupic', 10, 292),
(80, 81, 'chce kupic', 6, 293),
(131, 81, 'chce kupic', 6, 294),
(16, 82, 'posiada', 9, 295),
(31, 82, 'chce kupic', 8, 296),
(43, 82, 'sprzedal', 7, 297),
(76, 82, 'posiada', 10, 298),
(14, 83, 'chce kupic', 8, 299),
(17, 83, 'sprzedal', 10, 300),
(31, 83, 'posiada', 7, 301),
(45, 83, 'sprzedal', 6, 302),
(46, 83, 'sprzedal', 9, 303),
(57, 83, 'chce kupic', 7, 304),
(84, 83, 'chce kupic', 9, 305),
(99, 83, 'chce kupic', 8, 306),
(83, 84, 'chce kupic', 8, 307),
(8, 85, 'posiada', 6, 308),
(26, 85, 'chce kupic', 8, 309),
(40, 85, 'sprzedal', 9, 310),
(41, 85, 'posiada', 10, 311),
(62, 85, 'chce kupic', 6, 312),
(63, 85, 'sprzedal', 8, 313),
(84, 85, 'posiada', 9, 314),
(106, 85, 'posiada', 10, 315),
(129, 85, 'posiada', 8, 316),
(17, 86, 'posiada', 7, 317),
(51, 86, 'chce kupic', 8, 318),
(59, 86, 'sprzedal', 6, 319),
(93, 86, 'posiada', 7, 320),
(125, 86, 'chce kupic', 8, 321),
(28, 88, 'sprzedal', 9, 322),
(93, 88, 'posiada', 8, 323),
(1, 89, 'posiada', 10, 324),
(15, 89, 'posiada', 7, 325),
(63, 89, 'posiada', 6, 326),
(82, 89, 'posiada', 10, 327),
(12, 90, 'posiada', 10, 328),
(18, 90, 'posiada', 8, 329),
(27, 90, 'posiada', 7, 330),
(108, 90, 'posiada', 7, 331),
(22, 91, 'posiada', 9, 332),
(56, 91, 'posiada', 7, 333),
(3, 92, 'posiada', 9, 334),
(49, 92, 'posiada', 7, 335),
(90, 92, 'sprzedal', 7, 336),
(3, 93, 'sprzedal', 7, 337),
(18, 93, 'sprzedal', 7, 338),
(95, 93, 'sprzedal', 6, 339),
(111, 93, 'sprzedal', 7, 340),
(12, 94, 'sprzedal', 6, 341),
(25, 94, 'sprzedal', 7, 342),
(32, 94, 'sprzedal', 8, 343),
(90, 94, 'chce kupic', 6, 344),
(26, 95, 'chce kupic', 7, 345),
(32, 95, 'chce kupic', 10, 346),
(41, 95, 'chce kupic', 9, 347),
(61, 95, 'posiada', 7, 348),
(75, 95, 'chce kupic', 8, 349),
(116, 95, 'sprzedal', 8, 350),
(124, 95, 'posiada', 10, 351),
(44, 96, 'chce kupic', 9, 352),
(98, 96, 'sprzedal', 9, 353),
(75, 97, 'posiada', 6, 354),
(76, 97, 'sprzedal', 10, 355),
(4, 98, 'sprzedal', 8, 356),
(17, 98, 'chce kupic', 7, 357),
(68, 98, 'chce kupic', 6, 358),
(87, 98, 'chce kupic', 10, 359),
(110, 98, 'chce kupic', 8, 360),
(8, 99, 'posiada', 7, 361),
(53, 99, 'chce kupic', 10, 362),
(54, 99, 'sprzedal', 6, 363),
(13, 100, 'posiada', 10, 364),
(27, 100, 'chce kupic', 10, 365),
(36, 100, 'sprzedal', 10, 366),
(68, 100, 'posiada', 8, 367),
(70, 100, 'posiada', 8, 368),
(80, 100, 'posiada', 7, 369),
(88, 100, 'posiada', 7, 370),
(99, 100, 'chce kupic', 7, 371),
(121, 100, 'sprzedal', 7, 372),
(13, 101, 'posiada', 10, 373),
(86, 101, 'chce kupic', 9, 374),
(118, 101, 'sprzedal', 8, 375),
(54, 102, 'posiada', 10, 376),
(100, 102, 'posiada', 7, 377),
(118, 102, 'posiada', 6, 378),
(130, 102, 'posiada', 10, 379),
(21, 103, 'posiada', 9, 380),
(52, 103, 'posiada', 9, 381),
(55, 103, 'posiada', 7, 382),
(62, 103, 'posiada', 6, 383),
(84, 103, 'posiada', 6, 384),
(61, 104, 'posiada', 9, 385),
(116, 104, 'posiada', 10, 386),
(14, 105, 'posiada', 10, 387),
(87, 105, 'posiada', 8, 388),
(98, 105, 'sprzedal', 10, 389),
(112, 105, 'sprzedal', 9, 390),
(116, 105, 'sprzedal', 8, 391),
(118, 105, 'sprzedal', 7, 392),
(32, 106, 'sprzedal', 9, 393),
(43, 106, 'sprzedal', 6, 394),
(61, 106, 'sprzedal', 9, 395),
(98, 106, 'sprzedal', 10, 396),
(5, 107, 'chce kupic', 7, 397),
(23, 107, 'chce kupic', 6, 398),
(48, 107, 'chce kupic', 9, 399),
(63, 107, 'chce kupic', 9, 400),
(78, 107, 'posiada', 7, 401),
(92, 107, 'chce kupic', 7, 402),
(93, 107, 'sprzedal', 7, 403),
(35, 108, 'posiada', 6, 404),
(51, 108, 'chce kupic', 9, 405),
(63, 108, 'sprzedal', 7, 406),
(114, 108, 'posiada', 10, 407),
(12, 109, 'sprzedal', 7, 408),
(49, 109, 'sprzedal', 10, 409),
(82, 109, 'chce kupic', 7, 410),
(79, 110, 'chce kupic', 10, 411),
(117, 110, 'chce kupic', 6, 412),
(11, 111, 'chce kupic', 10, 413),
(55, 111, 'posiada', 9, 414),
(130, 111, 'chce kupic', 6, 415),
(4, 112, 'sprzedal', 6, 416),
(17, 112, 'posiada', 8, 417),
(27, 112, 'chce kupic', 8, 418),
(73, 112, 'sprzedal', 6, 419),
(95, 112, 'posiada', 10, 420),
(6, 113, 'posiada', 7, 421),
(64, 113, 'posiada', 6, 422),
(73, 113, 'posiada', 9, 423),
(104, 113, 'chce kupic', 6, 424),
(108, 113, 'sprzedal', 10, 425),
(101, 114, 'posiada', 8, 426),
(55, 115, 'chce kupic', 6, 427),
(1, 116, 'sprzedal', 6, 428),
(70, 116, 'posiada', 9, 429),
(85, 116, 'posiada', 7, 430),
(100, 116, 'posiada', 9, 431),
(116, 116, 'posiada', 9, 432),
(121, 116, 'posiada', 7, 433),
(57, 117, 'posiada', 10, 434),
(71, 117, 'posiada', 7, 435),
(105, 117, 'posiada', 6, 436),
(116, 117, 'posiada', 10, 437),
(130, 117, 'posiada', 10, 438),
(50, 118, 'posiada', 10, 439),
(82, 118, 'posiada', 7, 440),
(104, 118, 'posiada', 7, 441),
(103, 119, 'sprzedal', 6, 442),
(104, 119, 'sprzedal', 10, 443),
(57, 120, 'sprzedal', 8, 444),
(71, 120, 'sprzedal', 9, 445),
(117, 120, 'sprzedal', 7, 446),
(26, 121, 'sprzedal', 10, 447),
(36, 121, 'sprzedal', 7, 448),
(42, 121, 'sprzedal', 6, 449),
(101, 121, 'chce kupic', 8, 450),
(2, 122, 'chce kupic', 9, 451),
(31, 122, 'chce kupic', 8, 452),
(52, 122, 'chce kupic', 9, 453),
(89, 122, 'posiada', 7, 454),
(15, 123, 'chce kupic', 7, 455),
(21, 123, 'sprzedal', 9, 456),
(1, 124, 'posiada', 9, 457),
(13, 124, 'chce kupic', 9, 458),
(28, 124, 'sprzedal', 8, 459),
(33, 124, 'posiada', 10, 460),
(105, 124, 'sprzedal', 9, 461),
(126, 124, 'sprzedal', 8, 462),
(22, 125, 'chce kupic', 8, 463),
(23, 125, 'chce kupic', 10, 464),
(30, 125, 'chce kupic', 10, 465),
(75, 125, 'chce kupic', 10, 466),
(89, 125, 'posiada', 7, 467),
(96, 125, 'chce kupic', 7, 468),
(17, 126, 'sprzedal', 9, 469),
(29, 126, 'posiada', 10, 470),
(63, 126, 'chce kupic', 10, 471),
(11, 127, 'sprzedal', 6, 472),
(56, 127, 'posiada', 8, 473),
(100, 127, 'posiada', 8, 474),
(129, 127, 'posiada', 10, 475),
(19, 128, 'posiada', 10, 476),
(18, 129, 'chce kupic', 7, 477),
(94, 129, 'sprzedal', 8, 478),
(95, 129, 'posiada', 8, 479),
(43, 130, 'chce kupic', 10, 480),
(75, 130, 'sprzedal', 9, 481),
(112, 130, 'posiada', 9, 482),
(114, 130, 'posiada', 9, 483),
(7, 131, 'posiada', 10, 484),
(15, 131, 'posiada', 10, 485),
(112, 131, 'posiada', 10, 486),
(115, 131, 'posiada', 6, 487),
(11, 132, 'posiada', 10, 488),
(66, 132, 'posiada', 10, 489),
(84, 132, 'posiada', 8, 490),
(118, 132, 'posiada', 6, 491),
(52, 133, 'posiada', 9, 492),
(54, 133, 'posiada', 10, 493),
(71, 133, 'posiada', 10, 494),
(92, 133, 'sprzedal', 7, 495),
(46, 134, 'sprzedal', 8, 496),
(102, 134, 'sprzedal', 6, 497),
(57, 135, 'sprzedal', 6, 498),
(76, 135, 'sprzedal', 6, 499),
(88, 135, 'sprzedal', 6, 500),
(55, 136, 'sprzedal', 8, 501),
(14, 137, 'sprzedal', 10, 502),
(22, 137, 'chce kupic', 7, 503),
(67, 137, 'chce kupic', 8, 504),
(14, 138, 'chce kupic', 8, 505),
(23, 138, 'chce kupic', 8, 506),
(29, 138, 'posiada', 8, 507),
(131, 138, 'chce kupic', 9, 508),
(64, 139, 'sprzedal', 8, 509),
(96, 139, 'posiada', 8, 510),
(21, 140, 'chce kupic', 10, 511),
(43, 140, 'sprzedal', 6, 512),
(67, 140, 'posiada', 7, 513),
(74, 140, 'sprzedal', 6, 514),
(116, 140, 'sprzedal', 7, 515),
(120, 140, 'chce kupic', 8, 516),
(5, 141, 'chce kupic', 7, 517),
(24, 141, 'chce kupic', 10, 518),
(33, 142, 'chce kupic', 6, 519),
(66, 142, 'posiada', 7, 520),
(101, 142, 'chce kupic', 6, 521),
(104, 142, 'sprzedal', 9, 522),
(16, 143, 'posiada', 10, 523),
(44, 143, 'chce kupic', 7, 524),
(93, 143, 'sprzedal', 8, 525),
(31, 144, 'posiada', 6, 526),
(89, 144, 'posiada', 10, 527),
(18, 145, 'posiada', 8, 528),
(31, 145, 'posiada', 10, 529),
(72, 145, 'chce kupic', 6, 530),
(77, 145, 'sprzedal', 7, 531),
(98, 145, 'posiada', 8, 532),
(117, 145, 'chce kupic', 9, 533),
(25, 146, 'sprzedal', 7, 534),
(71, 147, 'posiada', 6, 535),
(91, 147, 'posiada', 9, 536),
(124, 147, 'posiada', 6, 537),
(126, 147, 'posiada', 7, 538),
(4, 148, 'posiada', 9, 539),
(20, 148, 'posiada', 6, 540),
(36, 148, 'posiada', 7, 541),
(70, 148, 'posiada', 7, 542),
(99, 148, 'posiada', 7, 543),
(113, 148, 'posiada', 10, 544),
(127, 148, 'posiada', 9, 545),
(39, 149, 'posiada', 9, 546),
(66, 149, 'posiada', 9, 547),
(115, 149, 'sprzedal', 6, 548),
(116, 149, 'sprzedal', 10, 549),
(122, 149, 'sprzedal', 6, 550),
(13, 150, 'sprzedal', 5, 551),
(27, 150, 'sprzedal', 7, 552),
(35, 150, 'sprzedal', 5, 553),
(64, 150, 'sprzedal', 6, 554),
(2, 151, 'sprzedal', 4, 555),
(24, 151, 'chce kupic', 10, 556),
(55, 151, 'chce kupic', 8, 557),
(65, 151, 'chce kupic', 4, 558),
(86, 151, 'chce kupic', 4, 559),
(92, 152, 'posiada', 10, 560),
(22, 153, 'chce kupic', 10, 561),
(83, 153, 'sprzedal', 2, 562),
(50, 154, 'posiada', 5, 563),
(16, 155, 'chce kupic', 1, 564),
(40, 155, 'sprzedal', 7, 565),
(58, 155, 'posiada', 10, 566),
(127, 155, 'sprzedal', 2, 567),
(2, 156, 'sprzedal', 10, 568),
(11, 156, 'chce kupic', 5, 569),
(40, 156, 'chce kupic', 6, 570),
(71, 156, 'chce kupic', 9, 571),
(124, 156, 'chce kupic', 8, 572),
(65, 157, 'posiada', 8, 573),
(103, 157, 'chce kupic', 5, 574),
(108, 157, 'sprzedal', 8, 575),
(30, 158, 'posiada', 5, 576),
(61, 158, 'chce kupic', 6, 577),
(99, 158, 'sprzedal', 9, 578),
(48, 159, 'posiada', 7, 579),
(20, 160, 'posiada', 10, 580),
(32, 160, 'posiada', 10, 581),
(62, 160, 'posiada', 9, 582),
(66, 160, 'chce kupic', 8, 583),
(100, 160, 'sprzedal', 7, 584),
(71, 161, 'posiada', 7, 585),
(89, 161, 'chce kupic', 8, 586),
(94, 161, 'sprzedal', 8, 587),
(100, 161, 'posiada', 10, 588),
(7, 162, 'posiada', 10, 589),
(24, 162, 'posiada', 9, 590),
(75, 162, 'posiada', 9, 591),
(98, 162, 'posiada', 7, 592),
(126, 162, 'posiada', 8, 593),
(52, 163, 'posiada', 8, 594),
(69, 163, 'posiada', 9, 595),
(70, 163, 'posiada', 8, 596),
(128, 163, 'posiada', 7, 597),
(129, 163, 'posiada', 9, 598),
(2, 164, 'posiada', 9, 599),
(38, 164, 'posiada', 9, 600),
(43, 164, 'sprzedal', 9, 601),
(124, 164, 'sprzedal', 10, 602),
(60, 165, 'sprzedal', 8, 603),
(2, 166, 'sprzedal', 7, 604),
(20, 166, 'sprzedal', 7, 605),
(24, 166, 'sprzedal', 8, 606),
(78, 166, 'sprzedal', 7, 607),
(80, 166, 'sprzedal', 10, 608),
(114, 166, 'chce kupic', 8, 609),
(124, 166, 'chce kupic', 9, 610),
(4, 167, 'chce kupic', 8, 611),
(87, 167, 'chce kupic', 10, 612),
(35, 168, 'posiada', 7, 613),
(103, 168, 'chce kupic', 7, 614),
(112, 168, 'sprzedal', 10, 615),
(119, 168, 'posiada', 8, 616),
(122, 168, 'chce kupic', 7, 617),
(50, 169, 'sprzedal', 10, 618),
(69, 169, 'posiada', 9, 619),
(77, 169, 'sprzedal', 7, 620),
(126, 169, 'sprzedal', 9, 621),
(12, 170, 'chce kupic', 7, 622),
(65, 170, 'chce kupic', 8, 623),
(69, 170, 'chce kupic', 8, 624),
(12, 171, 'chce kupic', 7, 625),
(13, 171, 'posiada', 8, 626),
(68, 171, 'chce kupic', 10, 627),
(86, 171, 'sprzedal', 8, 628),
(22, 172, 'posiada', 10, 629),
(76, 172, 'chce kupic', 10, 630),
(79, 172, 'sprzedal', 8, 631),
(120, 172, 'posiada', 10, 632),
(130, 172, 'posiada', 8, 633),
(13, 173, 'posiada', 7, 634),
(36, 173, 'posiada', 10, 635),
(54, 173, 'chce kupic', 9, 636),
(59, 173, 'sprzedal', 8, 637),
(84, 173, 'posiada', 8, 638),
(118, 173, 'chce kupic', 8, 639),
(13, 174, 'sprzedal', 9, 640),
(41, 174, 'posiada', 10, 641),
(63, 174, 'posiada', 7, 642),
(68, 174, 'posiada', 10, 643),
(129, 174, 'posiada', 7, 644),
(130, 174, 'posiada', 9, 645),
(9, 175, 'posiada', 9, 646),
(26, 175, 'posiada', 8, 647),
(27, 175, 'posiada', 10, 648),
(49, 175, 'posiada', 9, 649),
(66, 175, 'posiada', 9, 650),
(35, 176, 'posiada', 8, 651),
(44, 176, 'posiada', 9, 652),
(46, 176, 'posiada', 7, 653),
(77, 176, 'sprzedal', 8, 654),
(126, 176, 'sprzedal', 8, 655),
(49, 177, 'sprzedal', 8, 656),
(67, 177, 'sprzedal', 7, 657),
(99, 177, 'sprzedal', 7, 658),
(127, 177, 'sprzedal', 9, 659),
(49, 178, 'sprzedal', 8, 660),
(59, 178, 'sprzedal', 8, 661),
(97, 178, 'chce kupic', 8, 662),
(17, 179, 'chce kupic', 9, 663),
(59, 179, 'chce kupic', 7, 664),
(78, 179, 'chce kupic', 9, 665),
(123, 179, 'posiada', 8, 666),
(125, 179, 'chce kupic', 9, 667),
(7, 180, 'sprzedal', 10, 668),
(44, 180, 'posiada', 7, 669),
(34, 181, 'chce kupic', 8, 670),
(48, 181, 'sprzedal', 8, 671),
(96, 181, 'posiada', 8, 672),
(26, 182, 'sprzedal', 10, 673),
(46, 182, 'sprzedal', 9, 674),
(61, 182, 'chce kupic', 9, 675),
(76, 182, 'chce kupic', 10, 676),
(80, 182, 'chce kupic', 9, 677),
(94, 182, 'chce kupic', 8, 678),
(5, 183, 'posiada', 10, 679),
(23, 183, 'chce kupic', 10, 680),
(117, 183, 'sprzedal', 9, 681),
(5, 184, 'posiada', 7, 682),
(80, 184, 'chce kupic', 9, 683),
(14, 185, 'sprzedal', 7, 684),
(24, 185, 'posiada', 9, 685),
(27, 185, 'posiada', 9, 686),
(69, 185, 'posiada', 10, 687),
(82, 185, 'posiada', 7, 688),
(26, 186, 'chce kupic', 10, 689),
(65, 186, 'sprzedal', 8, 690),
(96, 186, 'posiada', 9, 691),
(108, 186, 'chce kupic', 9, 692),
(20, 187, 'sprzedal', 7, 693),
(46, 187, 'posiada', 7, 694),
(73, 187, 'posiada', 10, 695),
(74, 187, 'posiada', 9, 696),
(7, 188, 'posiada', 9, 697),
(36, 188, 'posiada', 10, 698),
(57, 188, 'posiada', 7, 699),
(101, 188, 'posiada', 10, 700),
(103, 188, 'posiada', 8, 701),
(107, 188, 'posiada', 8, 702),
(127, 188, 'posiada', 9, 703),
(68, 189, 'posiada', 10, 704),
(82, 189, 'posiada', 7, 705),
(110, 189, 'posiada', 10, 706),
(118, 189, 'sprzedal', 9, 707),
(119, 189, 'sprzedal', 8, 708),
(40, 190, 'sprzedal', 10, 709),
(42, 190, 'sprzedal', 8, 710),
(67, 190, 'sprzedal', 10, 711),
(3, 191, 'sprzedal', 9, 712),
(34, 191, 'sprzedal', 8, 713),
(94, 192, 'sprzedal', 8, 714),
(98, 192, 'chce kupic', 8, 715),
(99, 192, 'chce kupic', 7, 716),
(110, 192, 'chce kupic', 10, 717),
(131, 192, 'chce kupic', 9, 718),
(18, 193, 'posiada', 10, 719),
(38, 193, 'chce kupic', 8, 720),
(88, 193, 'sprzedal', 8, 721),
(32, 194, 'posiada', 8, 722),
(75, 194, 'chce kupic', 8, 723),
(115, 194, 'sprzedal', 10, 724),
(47, 195, 'posiada', 10, 725),
(57, 195, 'sprzedal', 8, 726),
(77, 195, 'sprzedal', 9, 727),
(125, 195, 'chce kupic', 9, 728),
(126, 195, 'chce kupic', 8, 729),
(14, 196, 'chce kupic', 10, 730),
(58, 196, 'chce kupic', 10, 731),
(78, 196, 'posiada', 8, 732),
(16, 197, 'chce kupic', 8, 733),
(97, 197, 'sprzedal', 9, 734),
(109, 197, 'posiada', 10, 735),
(110, 197, 'chce kupic', 10, 736),
(117, 197, 'sprzedal', 7, 737),
(125, 197, 'posiada', 10, 738),
(16, 198, 'posiada', 9, 739),
(52, 198, 'posiada', 7, 740),
(81, 198, 'posiada', 9, 741),
(122, 198, 'chce kupic', 8, 742),
(43, 199, 'sprzedal', 10, 743),
(61, 199, 'posiada', 10, 744),
(113, 199, 'chce kupic', 8, 745),
(120, 200, 'sprzedal', 10, 746),
(1, 201, 'posiada', 7, 747),
(59, 201, 'posiada', 8, 748),
(65, 201, 'posiada', 9, 749),
(87, 201, 'posiada', 9, 750),
(111, 201, 'posiada', 8, 751),
(114, 201, 'posiada', 7, 752),
(5, 202, 'posiada', 10, 753),
(10, 202, 'posiada', 9, 754),
(4, 203, 'posiada', 8, 755),
(34, 203, 'posiada', 8, 756),
(57, 203, 'posiada', 7, 757),
(68, 203, 'posiada', 7, 758),
(74, 203, 'posiada', 10, 759),
(66, 204, 'sprzedal', 7, 760),
(70, 204, 'sprzedal', 8, 761),
(87, 204, 'sprzedal', 7, 762),
(1, 205, 'sprzedal', 7, 763),
(46, 205, 'sprzedal', 8, 764),
(90, 205, 'sprzedal', 9, 765),
(57, 206, 'sprzedal', 8, 766),
(60, 206, 'sprzedal', 7, 767),
(71, 206, 'chce kupic', 7, 768),
(77, 206, 'chce kupic', 7, 769),
(96, 206, 'chce kupic', 8, 770),
(25, 207, 'chce kupic', 8, 771),
(58, 207, 'posiada', 10, 772),
(76, 207, 'chce kupic', 8, 773),
(41, 208, 'sprzedal', 8, 774),
(45, 208, 'posiada', 7, 775),
(52, 208, 'chce kupic', 8, 776),
(80, 208, 'sprzedal', 9, 777),
(122, 208, 'posiada', 7, 778),
(1, 209, 'sprzedal', 10, 779),
(15, 209, 'sprzedal', 10, 780),
(43, 209, 'chce kupic', 9, 781),
(53, 209, 'chce kupic', 7, 782),
(129, 209, 'chce kupic', 8, 783),
(27, 210, 'chce kupic', 8, 784),
(60, 210, 'posiada', 7, 785),
(88, 210, 'chce kupic', 10, 786),
(127, 210, 'sprzedal', 9, 787),
(54, 211, 'posiada', 7, 788),
(103, 211, 'chce kupic', 8, 789),
(7, 212, 'sprzedal', 10, 790),
(24, 212, 'posiada', 10, 791),
(46, 212, 'posiada', 7, 792),
(12, 213, 'posiada', 10, 793),
(17, 213, 'posiada', 8, 794),
(59, 213, 'chce kupic', 7, 795),
(106, 213, 'sprzedal', 10, 796),
(38, 214, 'posiada', 9, 797),
(61, 214, 'chce kupic', 9, 798),
(105, 214, 'sprzedal', 8, 799),
(119, 214, 'posiada', 10, 800),
(30, 215, 'posiada', 9, 801),
(35, 215, 'posiada', 10, 802),
(70, 215, 'posiada', 10, 803),
(108, 215, 'posiada', 10, 804),
(123, 215, 'posiada', 10, 805),
(58, 216, 'posiada', 7, 806),
(61, 216, 'posiada', 10, 807),
(103, 216, 'posiada', 8, 808),
(108, 216, 'posiada', 10, 809),
(114, 216, 'posiada', 8, 810),
(25, 217, 'posiada', 8, 811),
(56, 217, 'posiada', 10, 812),
(64, 217, 'sprzedal', 8, 813),
(88, 217, 'sprzedal', 7, 814),
(128, 217, 'sprzedal', 10, 815),
(1, 218, 'sprzedal', 8, 816),
(8, 218, 'sprzedal', 7, 817),
(12, 218, 'sprzedal', 8, 818),
(39, 218, 'sprzedal', 7, 819),
(11, 219, 'sprzedal', 10, 820),
(16, 219, 'chce kupic', 8, 821),
(94, 219, 'chce kupic', 7, 822),
(97, 219, 'chce kupic', 8, 823),
(117, 219, 'chce kupic', 8, 824),
(10, 220, 'posiada', 7, 825),
(35, 220, 'chce kupic', 10, 826),
(104, 220, 'sprzedal', 8, 827),
(112, 220, 'posiada', 9, 828),
(9, 221, 'chce kupic', 9, 829),
(96, 221, 'sprzedal', 9, 830),
(103, 221, 'posiada', 7, 831),
(63, 222, 'sprzedal', 8, 832),
(19, 223, 'sprzedal', 7, 833),
(39, 223, 'chce kupic', 7, 834),
(56, 223, 'chce kupic', 8, 835),
(121, 223, 'chce kupic', 8, 836),
(43, 225, 'chce kupic', 10, 837),
(64, 225, 'posiada', 7, 838),
(70, 225, 'chce kupic', 8, 839),
(125, 225, 'sprzedal', 10, 840),
(117, 226, 'posiada', 9, 841),
(39, 227, 'chce kupic', 10, 842),
(129, 227, 'sprzedal', 7, 843),
(49, 228, 'posiada', 10, 844),
(91, 228, 'posiada', 9, 845),
(108, 228, 'posiada', 8, 846),
(38, 229, 'posiada', 7, 847),
(129, 229, 'chce kupic', 8, 848),
(15, 231, 'sprzedal', 7, 849),
(18, 231, 'posiada', 7, 850),
(39, 231, 'chce kupic', 7, 851),
(90, 231, 'sprzedal', 7, 852),
(92, 231, 'posiada', 7, 853),
(120, 231, 'posiada', 10, 854),
(19, 232, 'posiada', 9, 855),
(22, 232, 'posiada', 7, 856),
(74, 232, 'posiada', 7, 857),
(110, 232, 'posiada', 10, 858),
(31, 233, 'posiada', 10, 859),
(40, 233, 'posiada', 7, 860),
(83, 233, 'posiada', 7, 861),
(98, 233, 'posiada', 10, 862),
(100, 233, 'posiada', 7, 863),
(111, 233, 'posiada', 9, 864),
(79, 234, 'posiada', 10, 865),
(102, 234, 'sprzedal', 9, 866),
(106, 234, 'sprzedal', 7, 867),
(1, 235, 'sprzedal', 7, 868),
(77, 235, 'sprzedal', 10, 869),
(81, 235, 'sprzedal', 10, 870),
(104, 235, 'sprzedal', 7, 871),
(128, 235, 'sprzedal', 7, 872),
(7, 236, 'sprzedal', 9, 873),
(12, 236, 'chce kupic', 9, 874),
(39, 236, 'chce kupic', 7, 875),
(46, 236, 'chce kupic', 10, 876),
(92, 236, 'chce kupic', 9, 877),
(30, 237, 'posiada', 10, 878),
(99, 237, 'chce kupic', 10, 879),
(130, 237, 'sprzedal', 8, 880),
(70, 238, 'posiada', 8, 881),
(119, 238, 'chce kupic', 8, 882),
(27, 239, 'sprzedal', 7, 883),
(29, 240, 'posiada', 9, 884),
(67, 240, 'sprzedal', 7, 885),
(71, 240, 'sprzedal', 8, 886),
(88, 240, 'chce kupic', 9, 887),
(23, 241, 'chce kupic', 8, 888),
(57, 241, 'chce kupic', 9, 889),
(72, 241, 'chce kupic', 9, 890),
(81, 241, 'posiada', 8, 891),
(115, 241, 'chce kupic', 10, 892),
(18, 242, 'sprzedal', 8, 893),
(19, 242, 'posiada', 8, 894),
(32, 242, 'chce kupic', 7, 895),
(50, 242, 'sprzedal', 7, 896),
(59, 242, 'posiada', 7, 897),
(42, 243, 'posiada', 7, 898),
(50, 243, 'posiada', 8, 899),
(76, 243, 'posiada', 8, 900),
(103, 244, 'chce kupic', 8, 901),
(10, 245, 'sprzedal', 8, 902),
(14, 245, 'posiada', 10, 903),
(87, 245, 'chce kupic', 7, 904),
(95, 245, 'sprzedal', 10, 905),
(103, 245, 'posiada', 8, 906),
(104, 245, 'posiada', 8, 907),
(23, 246, 'posiada', 10, 908),
(63, 246, 'posiada', 7, 909),
(67, 246, 'posiada', 7, 910),
(125, 246, 'posiada', 7, 911),
(22, 247, 'posiada', 10, 912),
(27, 247, 'posiada', 10, 913),
(81, 247, 'posiada', 10, 914),
(87, 247, 'posiada', 9, 915),
(127, 247, 'posiada', 8, 916),
(70, 248, 'posiada', 10, 917),
(14, 249, 'posiada', 9, 918),
(5, 250, 'sprzedal', 8, 919),
(69, 250, 'sprzedal', 8, 920),
(71, 250, 'sprzedal', 7, 921),
(102, 250, 'sprzedal', 10, 922),
(129, 250, 'sprzedal', 8, 923),
(35, 251, 'sprzedal', 7, 924),
(50, 251, 'sprzedal', 9, 925),
(51, 251, 'sprzedal', 8, 926),
(58, 251, 'chce kupic', 7, 927),
(130, 251, 'chce kupic', 8, 928),
(82, 252, 'chce kupic', 9, 929),
(95, 252, 'chce kupic', 10, 930),
(46, 253, 'posiada', 7, 931),
(53, 253, 'chce kupic', 7, 932),
(76, 253, 'sprzedal', 10, 933),
(88, 253, 'posiada', 9, 934),
(107, 253, 'chce kupic', 9, 935),
(13, 254, 'sprzedal', 8, 936),
(63, 254, 'posiada', 9, 937),
(96, 254, 'sprzedal', 9, 938),
(28, 255, 'sprzedal', 9, 939),
(61, 255, 'chce kupic', 9, 940),
(98, 255, 'chce kupic', 8, 941),
(105, 255, 'chce kupic', 9, 942),
(131, 255, 'chce kupic', 9, 943),
(86, 256, 'posiada', 9, 944),
(120, 256, 'chce kupic', 9, 945),
(28, 257, 'sprzedal', 9, 946),
(32, 257, 'posiada', 8, 947),
(110, 257, 'chce kupic', 7, 948),
(116, 257, 'sprzedal', 9, 949),
(126, 257, 'posiada', 7, 950),
(75, 258, 'posiada', 10, 951),
(16, 260, 'posiada', 8, 952),
(47, 260, 'posiada', 7, 953),
(67, 261, 'posiada', 10, 954),
(128, 261, 'posiada', 8, 955),
(5, 262, 'posiada', 10, 956),
(40, 262, 'posiada', 9, 957),
(65, 262, 'posiada', 10, 958),
(69, 262, 'posiada', 7, 959),
(98, 262, 'posiada', 7, 960),
(29, 263, 'sprzedal', 10, 961),
(79, 263, 'sprzedal', 8, 962),
(17, 264, 'sprzedal', 9, 963),
(33, 264, 'sprzedal', 10, 964),
(77, 264, 'sprzedal', 9, 965),
(93, 264, 'sprzedal', 10, 966),
(15, 265, 'sprzedal', 10, 967),
(61, 265, 'sprzedal', 10, 968),
(71, 265, 'chce kupic', 8, 969),
(80, 265, 'chce kupic', 8, 970),
(108, 265, 'chce kupic', 9, 971),
(123, 265, 'chce kupic', 7, 972),
(42, 266, 'posiada', 9, 973),
(8, 267, 'chce kupic', 10, 974),
(13, 267, 'sprzedal', 10, 975),
(33, 267, 'posiada', 9, 976),
(39, 267, 'chce kupic', 9, 977),
(47, 267, 'sprzedal', 7, 978),
(80, 267, 'posiada', 9, 979),
(87, 267, 'sprzedal', 7, 980),
(108, 267, 'sprzedal', 7, 981),
(109, 267, 'chce kupic', 9, 982),
(4, 268, 'chce kupic', 10, 983),
(23, 268, 'chce kupic', 10, 984),
(77, 268, 'chce kupic', 9, 985),
(96, 268, 'posiada', 8, 986),
(113, 268, 'chce kupic', 8, 987),
(29, 269, 'sprzedal', 7, 988),
(87, 269, 'posiada', 8, 989),
(34, 270, 'chce kupic', 10, 990),
(60, 270, 'sprzedal', 8, 991),
(62, 270, 'posiada', 7, 992),
(74, 270, 'posiada', 8, 993),
(98, 270, 'posiada', 10, 994),
(1, 271, 'posiada', 9, 995),
(79, 271, 'posiada', 10, 996),
(84, 271, 'posiada', 10, 997),
(91, 271, 'posiada', 10, 998),
(97, 271, 'posiada', 9, 999),
(114, 271, 'posiada', 7, 1000),
(117, 271, 'posiada', 9, 1001),
(51, 272, 'posiada', 8, 1002),
(82, 272, 'sprzedal', 10, 1003),
(95, 272, 'sprzedal', 7, 1004),
(117, 272, 'sprzedal', 10, 1005),
(1, 273, 'sprzedal', 10, 1006),
(86, 273, 'sprzedal', 9, 1007),
(18, 274, 'sprzedal', 7, 1008),
(27, 274, 'sprzedal', 7, 1009),
(78, 274, 'sprzedal', 10, 1010),
(112, 274, 'chce kupic', 10, 1011),
(126, 274, 'chce kupic', 8, 1012),
(77, 275, 'chce kupic', 10, 1013),
(83, 275, 'chce kupic', 7, 1014),
(58, 276, 'posiada', 8, 1015),
(89, 276, 'chce kupic', 9, 1016),
(124, 276, 'sprzedal', 9, 1017),
(13, 277, 'posiada', 8, 1018),
(99, 277, 'chce kupic', 9, 1019),
(6, 278, 'sprzedal', 7, 1020),
(15, 278, 'posiada', 8, 1021),
(16, 278, 'sprzedal', 9, 1022),
(28, 278, 'sprzedal', 9, 1023),
(58, 278, 'chce kupic', 8, 1024),
(81, 278, 'chce kupic', 9, 1025),
(87, 278, 'chce kupic', 8, 1026),
(115, 278, 'chce kupic', 8, 1027),
(58, 279, 'posiada', 9, 1028),
(59, 279, 'chce kupic', 10, 1029),
(97, 279, 'sprzedal', 9, 1030),
(125, 279, 'posiada', 10, 1031),
(128, 279, 'chce kupic', 10, 1032),
(26, 280, 'sprzedal', 10, 1033),
(59, 280, 'posiada', 10, 1034),
(61, 280, 'posiada', 10, 1035),
(86, 280, 'posiada', 9, 1036),
(92, 280, 'posiada', 9, 1037),
(3, 281, 'posiada', 7, 1038),
(24, 281, 'posiada', 8, 1039),
(29, 282, 'posiada', 7, 1040),
(47, 282, 'posiada', 8, 1041),
(35, 283, 'posiada', 7, 1042),
(51, 283, 'posiada', 8, 1043),
(72, 283, 'posiada', 9, 1044),
(87, 283, 'sprzedal', 7, 1045),
(103, 283, 'sprzedal', 10, 1046),
(120, 283, 'sprzedal', 9, 1047),
(20, 284, 'sprzedal', 8, 1048),
(36, 284, 'sprzedal', 7, 1049),
(90, 284, 'sprzedal', 9, 1050),
(10, 285, 'sprzedal', 9, 1051),
(39, 285, 'sprzedal', 10, 1052),
(58, 285, 'chce kupic', 7, 1053),
(66, 286, 'chce kupic', 9, 1054),
(100, 286, 'chce kupic', 7, 1055),
(126, 286, 'chce kupic', 8, 1056),
(10, 287, 'posiada', 10, 1057),
(23, 287, 'chce kupic', 8, 1058),
(52, 287, 'sprzedal', 8, 1059),
(24, 288, 'posiada', 7, 1060),
(60, 288, 'chce kupic', 7, 1061),
(61, 288, 'sprzedal', 7, 1062),
(74, 288, 'posiada', 8, 1063),
(81, 288, 'sprzedal', 9, 1064),
(122, 288, 'sprzedal', 9, 1065),
(2, 289, 'chce kupic', 9, 1066),
(38, 289, 'chce kupic', 9, 1067),
(39, 289, 'chce kupic', 10, 1068),
(80, 289, 'chce kupic', 8, 1069),
(28, 290, 'posiada', 8, 1070),
(38, 290, 'chce kupic', 7, 1071),
(42, 290, 'sprzedal', 7, 1072),
(94, 290, 'posiada', 10, 1073),
(97, 290, 'chce kupic', 7, 1074),
(107, 290, 'sprzedal', 10, 1075),
(3, 291, 'posiada', 9, 1076),
(6, 291, 'posiada', 8, 1077),
(42, 291, 'posiada', 8, 1078),
(53, 291, 'posiada', 8, 1079),
(118, 292, 'posiada', 7, 1080),
(128, 292, 'posiada', 8, 1081),
(3, 293, 'posiada', 9, 1082),
(24, 293, 'posiada', 9, 1083),
(36, 293, 'posiada', 7, 1084),
(70, 293, 'posiada', 9, 1085),
(106, 293, 'posiada', 10, 1086),
(112, 293, 'sprzedal', 8, 1087),
(12, 294, 'sprzedal', 9, 1088),
(39, 294, 'sprzedal', 7, 1089),
(58, 294, 'sprzedal', 8, 1090),
(63, 294, 'sprzedal', 7, 1091),
(82, 294, 'sprzedal', 9, 1092),
(93, 294, 'sprzedal', 8, 1093),
(102, 294, 'sprzedal', 8, 1094),
(118, 294, 'chce kupic', 7, 1095),
(14, 296, 'chce kupic', 8, 1096),
(50, 296, 'chce kupic', 8, 1097),
(92, 296, 'chce kupic', 7, 1098),
(111, 296, 'posiada', 10, 1099),
(11, 297, 'chce kupic', 7, 1100),
(18, 297, 'sprzedal', 8, 1101),
(84, 297, 'posiada', 8, 1102),
(44, 298, 'chce kupic', 7, 1103),
(65, 298, 'sprzedal', 9, 1104),
(103, 298, 'posiada', 7, 1105),
(126, 298, 'sprzedal', 10, 1106),
(30, 299, 'sprzedal', 9, 1107),
(32, 299, 'chce kupic', 10, 1108),
(43, 299, 'chce kupic', 8, 1109),
(50, 299, 'chce kupic', 8, 1110),
(74, 299, 'chce kupic', 8, 1111),
(79, 299, 'posiada', 8, 1112),
(100, 299, 'chce kupic', 8, 1113),
(40, 300, 'sprzedal', 10, 1114),
(52, 300, 'posiada', 8, 1115),
(88, 300, 'chce kupic', 7, 1116),
(25, 301, 'sprzedal', 7, 1117),
(34, 301, 'posiada', 10, 1118),
(35, 301, 'posiada', 10, 1119),
(51, 301, 'posiada', 10, 1120),
(67, 301, 'posiada', 10, 1121),
(81, 301, 'posiada', 10, 1122),
(108, 301, 'posiada', 8, 1123),
(98, 302, 'posiada', 10, 1124),
(21, 303, 'posiada', 8, 1125),
(121, 303, 'posiada', 10, 1126),
(19, 304, 'posiada', 10, 1127),
(28, 304, 'posiada', 9, 1128),
(114, 304, 'sprzedal', 9, 1129),
(5, 305, 'sprzedal', 10, 1130),
(27, 305, 'sprzedal', 7, 1131),
(32, 305, 'sprzedal', 8, 1132),
(35, 305, 'sprzedal', 9, 1133),
(85, 305, 'sprzedal', 8, 1134),
(1, 306, 'sprzedal', 7, 1135),
(112, 306, 'sprzedal', 9, 1136),
(3, 307, 'chce kupic', 9, 1137),
(129, 307, 'chce kupic', 9, 1138),
(130, 307, 'chce kupic', 7, 1139),
(8, 308, 'chce kupic', 10, 1140),
(21, 308, 'posiada', 8, 1141),
(55, 308, 'chce kupic', 7, 1142),
(68, 309, 'sprzedal', 9, 1143),
(14, 311, 'posiada', 9, 1144),
(74, 311, 'chce kupic', 7, 1145),
(17, 312, 'sprzedal', 9, 1146),
(53, 312, 'posiada', 7, 1147),
(69, 312, 'sprzedal', 9, 1148),
(71, 312, 'sprzedal', 8, 1149),
(10, 313, 'chce kupic', 9, 1150),
(29, 313, 'chce kupic', 9, 1151),
(66, 313, 'chce kupic', 7, 1152),
(127, 313, 'chce kupic', 9, 1153),
(15, 314, 'posiada', 9, 1154),
(56, 314, 'chce kupic', 9, 1155),
(76, 314, 'sprzedal', 7, 1156),
(101, 314, 'posiada', 7, 1157),
(3, 315, 'chce kupic', 10, 1158),
(16, 315, 'sprzedal', 8, 1159),
(21, 315, 'posiada', 10, 1160),
(85, 315, 'posiada', 10, 1161),
(86, 315, 'posiada', 9, 1162),
(111, 315, 'posiada', 7, 1163),
(3, 316, 'posiada', 8, 1164),
(26, 316, 'posiada', 9, 1165),
(18, 317, 'posiada', 9, 1166),
(19, 317, 'posiada', 8, 1167),
(20, 317, 'posiada', 9, 1168),
(24, 317, 'posiada', 8, 1169),
(42, 317, 'posiada', 7, 1170),
(45, 317, 'sprzedal', 10, 1171),
(69, 317, 'sprzedal', 7, 1172),
(70, 317, 'sprzedal', 10, 1173),
(120, 317, 'sprzedal', 9, 1174),
(4, 318, 'sprzedal', 9, 1175),
(18, 318, 'sprzedal', 7, 1176),
(24, 318, 'sprzedal', 8, 1177),
(74, 318, 'sprzedal', 8, 1178),
(119, 318, 'chce kupic', 10, 1179),
(6, 319, 'chce kupic', 7, 1180),
(23, 319, 'chce kupic', 9, 1181),
(25, 319, 'chce kupic', 8, 1182),
(82, 319, 'posiada', 9, 1183),
(104, 319, 'chce kupic', 7, 1184),
(125, 320, 'sprzedal', 10, 1185),
(57, 321, 'posiada', 10, 1186),
(88, 321, 'chce kupic', 8, 1187),
(115, 321, 'sprzedal', 9, 1188),
(21, 322, 'posiada', 8, 1189),
(48, 322, 'sprzedal', 8, 1190),
(51, 322, 'sprzedal', 7, 1191),
(80, 322, 'chce kupic', 7, 1192),
(100, 322, 'chce kupic', 10, 1193),
(105, 322, 'chce kupic', 9, 1194),
(24, 323, 'chce kupic', 7, 1195),
(30, 323, 'posiada', 7, 1196),
(39, 323, 'chce kupic', 7, 1197),
(45, 323, 'sprzedal', 7, 1198),
(101, 323, 'posiada', 10, 1199),
(120, 323, 'chce kupic', 7, 1200),
(19, 324, 'sprzedal', 10, 1201),
(101, 324, 'posiada', 9, 1202),
(111, 324, 'posiada', 9, 1203),
(11, 325, 'posiada', 7, 1204),
(32, 325, 'posiada', 9, 1205),
(44, 325, 'posiada', 7, 1206),
(103, 325, 'posiada', 8, 1207),
(122, 325, 'posiada', 8, 1208),
(18, 326, 'posiada', 9, 1209),
(82, 326, 'posiada', 8, 1210),
(37, 327, 'posiada', 8, 1211),
(69, 327, 'posiada', 8, 1212),
(65, 328, 'sprzedal', 9, 1213),
(75, 328, 'sprzedal', 8, 1214),
(11, 329, 'sprzedal', 7, 1215),
(29, 329, 'sprzedal', 7, 1216),
(57, 329, 'sprzedal', 10, 1217),
(110, 329, 'sprzedal', 9, 1218),
(114, 329, 'sprzedal', 10, 1219),
(117, 329, 'sprzedal', 8, 1220),
(19, 330, 'chce kupic', 8, 1221),
(106, 330, 'chce kupic', 8, 1222),
(121, 330, 'chce kupic', 7, 1223),
(11, 331, 'chce kupic', 9, 1224),
(29, 331, 'posiada', 9, 1225),
(76, 331, 'chce kupic', 8, 1226),
(87, 331, 'sprzedal', 10, 1227),
(96, 331, 'posiada', 10, 1228),
(30, 332, 'chce kupic', 10, 1229),
(43, 332, 'sprzedal', 8, 1230),
(51, 332, 'posiada', 9, 1231),
(78, 332, 'sprzedal', 10, 1232),
(63, 333, 'sprzedal', 10, 1233),
(78, 333, 'chce kupic', 9, 1234),
(95, 333, 'chce kupic', 10, 1235),
(18, 334, 'chce kupic', 8, 1236),
(36, 334, 'chce kupic', 8, 1237),
(68, 334, 'posiada', 8, 1238),
(73, 334, 'chce kupic', 10, 1239),
(104, 334, 'sprzedal', 8, 1240),
(23, 335, 'posiada', 8, 1241),
(72, 335, 'chce kupic', 8, 1242),
(121, 335, 'sprzedal', 9, 1243),
(4, 336, 'posiada', 10, 1244),
(31, 336, 'posiada', 9, 1245),
(40, 336, 'posiada', 10, 1246),
(48, 336, 'posiada', 10, 1247),
(60, 336, 'posiada', 10, 1248),
(99, 336, 'posiada', 9, 1249),
(107, 336, 'posiada', 9, 1250),
(1, 337, 'posiada', 8, 1251),
(2, 337, 'posiada', 9, 1252),
(102, 337, 'posiada', 7, 1253),
(112, 337, 'posiada', 10, 1254),
(121, 337, 'sprzedal', 9, 1255),
(68, 338, 'sprzedal', 7, 1256),
(79, 338, 'sprzedal', 8, 1257),
(8, 339, 'sprzedal', 10, 1258),
(10, 339, 'sprzedal', 7, 1259),
(13, 339, 'sprzedal', 8, 1260),
(26, 339, 'sprzedal', 10, 1261),
(40, 339, 'sprzedal', 9, 1262),
(55, 339, 'chce kupic', 9, 1263),
(60, 339, 'chce kupic', 8, 1264),
(67, 339, 'chce kupic', 9, 1265),
(79, 339, 'chce kupic', 10, 1266),
(99, 339, 'posiada', 7, 1267),
(107, 339, 'chce kupic', 9, 1268),
(124, 339, 'sprzedal', 4, 1269),
(15, 340, 'posiada', 4, 1270),
(82, 340, 'chce kupic', 8, 1271),
(122, 340, 'sprzedal', 8, 1272),
(17, 341, 'posiada', 8, 1273),
(25, 341, 'sprzedal', 2, 1274),
(40, 341, 'sprzedal', 9, 1275),
(68, 341, 'chce kupic', 3, 1276),
(81, 341, 'chce kupic', 10, 1277),
(7, 342, 'chce kupic', 3, 1278),
(30, 342, 'chce kupic', 2, 1279),
(68, 342, 'posiada', 10, 1280),
(86, 342, 'chce kupic', 9, 1281),
(129, 343, 'sprzedal', 2, 1282),
(6, 344, 'posiada', 5, 1283),
(56, 344, 'chce kupic', 4, 1284),
(84, 344, 'sprzedal', 1, 1285),
(101, 344, 'posiada', 7, 1286),
(32, 345, 'posiada', 2, 1287),
(130, 345, 'posiada', 8, 1288),
(4, 346, 'posiada', 10, 1289),
(9, 346, 'posiada', 9, 1290),
(19, 346, 'posiada', 10, 1291),
(23, 346, 'posiada', 8, 1292),
(33, 346, 'posiada', 8, 1293),
(96, 346, 'posiada', 8, 1294),
(115, 346, 'posiada', 8, 1295),
(44, 347, 'posiada', 8, 1296),
(108, 347, 'sprzedal', 8, 1297),
(119, 347, 'sprzedal', 9, 1298),
(121, 347, 'sprzedal', 9, 1299),
(15, 348, 'sprzedal', 8, 1300),
(35, 348, 'sprzedal', 10, 1301),
(43, 348, 'sprzedal', 8, 1302),
(107, 348, 'sprzedal', 8, 1303),
(117, 348, 'sprzedal', 10, 1304),
(126, 348, 'chce kupic', 10, 1305),
(36, 349, 'chce kupic', 8, 1306),
(38, 349, 'chce kupic', 9, 1307),
(7, 350, 'chce kupic', 10, 1308),
(31, 350, 'posiada', 8, 1309),
(8, 351, 'chce kupic', 10, 1310),
(24, 351, 'sprzedal', 8, 1311),
(25, 351, 'posiada', 10, 1312),
(79, 351, 'chce kupic', 8, 1313),
(117, 351, 'sprzedal', 10, 1314),
(131, 351, 'posiada', 10, 1315),
(62, 352, 'sprzedal', 8, 1316),
(71, 352, 'sprzedal', 9, 1317),
(76, 352, 'chce kupic', 8, 1318),
(80, 352, 'chce kupic', 10, 1319),
(125, 352, 'chce kupic', 8, 1320),
(55, 353, 'chce kupic', 8, 1321),
(59, 353, 'posiada', 8, 1322),
(109, 353, 'chce kupic', 8, 1323),
(131, 353, 'sprzedal', 9, 1324),
(60, 354, 'posiada', 8, 1325),
(94, 354, 'chce kupic', 8, 1326),
(16, 355, 'sprzedal', 10, 1327),
(42, 355, 'posiada', 9, 1328),
(54, 355, 'posiada', 8, 1329),
(89, 355, 'posiada', 9, 1330),
(32, 356, 'posiada', 9, 1331),
(89, 356, 'posiada', 10, 1332),
(97, 356, 'posiada', 10, 1333),
(108, 356, 'posiada', 8, 1334),
(5, 357, 'posiada', 9, 1335),
(11, 357, 'posiada', 8, 1336),
(7, 358, 'posiada', 8, 1337),
(26, 358, 'posiada', 10, 1338),
(97, 358, 'sprzedal', 10, 1339),
(122, 358, 'sprzedal', 10, 1340),
(69, 359, 'sprzedal', 10, 1341),
(85, 359, 'sprzedal', 8, 1342),
(122, 359, 'sprzedal', 9, 1343),
(18, 360, 'sprzedal', 8, 1344),
(24, 360, 'sprzedal', 10, 1345),
(91, 360, 'sprzedal', 9, 1346),
(93, 360, 'chce kupic', 10, 1347),
(104, 360, 'chce kupic', 10, 1348),
(19, 361, 'chce kupic', 9, 1349),
(71, 361, 'chce kupic', 10, 1350),
(127, 361, 'posiada', 10, 1351),
(66, 362, 'chce kupic', 10, 1352),
(71, 362, 'sprzedal', 10, 1353),
(76, 362, 'posiada', 10, 1354),
(126, 362, 'chce kupic', 9, 1355),
(76, 363, 'sprzedal', 8, 1356),
(84, 363, 'posiada', 10, 1357),
(124, 363, 'sprzedal', 8, 1358),
(2, 364, 'sprzedal', 9, 1359),
(5, 364, 'chce kupic', 10, 1360),
(61, 364, 'chce kupic', 10, 1361),
(101, 364, 'chce kupic', 8, 1362),
(114, 364, 'chce kupic', 10, 1363),
(5, 365, 'posiada', 8, 1364),
(74, 365, 'chce kupic', 8, 1365),
(98, 365, 'sprzedal', 8, 1366),
(112, 365, 'posiada', 8, 1367),
(40, 367, 'chce kupic', 8, 1368),
(57, 367, 'sprzedal', 8, 1369),
(64, 367, 'posiada', 10, 1370),
(71, 367, 'posiada', 10, 1371),
(83, 367, 'posiada', 9, 1372),
(122, 367, 'posiada', 9, 1373),
(28, 368, 'posiada', 8, 1374),
(104, 368, 'posiada', 8, 1375),
(115, 368, 'posiada', 9, 1376),
(9, 369, 'posiada', 8, 1377),
(42, 369, 'posiada', 10, 1378),
(97, 369, 'posiada', 8, 1379),
(100, 369, 'posiada', 8, 1380),
(115, 369, 'sprzedal', 9, 1381),
(18, 370, 'sprzedal', 10, 1382),
(32, 370, 'sprzedal', 8, 1383),
(33, 370, 'sprzedal', 10, 1384),
(43, 370, 'sprzedal', 8, 1385),
(81, 370, 'sprzedal', 8, 1386),
(15, 371, 'sprzedal', 8, 1387),
(23, 371, 'sprzedal', 9, 1388),
(25, 371, 'chce kupic', 8, 1389),
(54, 371, 'chce kupic', 10, 1390),
(84, 371, 'chce kupic', 8, 1391),
(97, 371, 'chce kupic', 9, 1392),
(111, 371, 'posiada', 10, 1393),
(24, 372, 'chce kupic', 9, 1394),
(36, 372, 'sprzedal', 8, 1395),
(89, 372, 'posiada', 8, 1396),
(122, 372, 'chce kupic', 8, 1397),
(58, 373, 'sprzedal', 8, 1398),
(113, 373, 'posiada', 8, 1399),
(117, 373, 'sprzedal', 10, 1400),
(51, 374, 'sprzedal', 8, 1401),
(85, 374, 'chce kupic', 10, 1402),
(97, 374, 'chce kupic', 9, 1403),
(65, 375, 'chce kupic', 9, 1404),
(105, 375, 'chce kupic', 10, 1405),
(10, 376, 'posiada', 10, 1406),
(63, 376, 'chce kupic', 8, 1407),
(93, 376, 'sprzedal', 8, 1408),
(98, 376, 'posiada', 10, 1409),
(102, 376, 'chce kupic', 9, 1410),
(48, 377, 'sprzedal', 8, 1411),
(58, 377, 'posiada', 10, 1412),
(92, 377, 'posiada', 8, 1413),
(8, 378, 'posiada', 8, 1414),
(18, 378, 'posiada', 8, 1415),
(34, 379, 'posiada', 10, 1416),
(51, 379, 'posiada', 8, 1417),
(58, 379, 'posiada', 8, 1418),
(86, 379, 'posiada', 8, 1419),
(90, 379, 'posiada', 8, 1420),
(115, 379, 'posiada', 9, 1421),
(121, 379, 'posiada', 8, 1422),
(124, 379, 'sprzedal', 10, 1423),
(21, 380, 'sprzedal', 10, 1424),
(62, 380, 'sprzedal', 10, 1425),
(97, 380, 'sprzedal', 8, 1426),
(131, 380, 'sprzedal', 10, 1427),
(26, 381, 'sprzedal', 8, 1428),
(92, 381, 'sprzedal', 8, 1429),
(128, 381, 'sprzedal', 8, 1430),
(20, 382, 'chce kupic', 10, 1431),
(60, 382, 'chce kupic', 8, 1432),
(126, 382, 'chce kupic', 10, 1433),
(51, 383, 'chce kupic', 10, 1434),
(82, 383, 'posiada', 9, 1435),
(110, 383, 'chce kupic', 9, 1436),
(121, 383, 'sprzedal', 10, 1437),
(38, 384, 'posiada', 10, 1438),
(68, 384, 'chce kupic', 8, 1439),
(129, 384, 'sprzedal', 8, 1440),
(16, 385, 'posiada', 9, 1441),
(34, 385, 'sprzedal', 10, 1442),
(43, 385, 'sprzedal', 10, 1443),
(53, 385, 'chce kupic', 8, 1444),
(55, 385, 'chce kupic', 8, 1445),
(62, 385, 'chce kupic', 9, 1446),
(69, 385, 'chce kupic', 8, 1447),
(82, 385, 'posiada', 8, 1448),
(115, 385, 'chce kupic', 8, 1449),
(122, 385, 'sprzedal', 10, 1450),
(4, 386, 'posiada', 10, 1451),
(15, 386, 'chce kupic', 9, 1452),
(21, 386, 'sprzedal', 10, 1453),
(23, 386, 'posiada', 8, 1454),
(47, 386, 'posiada', 8, 1455),
(73, 386, 'posiada', 9, 1456),
(12, 387, 'posiada', 10, 1457),
(36, 387, 'posiada', 10, 1458),
(89, 387, 'posiada', 10, 1459),
(63, 388, 'posiada', 9, 1460),
(69, 388, 'posiada', 9, 1461),
(100, 388, 'posiada', 10, 1462),
(103, 388, 'posiada', 10, 1463),
(20, 389, 'posiada', 9, 1464),
(60, 389, 'sprzedal', 10, 1465),
(65, 389, 'sprzedal', 9, 1466),
(91, 389, 'sprzedal', 8, 1467),
(122, 389, 'sprzedal', 9, 1468),
(6, 390, 'sprzedal', 8, 1469),
(7, 390, 'sprzedal', 10, 1470),
(8, 390, 'sprzedal', 8, 1471),
(58, 390, 'sprzedal', 10, 1472),
(32, 391, 'chce kupic', 9, 1473),
(44, 391, 'chce kupic', 10, 1474),
(58, 391, 'chce kupic', 8, 1475),
(63, 391, 'chce kupic', 9, 1476),
(121, 391, 'posiada', 9, 1477),
(123, 391, 'chce kupic', 9, 1478),
(27, 392, 'sprzedal', 9, 1479),
(45, 392, 'posiada', 9, 1480),
(77, 392, 'chce kupic', 10, 1481),
(99, 392, 'sprzedal', 10, 1482),
(125, 392, 'posiada', 9, 1483),
(30, 393, 'sprzedal', 9, 1484),
(38, 393, 'sprzedal', 10, 1485),
(90, 393, 'chce kupic', 8, 1486),
(99, 393, 'chce kupic', 8, 1487),
(110, 393, 'chce kupic', 9, 1488),
(1, 394, 'chce kupic', 8, 1489),
(2, 394, 'posiada', 9, 1490),
(24, 394, 'chce kupic', 10, 1491),
(35, 394, 'sprzedal', 9, 1492),
(83, 394, 'posiada', 10, 1493),
(103, 394, 'chce kupic', 8, 1494),
(119, 394, 'sprzedal', 9, 1495),
(14, 395, 'posiada', 9, 1496),
(26, 395, 'posiada', 9, 1497),
(34, 395, 'posiada', 10, 1498),
(57, 395, 'posiada', 9, 1499),
(62, 395, 'posiada', 8, 1500),
(102, 395, 'posiada', 9, 1501),
(38, 396, 'posiada', 8, 1502),
(66, 396, 'posiada', 8, 1503),
(122, 396, 'posiada', 8, 1504),
(9, 397, 'posiada', 10, 1505),
(38, 397, 'posiada', 9, 1506),
(107, 397, 'sprzedal', 9, 1507),
(13, 398, 'sprzedal', 8, 1508),
(27, 398, 'sprzedal', 9, 1509),
(29, 398, 'sprzedal', 9, 1510),
(33, 398, 'sprzedal', 9, 1511),
(62, 398, 'sprzedal', 9, 1512),
(83, 398, 'sprzedal', 8, 1513),
(94, 398, 'sprzedal', 9, 1514),
(8, 399, 'chce kupic', 8, 1515),
(69, 399, 'chce kupic', 8, 1516),
(117, 399, 'chce kupic', 10, 1517),
(3, 400, 'chce kupic', 8, 1518),
(13, 400, 'posiada', 9, 1519),
(76, 400, 'chce kupic', 8, 1520),
(109, 400, 'sprzedal', 8, 1521),
(131, 400, 'posiada', 9, 1522),
(27, 401, 'chce kupic', 9, 1523),
(52, 401, 'sprzedal', 8, 1524),
(108, 401, 'posiada', 9, 1525),
(69, 402, 'sprzedal', 9, 1526),
(83, 402, 'sprzedal', 9, 1527),
(100, 402, 'chce kupic', 10, 1528),
(120, 402, 'chce kupic', 8, 1529),
(14, 403, 'chce kupic', 9, 1530),
(114, 403, 'chce kupic', 10, 1531),
(116, 403, 'posiada', 9, 1532),
(43, 404, 'chce kupic', 10, 1533),
(60, 404, 'sprzedal', 10, 1534),
(123, 404, 'posiada', 9, 1535),
(7, 405, 'chce kupic', 10, 1536),
(81, 405, 'sprzedal', 10, 1537),
(57, 406, 'posiada', 10, 1538),
(12, 407, 'posiada', 10, 1539),
(47, 407, 'posiada', 9, 1540),
(71, 407, 'posiada', 9, 1541),
(99, 407, 'posiada', 8, 1542),
(106, 407, 'posiada', 9, 1543),
(73, 408, 'posiada', 8, 1544),
(29, 409, 'posiada', 9, 1545),
(30, 409, 'posiada', 9, 1546),
(45, 409, 'posiada', 9, 1547),
(58, 409, 'posiada', 10, 1548),
(110, 409, 'sprzedal', 9, 1549),
(122, 409, 'sprzedal', 9, 1550),
(53, 410, 'sprzedal', 9, 1551),
(63, 410, 'sprzedal', 8, 1552),
(68, 410, 'sprzedal', 10, 1553),
(82, 410, 'sprzedal', 9, 1554),
(55, 411, 'sprzedal', 8, 1555),
(35, 412, 'sprzedal', 9, 1556),
(55, 412, 'chce kupic', 10, 1557),
(76, 412, 'chce kupic', 10, 1558),
(56, 413, 'chce kupic', 9, 1559),
(107, 413, 'chce kupic', 10, 1560),
(112, 413, 'posiada', 9, 1561),
(120, 413, 'chce kupic', 9, 1562),
(26, 414, 'sprzedal', 10, 1563),
(47, 414, 'posiada', 10, 1564),
(55, 414, 'chce kupic', 8, 1565),
(40, 415, 'sprzedal', 8, 1566),
(43, 415, 'posiada', 8, 1567),
(61, 415, 'sprzedal', 10, 1568),
(40, 416, 'sprzedal', 9, 1569),
(70, 416, 'chce kupic', 10, 1570),
(87, 416, 'chce kupic', 10, 1571),
(88, 416, 'chce kupic', 8, 1572),
(116, 416, 'chce kupic', 10, 1573),
(44, 417, 'posiada', 8, 1574),
(62, 417, 'chce kupic', 8, 1575),
(75, 417, 'sprzedal', 9, 1576),
(117, 417, 'posiada', 10, 1577),
(32, 418, 'chce kupic', 10, 1578),
(55, 418, 'sprzedal', 8, 1579),
(78, 419, 'posiada', 8, 1580),
(119, 419, 'posiada', 10, 1581),
(131, 419, 'posiada', 8, 1582),
(21, 420, 'posiada', 9, 1583),
(66, 420, 'posiada', 8, 1584),
(71, 420, 'posiada', 8, 1585),
(88, 420, 'posiada', 9, 1586),
(123, 420, 'posiada', 10, 1587),
(2, 421, 'posiada', 10, 1588),
(40, 421, 'posiada', 10, 1589),
(84, 421, 'posiada', 8, 1590),
(87, 421, 'sprzedal', 10, 1591),
(106, 421, 'sprzedal', 9, 1592),
(120, 421, 'sprzedal', 10, 1593),
(8, 422, 'sprzedal', 10, 1594),
(58, 422, 'sprzedal', 9, 1595),
(74, 422, 'sprzedal', 9, 1596),
(114, 422, 'sprzedal', 8, 1597),
(16, 423, 'sprzedal', 8, 1598),
(20, 423, 'chce kupic', 9, 1599),
(26, 423, 'chce kupic', 8, 1600),
(47, 423, 'chce kupic', 10, 1601),
(59, 423, 'chce kupic', 8, 1602),
(85, 423, 'posiada', 8, 1603),
(114, 423, 'chce kupic', 10, 1604),
(11, 424, 'sprzedal', 9, 1605),
(114, 425, 'posiada', 9, 1606),
(129, 425, 'chce kupic', 8, 1607),
(18, 426, 'sprzedal', 8, 1608),
(24, 426, 'posiada', 9, 1609),
(85, 426, 'sprzedal', 8, 1610),
(115, 426, 'sprzedal', 8, 1611),
(128, 426, 'chce kupic', 9, 1612),
(103, 427, 'chce kupic', 9, 1613),
(106, 427, 'chce kupic', 8, 1614),
(26, 428, 'chce kupic', 9, 1615),
(51, 428, 'posiada', 10, 1616),
(91, 428, 'chce kupic', 8, 1617),
(124, 428, 'sprzedal', 9, 1618),
(128, 428, 'posiada', 10, 1619),
(12, 429, 'chce kupic', 9, 1620),
(75, 429, 'sprzedal', 8, 1621),
(82, 429, 'posiada', 8, 1622),
(14, 430, 'posiada', 9, 1623),
(19, 430, 'posiada', 9, 1624),
(76, 430, 'posiada', 9, 1625),
(106, 430, 'posiada', 10, 1626),
(16, 431, 'posiada', 8, 1627),
(42, 431, 'posiada', 9, 1628),
(60, 431, 'posiada', 9, 1629),
(63, 431, 'posiada', 10, 1630),
(101, 431, 'posiada', 8, 1631),
(123, 431, 'posiada', 8, 1632),
(126, 431, 'sprzedal', 8, 1633),
(8, 432, 'sprzedal', 9, 1634),
(72, 432, 'sprzedal', 8, 1635),
(127, 432, 'sprzedal', 9, 1636),
(37, 433, 'sprzedal', 8, 1637),
(57, 433, 'sprzedal', 9, 1638),
(93, 433, 'sprzedal', 8, 1639),
(48, 434, 'sprzedal', 9, 1640),
(92, 434, 'chce kupic', 8, 1641),
(2, 435, 'chce kupic', 8, 1642),
(15, 435, 'chce kupic', 8, 1643),
(121, 436, 'chce kupic', 10, 1644),
(124, 436, 'posiada', 10, 1645),
(15, 437, 'chce kupic', 10, 1646),
(99, 437, 'sprzedal', 10, 1647),
(125, 437, 'posiada', 10, 1648),
(25, 438, 'chce kupic', 8, 1649),
(30, 438, 'sprzedal', 8, 1650),
(34, 438, 'posiada', 9, 1651),
(82, 438, 'sprzedal', 10, 1652),
(5, 439, 'sprzedal', 9, 1653),
(37, 439, 'chce kupic', 9, 1654),
(70, 439, 'chce kupic', 8, 1655),
(22, 440, 'chce kupic', 10, 1656),
(25, 440, 'chce kupic', 8, 1657),
(68, 440, 'posiada', 10, 1658),
(82, 440, 'chce kupic', 8, 1659),
(17, 441, 'sprzedal', 10, 1660),
(23, 441, 'posiada', 8, 1661),
(55, 441, 'chce kupic', 8, 1662),
(101, 441, 'sprzedal', 10, 1663),
(114, 441, 'posiada', 8, 1664),
(32, 442, 'posiada', 8, 1665),
(34, 442, 'posiada', 8, 1666),
(91, 442, 'posiada', 8, 1667),
(128, 442, 'posiada', 9, 1668),
(30, 443, 'posiada', 9, 1669),
(37, 443, 'posiada', 8, 1670),
(83, 443, 'posiada', 10, 1671),
(103, 443, 'posiada', 8, 1672),
(64, 444, 'posiada', 9, 1673),
(65, 444, 'posiada', 10, 1674),
(7, 445, 'sprzedal', 8, 1675),
(43, 445, 'sprzedal', 9, 1676),
(80, 445, 'sprzedal', 10, 1677),
(104, 445, 'sprzedal', 10, 1678),
(52, 446, 'sprzedal', 9, 1679),
(106, 446, 'sprzedal', 9, 1680),
(109, 446, 'sprzedal', 9, 1681),
(128, 446, 'sprzedal', 9, 1682),
(72, 447, 'chce kupic', 10, 1683),
(80, 447, 'chce kupic', 9, 1684);
INSERT INTO `oceny` (`id_gry`, `id_gracza`, `stan`, `ocena`, `id_oceny`) VALUES
(34, 448, 'chce kupic', 10, 1685),
(82, 448, 'chce kupic', 9, 1686),
(127, 448, 'posiada', 9, 1687),
(12, 449, 'chce kupic', 8, 1688),
(54, 449, 'sprzedal', 10, 1689),
(111, 449, 'posiada', 8, 1690),
(18, 450, 'chce kupic', 10, 1691),
(21, 450, 'sprzedal', 9, 1692),
(61, 450, 'posiada', 8, 1693),
(6, 451, 'sprzedal', 8, 1694),
(43, 451, 'sprzedal', 9, 1695),
(58, 451, 'chce kupic', 10, 1696),
(4, 452, 'chce kupic', 10, 1697),
(5, 452, 'chce kupic', 10, 1698),
(28, 452, 'chce kupic', 10, 1699),
(34, 452, 'posiada', 9, 1700),
(87, 452, 'chce kupic', 9, 1701),
(101, 452, 'sprzedal', 9, 1702),
(102, 452, 'posiada', 10, 1703),
(4, 453, 'chce kupic', 8, 1704),
(17, 453, 'sprzedal', 8, 1705),
(59, 453, 'posiada', 9, 1706),
(118, 453, 'posiada', 8, 1707),
(131, 453, 'posiada', 10, 1708),
(33, 454, 'posiada', 9, 1709),
(34, 454, 'posiada', 8, 1710),
(70, 454, 'posiada', 8, 1711),
(97, 454, 'posiada', 10, 1712),
(105, 454, 'posiada', 9, 1713),
(15, 455, 'posiada', 10, 1714),
(30, 455, 'posiada', 10, 1715),
(36, 455, 'posiada', 9, 1716),
(48, 455, 'sprzedal', 8, 1717),
(73, 455, 'sprzedal', 9, 1718),
(103, 455, 'sprzedal', 8, 1719),
(121, 455, 'sprzedal', 9, 1720),
(130, 455, 'sprzedal', 9, 1721),
(8, 456, 'sprzedal', 8, 1722),
(53, 456, 'sprzedal', 9, 1723),
(61, 456, 'sprzedal', 8, 1724),
(113, 456, 'chce kupic', 8, 1725),
(116, 456, 'chce kupic', 9, 1726),
(125, 456, 'chce kupic', 9, 1727),
(126, 456, 'chce kupic', 9, 1728),
(47, 457, 'posiada', 9, 1729),
(94, 457, 'chce kupic', 9, 1730),
(87, 458, 'sprzedal', 8, 1731),
(92, 458, 'posiada', 8, 1732),
(110, 458, 'chce kupic', 8, 1733),
(122, 458, 'sprzedal', 9, 1734),
(124, 458, 'posiada', 10, 1735),
(2, 459, 'sprzedal', 8, 1736),
(26, 459, 'sprzedal', 9, 1737),
(28, 459, 'chce kupic', 9, 1738),
(8, 460, 'chce kupic', 10, 1739),
(12, 460, 'chce kupic', 9, 1740),
(76, 460, 'chce kupic', 10, 1741),
(45, 461, 'posiada', 8, 1742),
(114, 461, 'chce kupic', 9, 1743),
(5, 462, 'sprzedal', 9, 1744),
(31, 463, 'posiada', 10, 1745),
(50, 463, 'chce kupic', 10, 1746),
(93, 464, 'sprzedal', 10, 1747),
(10, 466, 'posiada', 10, 1748),
(44, 466, 'posiada', 10, 1749),
(99, 466, 'posiada', 10, 1750),
(103, 466, 'posiada', 10, 1751),
(111, 466, 'posiada', 10, 1752),
(114, 466, 'posiada', 9, 1753),
(87, 467, 'posiada', 9, 1754),
(96, 467, 'posiada', 8, 1755),
(125, 467, 'posiada', 8, 1756),
(5, 468, 'posiada', 9, 1757),
(11, 468, 'posiada', 9, 1758),
(41, 468, 'sprzedal', 10, 1759),
(99, 468, 'sprzedal', 9, 1760),
(1, 469, 'sprzedal', 8, 1761),
(67, 469, 'sprzedal', 10, 1762),
(81, 469, 'sprzedal', 8, 1763),
(114, 469, 'sprzedal', 8, 1764),
(124, 469, 'sprzedal', 9, 1765),
(6, 470, 'sprzedal', 8, 1766),
(27, 470, 'chce kupic', 8, 1767),
(63, 470, 'chce kupic', 10, 1768),
(64, 470, 'chce kupic', 8, 1769),
(130, 470, 'chce kupic', 9, 1770),
(44, 471, 'posiada', 10, 1771),
(84, 471, 'chce kupic', 8, 1772),
(96, 471, 'sprzedal', 9, 1773),
(100, 471, 'posiada', 8, 1774),
(112, 471, 'chce kupic', 9, 1775),
(43, 472, 'sprzedal', 9, 1776),
(55, 472, 'posiada', 10, 1777),
(66, 472, 'sprzedal', 9, 1778),
(109, 472, 'sprzedal', 9, 1779),
(19, 473, 'chce kupic', 10, 1780),
(40, 473, 'chce kupic', 9, 1781),
(42, 473, 'chce kupic', 9, 1782),
(28, 474, 'chce kupic', 10, 1783),
(79, 474, 'posiada', 9, 1784),
(28, 475, 'chce kupic', 9, 1785),
(59, 475, 'sprzedal', 10, 1786),
(77, 475, 'posiada', 9, 1787),
(91, 475, 'chce kupic', 9, 1788),
(48, 476, 'sprzedal', 9, 1789),
(80, 476, 'posiada', 9, 1790),
(95, 476, 'posiada', 9, 1791),
(113, 476, 'posiada', 8, 1792),
(95, 477, 'posiada', 10, 1793),
(101, 477, 'posiada', 9, 1794),
(103, 477, 'posiada', 9, 1795),
(110, 477, 'posiada', 8, 1796),
(38, 478, 'posiada', 9, 1797),
(79, 478, 'posiada', 9, 1798),
(100, 478, 'posiada', 10, 1799),
(101, 478, 'posiada', 10, 1800),
(25, 479, 'sprzedal', 10, 1801),
(48, 479, 'sprzedal', 10, 1802),
(55, 479, 'sprzedal', 10, 1803),
(99, 479, 'sprzedal', 10, 1804),
(12, 480, 'sprzedal', 10, 1805),
(59, 480, 'sprzedal', 9, 1806),
(90, 480, 'sprzedal', 10, 1807),
(95, 480, 'sprzedal', 9, 1808),
(106, 480, 'chce kupic', 8, 1809),
(114, 480, 'chce kupic', 8, 1810),
(125, 480, 'chce kupic', 8, 1811),
(2, 481, 'chce kupic', 8, 1812),
(10, 481, 'posiada', 9, 1813),
(19, 481, 'chce kupic', 9, 1814),
(23, 481, 'sprzedal', 10, 1815),
(53, 481, 'posiada', 9, 1816),
(8, 482, 'chce kupic', 9, 1817),
(114, 482, 'sprzedal', 8, 1818),
(120, 482, 'posiada', 10, 1819),
(124, 482, 'sprzedal', 10, 1820),
(131, 482, 'sprzedal', 8, 1821),
(6, 483, 'chce kupic', 10, 1822),
(10, 483, 'chce kupic', 9, 1823),
(65, 483, 'chce kupic', 9, 1824),
(26, 484, 'chce kupic', 10, 1825),
(9, 485, 'posiada', 9, 1826),
(58, 485, 'chce kupic', 8, 1827),
(72, 485, 'sprzedal', 8, 1828),
(117, 485, 'posiada', 9, 1829),
(4, 486, 'chce kupic', 8, 1830),
(33, 486, 'sprzedal', 10, 1831),
(45, 486, 'posiada', 9, 1832),
(97, 486, 'posiada', 9, 1833),
(44, 487, 'posiada', 8, 1834),
(68, 487, 'posiada', 10, 1835),
(24, 488, 'posiada', 9, 1836),
(6, 489, 'posiada', 9, 1837),
(7, 489, 'posiada', 9, 1838),
(25, 489, 'posiada', 8, 1839),
(31, 489, 'posiada', 10, 1840),
(48, 489, 'posiada', 9, 1841),
(95, 489, 'posiada', 9, 1842),
(98, 489, 'sprzedal', 8, 1843),
(104, 489, 'sprzedal', 10, 1844),
(112, 489, 'sprzedal', 9, 1845),
(3, 490, 'sprzedal', 8, 1846),
(47, 490, 'sprzedal', 10, 1847),
(127, 490, 'sprzedal', 10, 1848),
(24, 491, 'sprzedal', 8, 1849),
(52, 491, 'sprzedal', 8, 1850),
(67, 491, 'chce kupic', 9, 1851),
(110, 491, 'chce kupic', 9, 1852),
(39, 492, 'chce kupic', 8, 1853),
(73, 492, 'chce kupic', 9, 1854),
(113, 492, 'posiada', 8, 1855),
(10, 493, 'chce kupic', 9, 1856),
(25, 493, 'sprzedal', 8, 1857),
(38, 493, 'posiada', 9, 1858),
(21, 494, 'chce kupic', 9, 1859),
(36, 494, 'sprzedal', 9, 1860),
(97, 494, 'posiada', 9, 1861),
(130, 494, 'sprzedal', 10, 1862),
(5, 495, 'sprzedal', 9, 1863),
(38, 495, 'chce kupic', 10, 1864),
(47, 495, 'chce kupic', 10, 1865),
(97, 495, 'chce kupic', 9, 1866),
(14, 496, 'chce kupic', 8, 1867),
(69, 496, 'posiada', 8, 1868),
(87, 496, 'chce kupic', 8, 1869),
(9, 497, 'sprzedal', 9, 1870),
(13, 497, 'posiada', 10, 1871),
(18, 497, 'chce kupic', 8, 1872),
(38, 497, 'sprzedal', 9, 1873),
(50, 497, 'posiada', 9, 1874),
(21, 498, 'posiada', 8, 1875),
(32, 498, 'posiada', 10, 1876),
(39, 498, 'posiada', 10, 1877),
(67, 498, 'posiada', 9, 1878),
(91, 498, 'posiada', 10, 1879),
(80, 499, 'posiada', 10, 1880),
(82, 499, 'posiada', 8, 1881),
(9, 500, 'posiada', 9, 1882),
(124, 500, 'posiada', 10, 1883),
(5, 501, 'posiada', 10, 1884),
(31, 501, 'sprzedal', 9, 1885),
(115, 501, 'sprzedal', 9, 1886),
(17, 502, 'sprzedal', 8, 1887),
(58, 502, 'sprzedal', 10, 1888),
(123, 502, 'sprzedal', 8, 1889),
(33, 503, 'sprzedal', 10, 1890),
(74, 503, 'sprzedal', 10, 1891),
(128, 503, 'sprzedal', 10, 1892),
(32, 504, 'chce kupic', 9, 1893),
(92, 504, 'chce kupic', 8, 1894),
(101, 504, 'chce kupic', 10, 1895),
(47, 505, 'chce kupic', 10, 1896),
(61, 505, 'posiada', 9, 1897),
(67, 505, 'chce kupic', 8, 1898),
(112, 505, 'sprzedal', 10, 1899),
(131, 505, 'posiada', 9, 1900),
(4, 506, 'chce kupic', 10, 1901),
(15, 506, 'sprzedal', 8, 1902),
(28, 506, 'posiada', 9, 1903),
(50, 506, 'sprzedal', 8, 1904),
(55, 506, 'sprzedal', 10, 1905),
(81, 506, 'chce kupic', 8, 1906),
(18, 507, 'chce kupic', 10, 1907),
(82, 507, 'chce kupic', 9, 1908),
(131, 507, 'chce kupic', 10, 1909),
(49, 508, 'posiada', 8, 1910),
(98, 508, 'chce kupic', 9, 1911),
(119, 508, 'sprzedal', 9, 1912),
(4, 509, 'posiada', 9, 1913),
(13, 509, 'chce kupic', 10, 1914),
(23, 509, 'sprzedal', 8, 1915),
(48, 509, 'posiada', 10, 1916),
(97, 509, 'posiada', 10, 1917),
(119, 510, 'posiada', 8, 1918),
(126, 510, 'posiada', 9, 1919),
(17, 511, 'posiada', 9, 1920),
(64, 511, 'posiada', 9, 1921),
(68, 511, 'posiada', 8, 1922),
(109, 511, 'posiada', 10, 1923),
(117, 511, 'posiada', 8, 1924),
(119, 511, 'posiada', 8, 1925),
(3, 512, 'posiada', 9, 1926),
(126, 512, 'sprzedal', 8, 1927),
(18, 513, 'sprzedal', 8, 1928),
(30, 513, 'sprzedal', 10, 1929),
(46, 513, 'sprzedal', 8, 1930),
(63, 513, 'sprzedal', 8, 1931),
(48, 514, 'sprzedal', 9, 1932),
(90, 514, 'sprzedal', 9, 1933),
(112, 514, 'sprzedal', 8, 1934),
(10, 515, 'chce kupic', 8, 1935),
(68, 515, 'chce kupic', 9, 1936),
(131, 515, 'chce kupic', 8, 1937),
(36, 516, 'chce kupic', 8, 1938),
(51, 516, 'posiada', 10, 1939),
(112, 516, 'chce kupic', 8, 1940),
(60, 517, 'sprzedal', 8, 1941),
(100, 517, 'posiada', 8, 1942),
(127, 517, 'chce kupic', 9, 1943),
(49, 519, 'sprzedal', 8, 1944),
(77, 519, 'posiada', 10, 1945),
(90, 519, 'sprzedal', 10, 1946),
(130, 519, 'sprzedal', 9, 1947),
(43, 520, 'chce kupic', 10, 1948),
(72, 520, 'chce kupic', 10, 1949),
(77, 520, 'chce kupic', 8, 1950),
(130, 520, 'chce kupic', 9, 1951),
(10, 521, 'posiada', 9, 1952),
(44, 521, 'chce kupic', 8, 1953),
(55, 521, 'sprzedal', 9, 1954),
(75, 521, 'posiada', 8, 1955),
(89, 521, 'chce kupic', 9, 1956),
(3, 522, 'sprzedal', 9, 1957),
(9, 522, 'posiada', 8, 1958),
(20, 522, 'posiada', 8, 1959),
(35, 522, 'posiada', 10, 1960),
(38, 522, 'posiada', 9, 1961),
(40, 522, 'posiada', 8, 1962),
(51, 522, 'posiada', 10, 1963),
(56, 523, 'posiada', 8, 1964),
(58, 523, 'posiada', 9, 1965),
(93, 523, 'posiada', 9, 1966),
(105, 523, 'posiada', 9, 1967),
(130, 523, 'posiada', 8, 1968),
(1, 524, 'sprzedal', 9, 1969),
(5, 524, 'sprzedal', 8, 1970),
(83, 524, 'sprzedal', 9, 1971),
(27, 525, 'sprzedal', 9, 1972),
(127, 525, 'sprzedal', 8, 1973),
(23, 526, 'sprzedal', 10, 1974),
(36, 526, 'sprzedal', 10, 1975),
(14, 527, 'sprzedal', 8, 1976),
(19, 527, 'chce kupic', 8, 1977),
(20, 527, 'chce kupic', 9, 1978),
(64, 527, 'chce kupic', 10, 1979),
(58, 528, 'chce kupic', 9, 1980),
(64, 528, 'posiada', 9, 1981),
(78, 528, 'chce kupic', 9, 1982),
(21, 529, 'sprzedal', 9, 1983),
(44, 529, 'posiada', 9, 1984),
(45, 529, 'chce kupic', 9, 1985),
(64, 529, 'sprzedal', 9, 1986),
(73, 529, 'posiada', 8, 1987),
(95, 529, 'sprzedal', 8, 1988),
(36, 530, 'sprzedal', 10, 1989),
(67, 530, 'chce kupic', 8, 1990),
(100, 530, 'chce kupic', 9, 1991),
(126, 530, 'chce kupic', 10, 1992),
(41, 531, 'chce kupic', 9, 1993),
(81, 531, 'posiada', 8, 1994),
(6, 532, 'chce kupic', 9, 1995),
(14, 532, 'sprzedal', 8, 1996),
(70, 532, 'posiada', 8, 1997),
(73, 532, 'chce kupic', 9, 1998),
(82, 532, 'sprzedal', 9, 1999),
(99, 532, 'posiada', 8, 2000),
(33, 533, 'posiada', 10, 2001),
(76, 533, 'posiada', 9, 2002),
(28, 534, 'posiada', 10, 2003),
(95, 534, 'posiada', 8, 2004),
(123, 534, 'posiada', 10, 2005),
(38, 535, 'posiada', 8, 2006),
(102, 535, 'posiada', 8, 2007),
(24, 536, 'posiada', 10, 2008),
(41, 536, 'posiada', 9, 2009),
(59, 536, 'posiada', 8, 2010),
(69, 536, 'sprzedal', 10, 2011),
(70, 536, 'sprzedal', 8, 2012),
(86, 536, 'sprzedal', 10, 2013),
(109, 536, 'sprzedal', 10, 2014),
(121, 536, 'sprzedal', 10, 2015),
(7, 537, 'sprzedal', 9, 2016),
(20, 537, 'sprzedal', 9, 2017),
(49, 537, 'sprzedal', 10, 2018),
(88, 537, 'chce kupic', 10, 2019),
(127, 537, 'chce kupic', 8, 2020),
(12, 538, 'chce kupic', 10, 2021),
(22, 538, 'chce kupic', 10, 2022),
(41, 538, 'posiada', 9, 2023),
(120, 538, 'chce kupic', 8, 2024),
(36, 539, 'sprzedal', 9, 2025),
(115, 539, 'posiada', 10, 2026),
(10, 540, 'chce kupic', 10, 2027),
(50, 540, 'sprzedal', 10, 2028),
(98, 540, 'posiada', 8, 2029),
(114, 540, 'sprzedal', 9, 2030),
(85, 541, 'sprzedal', 8, 2031),
(98, 541, 'chce kupic', 10, 2032),
(115, 541, 'chce kupic', 9, 2033),
(122, 541, 'chce kupic', 10, 2034),
(4, 542, 'chce kupic', 9, 2035),
(18, 542, 'posiada', 8, 2036),
(36, 542, 'chce kupic', 9, 2037),
(53, 542, 'sprzedal', 10, 2038),
(117, 542, 'posiada', 9, 2039),
(2, 543, 'chce kupic', 8, 2040),
(9, 543, 'sprzedal', 8, 2041),
(25, 543, 'posiada', 10, 2042),
(27, 543, 'posiada', 9, 2043),
(2, 544, 'posiada', 10, 2044),
(8, 544, 'posiada', 9, 2045),
(88, 544, 'posiada', 9, 2046),
(89, 544, 'posiada', 8, 2047),
(92, 544, 'posiada', 9, 2048),
(4, 545, 'posiada', 8, 2049),
(12, 545, 'posiada', 8, 2050),
(59, 545, 'posiada', 9, 2051),
(75, 545, 'posiada', 9, 2052),
(1, 546, 'sprzedal', 10, 2053),
(13, 547, 'sprzedal', 10, 2054),
(86, 547, 'sprzedal', 8, 2055),
(107, 547, 'sprzedal', 9, 2056),
(127, 547, 'sprzedal', 10, 2057),
(55, 548, 'sprzedal', 9, 2058),
(73, 548, 'sprzedal', 8, 2059),
(130, 548, 'sprzedal', 10, 2060),
(46, 549, 'chce kupic', 10, 2061),
(119, 549, 'chce kupic', 10, 2062),
(121, 549, 'chce kupic', 8, 2063),
(1, 550, 'chce kupic', 9, 2064),
(110, 550, 'posiada', 9, 2065),
(122, 550, 'chce kupic', 10, 2066),
(124, 550, 'sprzedal', 9, 2067),
(109, 551, 'posiada', 9, 2068),
(127, 551, 'chce kupic', 10, 2069),
(44, 552, 'sprzedal', 10, 2070),
(58, 552, 'posiada', 9, 2071),
(77, 552, 'sprzedal', 8, 2072),
(82, 552, 'sprzedal', 9, 2073),
(34, 553, 'chce kupic', 8, 2074),
(35, 553, 'chce kupic', 8, 2075),
(76, 553, 'chce kupic', 9, 2076),
(80, 553, 'chce kupic', 9, 2077),
(11, 554, 'posiada', 9, 2078),
(12, 554, 'chce kupic', 10, 2079),
(31, 554, 'sprzedal', 8, 2080),
(79, 554, 'posiada', 9, 2081),
(99, 554, 'chce kupic', 9, 2082),
(108, 554, 'sprzedal', 9, 2083),
(123, 554, 'posiada', 9, 2084),
(131, 554, 'posiada', 10, 2085),
(1, 555, 'posiada', 9, 2086),
(22, 555, 'posiada', 8, 2087),
(60, 555, 'posiada', 8, 2088),
(112, 555, 'posiada', 8, 2089),
(8, 556, 'posiada', 9, 2090),
(20, 556, 'posiada', 8, 2091),
(42, 556, 'posiada', 8, 2092),
(55, 556, 'posiada', 8, 2093),
(60, 556, 'posiada', 10, 2094),
(108, 556, 'sprzedal', 10, 2095),
(15, 557, 'sprzedal', 10, 2096),
(27, 557, 'sprzedal', 9, 2097),
(89, 557, 'sprzedal', 8, 2098),
(96, 557, 'sprzedal', 9, 2099),
(105, 557, 'sprzedal', 10, 2100),
(32, 558, 'sprzedal', 10, 2101),
(35, 558, 'sprzedal', 8, 2102),
(58, 558, 'chce kupic', 10, 2103),
(106, 558, 'chce kupic', 9, 2104),
(107, 558, 'chce kupic', 9, 2105),
(122, 558, 'chce kupic', 9, 2106),
(26, 559, 'posiada', 10, 2107),
(52, 559, 'chce kupic', 8, 2108),
(58, 559, 'sprzedal', 9, 2109),
(89, 559, 'posiada', 10, 2110),
(61, 560, 'chce kupic', 10, 2111),
(77, 560, 'sprzedal', 8, 2112),
(57, 561, 'posiada', 8, 2113),
(14, 562, 'sprzedal', 10, 2114),
(18, 562, 'sprzedal', 8, 2115),
(94, 562, 'chce kupic', 9, 2116),
(32, 563, 'chce kupic', 10, 2117),
(33, 563, 'chce kupic', 8, 2118),
(11, 564, 'chce kupic', 8, 2119),
(10, 565, 'posiada', 10, 2120),
(32, 565, 'chce kupic', 8, 2121),
(85, 565, 'sprzedal', 10, 2122),
(104, 565, 'posiada', 10, 2123),
(48, 566, 'chce kupic', 9, 2124),
(55, 566, 'sprzedal', 8, 2125),
(79, 566, 'posiada', 8, 2126),
(80, 566, 'posiada', 9, 2127),
(114, 566, 'posiada', 10, 2128),
(117, 566, 'posiada', 8, 2129),
(24, 567, 'posiada', 10, 2130),
(77, 567, 'posiada', 8, 2131),
(117, 567, 'posiada', 10, 2132),
(118, 567, 'posiada', 8, 2133),
(119, 567, 'posiada', 9, 2134),
(125, 567, 'posiada', 8, 2135),
(130, 567, 'posiada', 9, 2136),
(19, 568, 'sprzedal', 2, 2137),
(36, 568, 'sprzedal', 1, 2138),
(60, 568, 'sprzedal', 8, 2139),
(79, 568, 'sprzedal', 3, 2140),
(90, 568, 'sprzedal', 9, 2141),
(102, 568, 'sprzedal', 3, 2142),
(106, 568, 'sprzedal', 7, 2143),
(123, 568, 'sprzedal', 9, 2144),
(126, 568, 'chce kupic', 7, 2145),
(48, 569, 'chce kupic', 8, 2146),
(59, 569, 'chce kupic', 6, 2147),
(80, 569, 'chce kupic', 5, 2148),
(88, 569, 'posiada', 1, 2149),
(117, 569, 'chce kupic', 7, 2150),
(38, 570, 'sprzedal', 8, 2151),
(101, 570, 'posiada', 8, 2152),
(107, 571, 'chce kupic', 10, 2153),
(50, 572, 'sprzedal', 8, 2154),
(86, 572, 'posiada', 6, 2155),
(4, 573, 'sprzedal', 7, 2156),
(38, 573, 'sprzedal', 6, 2157),
(47, 573, 'chce kupic', 8, 2158),
(52, 573, 'chce kupic', 8, 2159),
(69, 573, 'chce kupic', 9, 2160),
(87, 573, 'chce kupic', 7, 2161),
(96, 573, 'posiada', 6, 2162),
(110, 573, 'chce kupic', 8, 2163),
(15, 574, 'sprzedal', 9, 2164),
(19, 574, 'posiada', 9, 2165),
(57, 574, 'chce kupic', 10, 2166),
(81, 574, 'sprzedal', 7, 2167),
(86, 574, 'posiada', 8, 2168),
(93, 574, 'posiada', 8, 2169),
(94, 574, 'posiada', 10, 2170),
(125, 574, 'posiada', 8, 2171),
(50, 575, 'posiada', 9, 2172),
(66, 575, 'posiada', 10, 2173),
(87, 575, 'posiada', 9, 2174),
(98, 575, 'posiada', 10, 2175),
(117, 575, 'posiada', 9, 2176),
(77, 576, 'posiada', 9, 2177),
(101, 576, 'posiada', 10, 2178),
(116, 576, 'sprzedal', 9, 2179),
(10, 577, 'sprzedal', 9, 2180),
(58, 577, 'sprzedal', 7, 2181),
(69, 577, 'sprzedal', 8, 2182),
(72, 577, 'sprzedal', 10, 2183),
(88, 577, 'sprzedal', 9, 2184),
(97, 577, 'sprzedal', 10, 2185),
(120, 577, 'sprzedal', 9, 2186),
(7, 578, 'chce kupic', 8, 2187),
(52, 578, 'chce kupic', 7, 2188),
(56, 578, 'chce kupic', 7, 2189),
(104, 578, 'chce kupic', 6, 2190),
(84, 579, 'posiada', 7, 2191),
(110, 579, 'chce kupic', 8, 2192),
(16, 580, 'sprzedal', 6, 2193),
(116, 580, 'posiada', 10, 2194),
(124, 580, 'chce kupic', 8, 2195),
(41, 581, 'sprzedal', 9, 2196),
(48, 581, 'posiada', 6, 2197),
(86, 581, 'sprzedal', 6, 2198),
(112, 581, 'sprzedal', 6, 2199),
(18, 582, 'chce kupic', 7, 2200),
(38, 582, 'chce kupic', 9, 2201),
(56, 582, 'chce kupic', 6, 2202),
(12, 583, 'chce kupic', 7, 2203),
(67, 583, 'posiada', 6, 2204),
(81, 584, 'chce kupic', 7, 2205),
(63, 585, 'sprzedal', 10, 2206),
(129, 585, 'posiada', 8, 2207),
(31, 586, 'chce kupic', 8, 2208),
(13, 587, 'sprzedal', 9, 2209),
(36, 587, 'posiada', 6, 2210),
(42, 587, 'posiada', 7, 2211),
(56, 587, 'posiada', 8, 2212),
(58, 587, 'posiada', 8, 2213),
(98, 587, 'posiada', 9, 2214),
(114, 587, 'posiada', 9, 2215),
(117, 587, 'posiada', 8, 2216),
(16, 588, 'posiada', 8, 2217),
(102, 588, 'posiada', 8, 2218),
(131, 588, 'posiada', 8, 2219),
(28, 589, 'posiada', 8, 2220),
(32, 589, 'sprzedal', 10, 2221),
(50, 589, 'sprzedal', 10, 2222),
(8, 590, 'sprzedal', 10, 2223),
(14, 590, 'sprzedal', 7, 2224),
(58, 590, 'sprzedal', 6, 2225),
(101, 590, 'sprzedal', 6, 2226),
(84, 591, 'sprzedal', 7, 2227),
(103, 591, 'sprzedal', 8, 2228),
(125, 591, 'chce kupic', 8, 2229),
(9, 592, 'chce kupic', 7, 2230),
(116, 592, 'chce kupic', 6, 2231),
(128, 592, 'chce kupic', 6, 2232),
(17, 593, 'posiada', 7, 2233),
(28, 593, 'chce kupic', 9, 2234),
(88, 593, 'sprzedal', 10, 2235),
(45, 594, 'posiada', 9, 2236),
(72, 594, 'chce kupic', 9, 2237),
(97, 594, 'sprzedal', 7, 2238),
(36, 595, 'posiada', 6, 2239),
(41, 595, 'sprzedal', 8, 2240),
(106, 595, 'sprzedal', 10, 2241),
(87, 596, 'chce kupic', 9, 2242),
(120, 596, 'chce kupic', 7, 2243),
(1, 597, 'chce kupic', 9, 2244),
(3, 597, 'chce kupic', 6, 2245),
(16, 597, 'posiada', 7, 2246),
(106, 597, 'chce kupic', 10, 2247),
(122, 597, 'sprzedal', 7, 2248),
(61, 598, 'posiada', 9, 2249),
(110, 598, 'chce kupic', 7, 2250),
(91, 599, 'sprzedal', 9, 2251),
(24, 600, 'posiada', 6, 2252),
(72, 600, 'posiada', 7, 2253),
(89, 600, 'posiada', 9, 2254),
(109, 600, 'posiada', 6, 2255),
(72, 601, 'posiada', 6, 2256),
(78, 601, 'posiada', 8, 2257),
(100, 601, 'posiada', 8, 2258),
(125, 601, 'posiada', 10, 2259),
(33, 602, 'posiada', 7, 2260),
(59, 602, 'posiada', 9, 2261),
(65, 602, 'posiada', 8, 2262),
(115, 602, 'sprzedal', 10, 2263),
(116, 602, 'sprzedal', 7, 2264),
(48, 603, 'sprzedal', 6, 2265),
(58, 603, 'sprzedal', 9, 2266),
(71, 603, 'sprzedal', 9, 2267),
(15, 604, 'sprzedal', 7, 2268),
(46, 604, 'sprzedal', 6, 2269),
(68, 604, 'sprzedal', 6, 2270),
(79, 604, 'chce kupic', 8, 2271),
(5, 605, 'chce kupic', 6, 2272),
(47, 605, 'chce kupic', 7, 2273),
(54, 605, 'chce kupic', 7, 2274),
(22, 606, 'posiada', 7, 2275),
(45, 606, 'chce kupic', 7, 2276),
(65, 606, 'sprzedal', 7, 2277),
(78, 606, 'posiada', 10, 2278),
(81, 606, 'chce kupic', 9, 2279),
(128, 606, 'sprzedal', 10, 2280),
(71, 607, 'posiada', 7, 2281),
(39, 608, 'sprzedal', 10, 2282),
(56, 608, 'sprzedal', 7, 2283),
(90, 608, 'chce kupic', 6, 2284),
(92, 608, 'chce kupic', 6, 2285),
(34, 609, 'chce kupic', 7, 2286),
(108, 609, 'chce kupic', 10, 2287),
(102, 610, 'posiada', 7, 2288),
(7, 611, 'chce kupic', 6, 2289),
(37, 611, 'sprzedal', 9, 2290),
(58, 611, 'posiada', 9, 2291),
(92, 611, 'chce kupic', 7, 2292),
(14, 612, 'sprzedal', 9, 2293),
(35, 612, 'posiada', 8, 2294),
(50, 612, 'posiada', 9, 2295),
(3, 613, 'posiada', 6, 2296),
(43, 613, 'posiada', 6, 2297),
(130, 613, 'posiada', 6, 2298),
(75, 614, 'posiada', 7, 2299),
(107, 614, 'posiada', 7, 2300),
(4, 615, 'posiada', 10, 2301),
(53, 615, 'posiada', 9, 2302),
(96, 615, 'posiada', 7, 2303),
(105, 615, 'posiada', 10, 2304),
(111, 615, 'sprzedal', 10, 2305),
(117, 615, 'sprzedal', 8, 2306),
(39, 616, 'sprzedal', 9, 2307),
(15, 617, 'sprzedal', 9, 2308),
(42, 617, 'sprzedal', 10, 2309),
(57, 617, 'sprzedal', 6, 2310),
(63, 617, 'sprzedal', 9, 2311),
(71, 617, 'sprzedal', 10, 2312),
(80, 617, 'chce kupic', 6, 2313),
(116, 617, 'chce kupic', 6, 2314),
(128, 618, 'chce kupic', 8, 2315),
(20, 619, 'chce kupic', 10, 2316),
(28, 619, 'posiada', 10, 2317),
(81, 619, 'chce kupic', 9, 2318),
(101, 619, 'sprzedal', 6, 2319),
(110, 619, 'posiada', 6, 2320),
(21, 620, 'chce kupic', 7, 2321),
(88, 620, 'sprzedal', 9, 2322),
(123, 620, 'posiada', 9, 2323),
(42, 621, 'sprzedal', 8, 2324),
(58, 621, 'sprzedal', 7, 2325),
(66, 621, 'chce kupic', 6, 2326),
(68, 621, 'chce kupic', 6, 2327),
(27, 622, 'chce kupic', 6, 2328),
(77, 622, 'chce kupic', 7, 2329),
(112, 622, 'posiada', 7, 2330),
(118, 622, 'chce kupic', 8, 2331),
(5, 623, 'sprzedal', 7, 2332),
(11, 623, 'posiada', 9, 2333),
(33, 623, 'chce kupic', 8, 2334),
(46, 623, 'sprzedal', 6, 2335),
(109, 623, 'posiada', 9, 2336),
(73, 624, 'posiada', 8, 2337),
(105, 624, 'posiada', 6, 2338),
(119, 624, 'posiada', 6, 2339),
(121, 624, 'posiada', 6, 2340),
(49, 625, 'posiada', 6, 2341),
(127, 625, 'posiada', 8, 2342),
(7, 626, 'posiada', 6, 2343),
(24, 626, 'posiada', 10, 2344),
(55, 626, 'posiada', 10, 2345),
(58, 626, 'posiada', 9, 2346),
(106, 626, 'sprzedal', 10, 2347),
(57, 628, 'sprzedal', 8, 2348),
(71, 628, 'sprzedal', 6, 2349),
(98, 628, 'sprzedal', 8, 2350),
(121, 628, 'sprzedal', 6, 2351),
(123, 628, 'sprzedal', 10, 2352),
(37, 629, 'sprzedal', 10, 2353),
(51, 629, 'sprzedal', 8, 2354),
(56, 629, 'chce kupic', 6, 2355),
(71, 629, 'chce kupic', 9, 2356),
(97, 629, 'chce kupic', 9, 2357),
(125, 629, 'chce kupic', 9, 2358),
(131, 629, 'posiada', 7, 2359),
(76, 630, 'chce kupic', 7, 2360),
(89, 630, 'sprzedal', 10, 2361),
(97, 630, 'posiada', 8, 2362),
(108, 630, 'chce kupic', 7, 2363),
(123, 630, 'sprzedal', 6, 2364),
(61, 631, 'posiada', 7, 2365),
(65, 631, 'sprzedal', 8, 2366),
(32, 632, 'sprzedal', 7, 2367),
(33, 632, 'chce kupic', 7, 2368),
(102, 632, 'chce kupic', 6, 2369),
(108, 632, 'chce kupic', 7, 2370),
(22, 633, 'chce kupic', 7, 2371),
(46, 633, 'posiada', 6, 2372),
(107, 633, 'chce kupic', 9, 2373),
(120, 633, 'sprzedal', 8, 2374),
(70, 634, 'posiada', 7, 2375),
(126, 634, 'chce kupic', 6, 2376),
(79, 635, 'sprzedal', 9, 2377),
(91, 635, 'posiada', 9, 2378),
(117, 635, 'posiada', 7, 2379),
(120, 635, 'posiada', 8, 2380),
(129, 635, 'posiada', 9, 2381),
(8, 636, 'posiada', 8, 2382),
(47, 636, 'posiada', 8, 2383),
(65, 636, 'posiada', 6, 2384),
(101, 636, 'posiada', 10, 2385),
(20, 637, 'posiada', 7, 2386),
(77, 637, 'posiada', 6, 2387),
(81, 637, 'posiada', 9, 2388),
(125, 637, 'sprzedal', 10, 2389),
(22, 638, 'sprzedal', 9, 2390),
(76, 639, 'sprzedal', 10, 2391),
(68, 640, 'sprzedal', 8, 2392),
(86, 640, 'sprzedal', 10, 2393),
(101, 640, 'sprzedal', 7, 2394),
(36, 641, 'sprzedal', 9, 2395),
(42, 641, 'sprzedal', 9, 2396),
(60, 641, 'chce kupic', 10, 2397),
(83, 641, 'chce kupic', 6, 2398),
(16, 642, 'chce kupic', 8, 2399),
(67, 642, 'chce kupic', 9, 2400),
(78, 642, 'posiada', 8, 2401),
(8, 643, 'chce kupic', 8, 2402),
(47, 643, 'sprzedal', 6, 2403),
(4, 644, 'posiada', 6, 2404),
(15, 644, 'chce kupic', 7, 2405),
(30, 644, 'sprzedal', 7, 2406),
(78, 644, 'posiada', 6, 2407),
(95, 644, 'sprzedal', 7, 2408),
(119, 644, 'sprzedal', 9, 2409),
(3, 645, 'chce kupic', 7, 2410),
(13, 645, 'chce kupic', 8, 2411),
(23, 645, 'chce kupic', 10, 2412),
(24, 645, 'chce kupic', 9, 2413),
(98, 645, 'posiada', 7, 2414),
(101, 645, 'chce kupic', 8, 2415),
(34, 646, 'sprzedal', 7, 2416),
(57, 646, 'posiada', 8, 2417),
(71, 646, 'chce kupic', 10, 2418),
(44, 647, 'sprzedal', 6, 2419),
(131, 647, 'posiada', 7, 2420),
(53, 648, 'posiada', 9, 2421),
(59, 648, 'posiada', 6, 2422),
(74, 648, 'posiada', 10, 2423),
(99, 648, 'posiada', 9, 2424),
(122, 648, 'posiada', 7, 2425),
(42, 649, 'posiada', 10, 2426),
(47, 649, 'posiada', 9, 2427),
(122, 649, 'posiada', 8, 2428),
(127, 649, 'posiada', 9, 2429),
(31, 650, 'posiada', 8, 2430),
(40, 650, 'sprzedal', 9, 2431),
(65, 650, 'sprzedal', 7, 2432),
(82, 650, 'sprzedal', 8, 2433),
(93, 650, 'sprzedal', 9, 2434),
(94, 650, 'sprzedal', 8, 2435),
(110, 650, 'sprzedal', 8, 2436),
(131, 650, 'sprzedal', 10, 2437),
(31, 651, 'sprzedal', 8, 2438),
(33, 651, 'chce kupic', 9, 2439),
(7, 652, 'chce kupic', 8, 2440),
(20, 652, 'chce kupic', 7, 2441),
(36, 652, 'chce kupic', 9, 2442),
(101, 652, 'posiada', 6, 2443),
(14, 653, 'chce kupic', 8, 2444),
(41, 653, 'sprzedal', 10, 2445),
(48, 653, 'posiada', 6, 2446),
(82, 653, 'chce kupic', 10, 2447),
(98, 653, 'sprzedal', 9, 2448),
(18, 654, 'posiada', 8, 2449),
(50, 654, 'sprzedal', 10, 2450),
(128, 654, 'sprzedal', 8, 2451),
(51, 655, 'chce kupic', 10, 2452),
(119, 655, 'chce kupic', 6, 2453),
(13, 656, 'chce kupic', 8, 2454),
(23, 656, 'chce kupic', 6, 2455),
(109, 656, 'posiada', 6, 2456),
(111, 656, 'chce kupic', 9, 2457),
(4, 657, 'sprzedal', 9, 2458),
(84, 657, 'posiada', 6, 2459),
(96, 657, 'chce kupic', 6, 2460),
(70, 658, 'sprzedal', 9, 2461),
(12, 659, 'posiada', 8, 2462),
(16, 659, 'posiada', 6, 2463),
(74, 659, 'posiada', 10, 2464),
(131, 659, 'posiada', 8, 2465),
(23, 660, 'posiada', 8, 2466),
(106, 660, 'posiada', 10, 2467),
(115, 660, 'posiada', 8, 2468),
(94, 661, 'posiada', 8, 2469),
(106, 661, 'posiada', 9, 2470),
(113, 661, 'posiada', 8, 2471),
(7, 662, 'posiada', 7, 2472),
(22, 662, 'sprzedal', 10, 2473),
(27, 662, 'sprzedal', 8, 2474),
(46, 662, 'sprzedal', 6, 2475),
(74, 662, 'sprzedal', 7, 2476),
(77, 662, 'sprzedal', 9, 2477),
(87, 662, 'sprzedal', 7, 2478),
(114, 662, 'sprzedal', 7, 2479),
(38, 663, 'sprzedal', 9, 2480),
(57, 663, 'chce kupic', 9, 2481),
(82, 663, 'chce kupic', 10, 2482),
(8, 664, 'chce kupic', 10, 2483),
(105, 664, 'chce kupic', 8, 2484),
(66, 666, 'posiada', 6, 2485),
(52, 667, 'chce kupic', 6, 2486),
(61, 667, 'sprzedal', 6, 2487),
(8, 668, 'posiada', 10, 2488),
(51, 668, 'chce kupic', 9, 2489),
(64, 668, 'sprzedal', 6, 2490),
(65, 668, 'posiada', 10, 2491),
(88, 668, 'sprzedal', 7, 2492),
(122, 668, 'sprzedal', 8, 2493),
(130, 668, 'chce kupic', 6, 2494),
(28, 669, 'chce kupic', 9, 2495),
(47, 669, 'chce kupic', 10, 2496),
(53, 669, 'chce kupic', 7, 2497),
(83, 669, 'posiada', 10, 2498),
(9, 670, 'chce kupic', 6, 2499),
(14, 670, 'sprzedal', 6, 2500),
(20, 670, 'posiada', 9, 2501),
(23, 670, 'chce kupic', 9, 2502),
(42, 670, 'sprzedal', 7, 2503),
(98, 670, 'posiada', 8, 2504),
(18, 671, 'posiada', 8, 2505),
(79, 671, 'posiada', 6, 2506),
(48, 672, 'posiada', 7, 2507),
(86, 672, 'posiada', 9, 2508),
(102, 673, 'posiada', 8, 2509),
(27, 674, 'posiada', 9, 2510),
(44, 674, 'posiada', 6, 2511),
(56, 674, 'posiada', 8, 2512),
(71, 674, 'posiada', 8, 2513),
(98, 674, 'posiada', 6, 2514),
(32, 675, 'sprzedal', 9, 2515),
(52, 675, 'sprzedal', 8, 2516),
(91, 675, 'sprzedal', 10, 2517),
(113, 675, 'sprzedal', 9, 2518),
(11, 676, 'sprzedal', 6, 2519),
(21, 676, 'sprzedal', 7, 2520),
(9, 677, 'sprzedal', 8, 2521),
(59, 677, 'sprzedal', 9, 2522),
(60, 677, 'chce kupic', 7, 2523),
(13, 678, 'chce kupic', 6, 2524),
(19, 678, 'chce kupic', 10, 2525),
(58, 678, 'chce kupic', 10, 2526),
(75, 678, 'posiada', 10, 2527),
(81, 678, 'chce kupic', 8, 2528),
(100, 678, 'sprzedal', 6, 2529),
(117, 678, 'posiada', 9, 2530),
(126, 678, 'chce kupic', 9, 2531),
(4, 679, 'sprzedal', 8, 2532),
(38, 679, 'posiada', 8, 2533),
(46, 679, 'sprzedal', 9, 2534),
(68, 679, 'sprzedal', 10, 2535),
(75, 679, 'chce kupic', 7, 2536),
(64, 680, 'chce kupic', 6, 2537),
(90, 680, 'chce kupic', 7, 2538),
(105, 680, 'chce kupic', 6, 2539),
(131, 680, 'posiada', 7, 2540),
(33, 681, 'chce kupic', 7, 2541),
(84, 681, 'sprzedal', 9, 2542),
(123, 681, 'posiada', 6, 2543),
(26, 682, 'chce kupic', 8, 2544),
(59, 682, 'sprzedal', 7, 2545),
(86, 682, 'posiada', 9, 2546),
(9, 683, 'posiada', 6, 2547),
(24, 683, 'posiada', 6, 2548),
(72, 683, 'posiada', 9, 2549),
(124, 683, 'posiada', 8, 2550),
(5, 684, 'posiada', 8, 2551),
(30, 684, 'posiada', 9, 2552),
(33, 684, 'posiada', 10, 2553),
(123, 684, 'posiada', 6, 2554),
(29, 685, 'posiada', 6, 2555),
(45, 685, 'posiada', 8, 2556),
(121, 685, 'sprzedal', 8, 2557),
(24, 686, 'sprzedal', 9, 2558),
(127, 686, 'sprzedal', 9, 2559),
(92, 687, 'sprzedal', 8, 2560),
(122, 688, 'sprzedal', 7, 2561),
(128, 688, 'sprzedal', 7, 2562),
(23, 689, 'sprzedal', 9, 2563),
(91, 689, 'sprzedal', 10, 2564),
(112, 690, 'chce kupic', 8, 2565),
(122, 690, 'chce kupic', 9, 2566),
(62, 691, 'chce kupic', 9, 2567),
(65, 691, 'chce kupic', 8, 2568),
(76, 691, 'posiada', 6, 2569),
(115, 691, 'chce kupic', 8, 2570),
(23, 692, 'sprzedal', 8, 2571),
(26, 692, 'posiada', 6, 2572),
(89, 692, 'chce kupic', 6, 2573),
(45, 693, 'sprzedal', 8, 2574),
(59, 693, 'posiada', 9, 2575),
(88, 693, 'sprzedal', 9, 2576),
(125, 693, 'sprzedal', 8, 2577),
(48, 694, 'chce kupic', 10, 2578),
(52, 694, 'chce kupic', 8, 2579),
(22, 695, 'chce kupic', 10, 2580),
(51, 695, 'chce kupic', 6, 2581),
(130, 695, 'posiada', 10, 2582),
(25, 696, 'chce kupic', 8, 2583),
(55, 696, 'sprzedal', 10, 2584),
(111, 696, 'posiada', 6, 2585),
(4, 697, 'chce kupic', 10, 2586),
(60, 697, 'sprzedal', 8, 2587),
(62, 697, 'posiada', 10, 2588),
(95, 697, 'posiada', 8, 2589),
(13, 698, 'posiada', 6, 2590),
(69, 698, 'posiada', 8, 2591),
(125, 698, 'posiada', 7, 2592),
(21, 699, 'posiada', 10, 2593),
(51, 699, 'posiada', 6, 2594),
(56, 699, 'posiada', 10, 2595),
(44, 700, 'posiada', 9, 2596),
(77, 700, 'posiada', 9, 2597),
(96, 700, 'posiada', 10, 2598),
(104, 700, 'sprzedal', 7, 2599),
(1, 701, 'sprzedal', 6, 2600),
(49, 701, 'sprzedal', 8, 2601),
(61, 701, 'sprzedal', 9, 2602),
(64, 701, 'sprzedal', 6, 2603),
(76, 701, 'sprzedal', 8, 2604),
(93, 701, 'sprzedal', 6, 2605),
(116, 701, 'sprzedal', 10, 2606),
(27, 702, 'chce kupic', 10, 2607),
(74, 702, 'chce kupic', 7, 2608),
(80, 702, 'chce kupic', 7, 2609),
(101, 703, 'chce kupic', 7, 2610),
(128, 703, 'posiada', 9, 2611),
(5, 704, 'chce kupic', 8, 2612),
(40, 704, 'sprzedal', 8, 2613),
(75, 704, 'posiada', 8, 2614),
(128, 704, 'chce kupic', 7, 2615),
(8, 705, 'sprzedal', 10, 2616),
(25, 705, 'posiada', 6, 2617),
(88, 705, 'sprzedal', 8, 2618),
(78, 706, 'sprzedal', 10, 2619),
(22, 707, 'chce kupic', 7, 2620),
(77, 707, 'chce kupic', 9, 2621),
(101, 707, 'chce kupic', 6, 2622),
(15, 708, 'chce kupic', 8, 2623),
(114, 708, 'posiada', 6, 2624),
(119, 708, 'chce kupic', 8, 2625),
(121, 708, 'sprzedal', 9, 2626),
(2, 709, 'posiada', 8, 2627),
(9, 709, 'chce kupic', 10, 2628),
(23, 709, 'sprzedal', 7, 2629),
(64, 709, 'posiada', 8, 2630),
(101, 709, 'posiada', 7, 2631),
(102, 709, 'posiada', 9, 2632),
(43, 710, 'posiada', 10, 2633),
(1, 711, 'posiada', 8, 2634),
(57, 711, 'posiada', 10, 2635),
(28, 712, 'posiada', 9, 2636),
(51, 712, 'posiada', 8, 2637),
(100, 712, 'posiada', 7, 2638),
(60, 713, 'posiada', 7, 2639),
(69, 713, 'posiada', 7, 2640),
(11, 714, 'sprzedal', 9, 2641),
(13, 714, 'sprzedal', 10, 2642),
(59, 714, 'sprzedal', 6, 2643),
(72, 714, 'sprzedal', 6, 2644),
(85, 714, 'sprzedal', 10, 2645),
(103, 714, 'sprzedal', 7, 2646),
(4, 715, 'sprzedal', 6, 2647),
(15, 715, 'sprzedal', 6, 2648),
(22, 715, 'chce kupic', 9, 2649),
(56, 715, 'chce kupic', 8, 2650),
(121, 715, 'chce kupic', 10, 2651),
(9, 716, 'chce kupic', 7, 2652),
(15, 716, 'posiada', 10, 2653),
(18, 716, 'chce kupic', 9, 2654),
(20, 716, 'sprzedal', 7, 2655),
(76, 716, 'posiada', 6, 2656),
(128, 716, 'chce kupic', 7, 2657),
(117, 717, 'sprzedal', 10, 2658),
(7, 718, 'posiada', 8, 2659),
(53, 718, 'sprzedal', 8, 2660),
(59, 718, 'sprzedal', 9, 2661),
(129, 718, 'chce kupic', 7, 2662),
(52, 719, 'chce kupic', 10, 2663),
(115, 719, 'chce kupic', 8, 2664),
(118, 719, 'chce kupic', 8, 2665),
(121, 719, 'posiada', 9, 2666),
(61, 720, 'chce kupic', 6, 2667),
(111, 720, 'sprzedal', 9, 2668),
(128, 720, 'posiada', 10, 2669),
(44, 721, 'chce kupic', 7, 2670),
(7, 722, 'sprzedal', 10, 2671),
(12, 722, 'posiada', 8, 2672),
(87, 722, 'posiada', 9, 2673),
(26, 723, 'posiada', 10, 2674),
(19, 724, 'posiada', 6, 2675),
(30, 724, 'posiada', 10, 2676),
(83, 724, 'posiada', 6, 2677),
(84, 724, 'posiada', 9, 2678),
(130, 724, 'posiada', 9, 2679),
(45, 725, 'posiada', 6, 2680),
(94, 725, 'posiada', 6, 2681),
(118, 725, 'posiada', 9, 2682),
(12, 726, 'sprzedal', 6, 2683),
(58, 726, 'sprzedal', 9, 2684),
(125, 726, 'sprzedal', 10, 2685),
(15, 727, 'sprzedal', 6, 2686),
(30, 727, 'sprzedal', 10, 2687),
(50, 727, 'sprzedal', 7, 2688),
(69, 727, 'sprzedal', 10, 2689),
(97, 727, 'sprzedal', 8, 2690),
(130, 727, 'chce kupic', 8, 2691),
(5, 728, 'chce kupic', 8, 2692),
(41, 728, 'chce kupic', 7, 2693),
(57, 728, 'chce kupic', 8, 2694),
(74, 728, 'posiada', 9, 2695),
(103, 728, 'chce kupic', 10, 2696),
(115, 728, 'sprzedal', 6, 2697),
(119, 728, 'posiada', 9, 2698),
(121, 728, 'chce kupic', 9, 2699),
(31, 729, 'sprzedal', 7, 2700),
(65, 729, 'posiada', 6, 2701),
(112, 729, 'sprzedal', 6, 2702),
(125, 729, 'sprzedal', 8, 2703),
(35, 730, 'chce kupic', 8, 2704),
(96, 730, 'chce kupic', 10, 2705),
(112, 730, 'chce kupic', 6, 2706),
(118, 730, 'chce kupic', 8, 2707),
(24, 731, 'posiada', 10, 2708),
(39, 731, 'chce kupic', 8, 2709),
(93, 731, 'sprzedal', 7, 2710),
(100, 731, 'posiada', 8, 2711),
(21, 732, 'chce kupic', 6, 2712),
(25, 732, 'sprzedal', 7, 2713),
(53, 733, 'posiada', 6, 2714),
(105, 733, 'posiada', 6, 2715),
(14, 734, 'posiada', 9, 2716),
(56, 734, 'posiada', 6, 2717),
(92, 734, 'posiada', 8, 2718),
(16, 735, 'posiada', 7, 2719),
(31, 735, 'posiada', 10, 2720),
(93, 735, 'posiada', 7, 2721),
(95, 735, 'posiada', 9, 2722),
(111, 735, 'posiada', 6, 2723),
(126, 735, 'posiada', 9, 2724),
(8, 736, 'sprzedal', 10, 2725),
(50, 736, 'sprzedal', 8, 2726),
(67, 736, 'sprzedal', 10, 2727),
(122, 736, 'sprzedal', 6, 2728),
(65, 737, 'sprzedal', 10, 2729),
(33, 738, 'sprzedal', 10, 2730),
(65, 738, 'sprzedal', 6, 2731),
(67, 738, 'sprzedal', 6, 2732),
(96, 738, 'chce kupic', 9, 2733),
(97, 738, 'chce kupic', 6, 2734),
(115, 738, 'chce kupic', 6, 2735),
(2, 739, 'chce kupic', 6, 2736),
(17, 739, 'posiada', 10, 2737),
(43, 739, 'chce kupic', 10, 2738),
(99, 739, 'sprzedal', 7, 2739),
(131, 739, 'posiada', 8, 2740),
(48, 740, 'chce kupic', 8, 2741),
(65, 740, 'sprzedal', 8, 2742),
(78, 740, 'posiada', 8, 2743),
(98, 740, 'sprzedal', 7, 2744),
(105, 740, 'sprzedal', 8, 2745),
(120, 740, 'chce kupic', 8, 2746),
(23, 741, 'chce kupic', 6, 2747),
(26, 741, 'chce kupic', 6, 2748),
(50, 741, 'chce kupic', 6, 2749),
(127, 741, 'posiada', 9, 2750),
(29, 742, 'chce kupic', 7, 2751),
(77, 742, 'sprzedal', 10, 2752),
(118, 742, 'posiada', 9, 2753),
(32, 743, 'chce kupic', 6, 2754),
(87, 743, 'sprzedal', 9, 2755),
(10, 744, 'posiada', 9, 2756),
(19, 744, 'posiada', 6, 2757),
(33, 744, 'posiada', 8, 2758),
(81, 744, 'posiada', 7, 2759),
(86, 744, 'posiada', 7, 2760),
(99, 744, 'posiada', 9, 2761),
(17, 745, 'posiada', 7, 2762),
(43, 745, 'posiada', 9, 2763),
(52, 746, 'posiada', 9, 2764),
(55, 746, 'posiada', 9, 2765),
(72, 746, 'posiada', 9, 2766),
(78, 746, 'sprzedal', 7, 2767),
(112, 746, 'sprzedal', 9, 2768),
(123, 746, 'sprzedal', 10, 2769),
(125, 746, 'sprzedal', 9, 2770),
(129, 746, 'sprzedal', 9, 2771),
(4, 747, 'sprzedal', 10, 2772),
(8, 747, 'sprzedal', 10, 2773),
(43, 747, 'sprzedal', 8, 2774),
(44, 747, 'chce kupic', 8, 2775),
(83, 747, 'chce kupic', 6, 2776),
(96, 747, 'chce kupic', 7, 2777),
(99, 747, 'chce kupic', 6, 2778),
(104, 747, 'posiada', 10, 2779),
(5, 748, 'chce kupic', 7, 2780),
(16, 748, 'sprzedal', 6, 2781),
(21, 748, 'posiada', 6, 2782),
(60, 748, 'chce kupic', 6, 2783),
(87, 748, 'sprzedal', 10, 2784),
(8, 749, 'posiada', 9, 2785),
(24, 749, 'sprzedal', 9, 2786),
(46, 749, 'sprzedal', 7, 2787),
(67, 749, 'chce kupic', 7, 2788),
(82, 749, 'chce kupic', 8, 2789),
(125, 749, 'chce kupic', 9, 2790),
(128, 749, 'chce kupic', 7, 2791),
(6, 750, 'posiada', 7, 2792),
(85, 751, 'chce kupic', 8, 2793),
(103, 751, 'sprzedal', 10, 2794),
(114, 751, 'posiada', 9, 2795),
(6, 752, 'chce kupic', 6, 2796),
(19, 752, 'sprzedal', 8, 2797),
(65, 752, 'posiada', 7, 2798),
(80, 752, 'posiada', 9, 2799),
(110, 752, 'posiada', 9, 2800),
(19, 753, 'posiada', 9, 2801),
(34, 753, 'posiada', 6, 2802),
(72, 753, 'posiada', 7, 2803),
(89, 753, 'posiada', 8, 2804),
(120, 753, 'posiada', 9, 2805),
(22, 754, 'posiada', 10, 2806),
(53, 754, 'posiada', 6, 2807),
(108, 754, 'posiada', 8, 2808),
(123, 754, 'sprzedal', 9, 2809),
(24, 755, 'sprzedal', 9, 2810),
(32, 755, 'sprzedal', 6, 2811),
(54, 755, 'sprzedal', 8, 2812),
(70, 755, 'sprzedal', 6, 2813),
(69, 756, 'sprzedal', 6, 2814),
(94, 756, 'sprzedal', 7, 2815),
(118, 756, 'sprzedal', 10, 2816),
(17, 757, 'chce kupic', 10, 2817),
(55, 757, 'chce kupic', 7, 2818),
(59, 757, 'chce kupic', 8, 2819),
(64, 757, 'chce kupic', 6, 2820),
(13, 758, 'posiada', 9, 2821),
(122, 758, 'chce kupic', 7, 2822),
(58, 759, 'sprzedal', 6, 2823),
(74, 759, 'posiada', 9, 2824),
(88, 759, 'chce kupic', 10, 2825),
(97, 759, 'sprzedal', 9, 2826),
(106, 759, 'posiada', 6, 2827),
(121, 759, 'sprzedal', 10, 2828),
(3, 760, 'sprzedal', 8, 2829),
(12, 760, 'chce kupic', 8, 2830),
(16, 760, 'chce kupic', 7, 2831),
(36, 760, 'chce kupic', 8, 2832),
(52, 760, 'chce kupic', 10, 2833),
(32, 761, 'posiada', 10, 2834),
(56, 761, 'chce kupic', 7, 2835),
(73, 761, 'sprzedal', 7, 2836),
(85, 761, 'posiada', 10, 2837),
(112, 761, 'chce kupic', 6, 2838),
(126, 761, 'sprzedal', 9, 2839),
(128, 761, 'posiada', 8, 2840),
(36, 762, 'posiada', 9, 2841),
(104, 762, 'posiada', 9, 2842),
(122, 762, 'posiada', 9, 2843),
(58, 763, 'posiada', 10, 2844),
(92, 763, 'posiada', 8, 2845),
(95, 763, 'posiada', 6, 2846),
(52, 764, 'posiada', 6, 2847),
(90, 764, 'posiada', 7, 2848),
(23, 765, 'posiada', 10, 2849),
(62, 765, 'posiada', 6, 2850),
(121, 765, 'sprzedal', 10, 2851),
(5, 766, 'sprzedal', 10, 2852),
(75, 766, 'sprzedal', 6, 2853),
(79, 766, 'sprzedal', 7, 2854),
(90, 766, 'sprzedal', 7, 2855),
(118, 766, 'sprzedal', 9, 2856),
(130, 766, 'sprzedal', 10, 2857),
(82, 767, 'sprzedal', 8, 2858),
(86, 767, 'chce kupic', 7, 2859),
(99, 767, 'chce kupic', 10, 2860),
(4, 768, 'chce kupic', 9, 2861),
(55, 768, 'chce kupic', 6, 2862),
(104, 768, 'posiada', 10, 2863),
(11, 769, 'chce kupic', 8, 2864),
(41, 769, 'sprzedal', 9, 2865),
(45, 769, 'posiada', 8, 2866),
(86, 769, 'chce kupic', 9, 2867),
(12, 770, 'sprzedal', 6, 2868),
(33, 770, 'posiada', 8, 2869),
(85, 770, 'sprzedal', 8, 2870),
(90, 770, 'sprzedal', 6, 2871),
(100, 770, 'chce kupic', 10, 2872),
(60, 771, 'chce kupic', 6, 2873),
(72, 771, 'chce kupic', 9, 2874),
(129, 771, 'chce kupic', 9, 2875),
(2, 772, 'posiada', 8, 2876),
(13, 772, 'chce kupic', 7, 2877),
(35, 772, 'sprzedal', 6, 2878),
(68, 772, 'posiada', 7, 2879),
(76, 772, 'chce kupic', 9, 2880),
(79, 772, 'sprzedal', 9, 2881),
(9, 773, 'posiada', 10, 2882),
(23, 773, 'posiada', 8, 2883),
(45, 773, 'posiada', 10, 2884),
(106, 773, 'posiada', 7, 2885),
(109, 773, 'posiada', 10, 2886),
(110, 773, 'posiada', 7, 2887),
(47, 774, 'posiada', 10, 2888),
(117, 774, 'posiada', 6, 2889),
(48, 775, 'posiada', 8, 2890),
(60, 775, 'posiada', 7, 2891),
(125, 775, 'posiada', 7, 2892),
(20, 776, 'sprzedal', 7, 2893),
(130, 776, 'sprzedal', 9, 2894),
(64, 777, 'sprzedal', 7, 2895),
(103, 777, 'sprzedal', 6, 2896),
(104, 777, 'sprzedal', 8, 2897),
(109, 777, 'sprzedal', 10, 2898),
(40, 778, 'sprzedal', 9, 2899),
(72, 778, 'sprzedal', 7, 2900),
(105, 778, 'chce kupic', 7, 2901),
(107, 778, 'chce kupic', 6, 2902),
(118, 778, 'chce kupic', 8, 2903),
(2, 779, 'chce kupic', 6, 2904),
(22, 779, 'posiada', 7, 2905),
(39, 779, 'chce kupic', 8, 2906),
(41, 779, 'sprzedal', 6, 2907),
(48, 779, 'posiada', 10, 2908),
(64, 779, 'chce kupic', 7, 2909),
(110, 779, 'sprzedal', 9, 2910),
(124, 779, 'posiada', 10, 2911),
(36, 780, 'sprzedal', 6, 2912),
(71, 780, 'sprzedal', 9, 2913),
(83, 780, 'chce kupic', 7, 2914),
(105, 780, 'chce kupic', 10, 2915),
(120, 781, 'chce kupic', 6, 2916),
(16, 782, 'chce kupic', 8, 2917),
(29, 782, 'posiada', 7, 2918),
(60, 782, 'chce kupic', 8, 2919),
(65, 782, 'sprzedal', 6, 2920),
(76, 782, 'posiada', 9, 2921),
(83, 782, 'chce kupic', 10, 2922),
(30, 783, 'sprzedal', 7, 2923),
(49, 783, 'posiada', 8, 2924),
(77, 783, 'posiada', 7, 2925),
(81, 783, 'posiada', 6, 2926),
(10, 784, 'posiada', 8, 2927),
(16, 784, 'posiada', 7, 2928),
(51, 784, 'posiada', 10, 2929),
(94, 784, 'posiada', 7, 2930),
(129, 784, 'posiada', 6, 2931),
(58, 785, 'posiada', 6, 2932),
(63, 785, 'posiada', 6, 2933),
(71, 785, 'posiada', 8, 2934),
(91, 785, 'sprzedal', 6, 2935),
(49, 786, 'sprzedal', 7, 2936),
(51, 787, 'sprzedal', 6, 2937),
(55, 787, 'sprzedal', 8, 2938),
(59, 787, 'sprzedal', 8, 2939),
(3, 788, 'sprzedal', 6, 2940),
(13, 788, 'sprzedal', 7, 2941),
(69, 789, 'sprzedal', 10, 2942),
(2, 790, 'chce kupic', 9, 2943),
(60, 790, 'chce kupic', 6, 2944),
(67, 790, 'chce kupic', 6, 2945),
(93, 790, 'chce kupic', 7, 2946),
(105, 790, 'posiada', 6, 2947),
(120, 790, 'chce kupic', 9, 2948),
(19, 791, 'sprzedal', 6, 2949),
(122, 791, 'posiada', 10, 2950),
(128, 791, 'chce kupic', 10, 2951),
(15, 792, 'sprzedal', 8, 2952),
(56, 792, 'posiada', 6, 2953),
(69, 792, 'sprzedal', 10, 2954),
(97, 792, 'sprzedal', 9, 2955),
(112, 792, 'chce kupic', 6, 2956),
(121, 792, 'chce kupic', 10, 2957),
(126, 792, 'chce kupic', 8, 2958),
(130, 792, 'chce kupic', 9, 2959),
(12, 793, 'posiada', 7, 2960),
(32, 793, 'chce kupic', 7, 2961),
(41, 793, 'sprzedal', 10, 2962),
(62, 793, 'posiada', 7, 2963),
(71, 793, 'chce kupic', 10, 2964),
(111, 793, 'sprzedal', 6, 2965),
(38, 794, 'posiada', 9, 2966),
(53, 794, 'posiada', 6, 2967),
(57, 794, 'posiada', 8, 2968),
(59, 794, 'posiada', 6, 2969),
(70, 794, 'posiada', 8, 2970),
(71, 794, 'posiada', 10, 2971),
(115, 794, 'posiada', 10, 2972),
(116, 794, 'posiada', 9, 2973),
(125, 794, 'posiada', 9, 2974),
(11, 795, 'posiada', 7, 2975),
(38, 795, 'posiada', 8, 2976),
(69, 795, 'sprzedal', 10, 2977),
(78, 795, 'sprzedal', 6, 2978),
(123, 795, 'sprzedal', 9, 2979),
(124, 795, 'sprzedal', 9, 2980),
(77, 796, 'sprzedal', 7, 2981),
(98, 796, 'sprzedal', 7, 2982),
(124, 796, 'sprzedal', 7, 2983),
(17, 797, 'sprzedal', 6, 2984),
(55, 797, 'chce kupic', 8, 2985),
(84, 797, 'chce kupic', 6, 2986),
(113, 797, 'chce kupic', 8, 2987),
(92, 798, 'chce kupic', 6, 2988),
(101, 798, 'posiada', 8, 2989),
(107, 798, 'chce kupic', 6, 2990),
(6, 799, 'sprzedal', 10, 2991),
(37, 799, 'posiada', 7, 2992),
(49, 799, 'chce kupic', 7, 2993),
(114, 799, 'sprzedal', 8, 2994),
(123, 800, 'posiada', 10, 2995),
(26, 801, 'sprzedal', 10, 2996),
(44, 801, 'sprzedal', 6, 2997),
(56, 801, 'chce kupic', 9, 2998),
(6, 802, 'chce kupic', 9, 2999),
(49, 802, 'chce kupic', 9, 3000),
(50, 802, 'chce kupic', 6, 3001),
(51, 802, 'posiada', 8, 3002),
(104, 802, 'chce kupic', 6, 3003),
(129, 802, 'sprzedal', 8, 3004),
(18, 803, 'posiada', 7, 3005),
(27, 803, 'chce kupic', 10, 3006),
(50, 804, 'sprzedal', 9, 3007),
(100, 804, 'posiada', 9, 3008),
(110, 804, 'posiada', 9, 3009),
(16, 805, 'posiada', 6, 3010),
(29, 805, 'posiada', 6, 3011),
(34, 805, 'posiada', 7, 3012),
(72, 805, 'posiada', 8, 3013),
(80, 805, 'posiada', 8, 3014),
(121, 805, 'posiada', 6, 3015),
(26, 806, 'posiada', 7, 3016),
(41, 806, 'posiada', 6, 3017),
(70, 806, 'posiada', 8, 3018),
(27, 807, 'sprzedal', 8, 3019),
(23, 808, 'sprzedal', 10, 3020),
(110, 808, 'sprzedal', 9, 3021),
(129, 808, 'sprzedal', 7, 3022),
(55, 809, 'sprzedal', 7, 3023),
(111, 810, 'sprzedal', 6, 3024),
(95, 811, 'sprzedal', 8, 3025),
(96, 811, 'sprzedal', 9, 3026),
(126, 811, 'chce kupic', 10, 3027),
(130, 811, 'chce kupic', 6, 3028),
(41, 812, 'chce kupic', 6, 3029),
(87, 812, 'chce kupic', 7, 3030),
(101, 812, 'posiada', 10, 3031),
(5, 813, 'chce kupic', 6, 3032),
(6, 813, 'sprzedal', 6, 3033),
(64, 813, 'posiada', 8, 3034),
(108, 813, 'chce kupic', 7, 3035),
(127, 813, 'sprzedal', 7, 3036),
(15, 814, 'posiada', 6, 3037),
(59, 814, 'sprzedal', 8, 3038),
(81, 814, 'sprzedal', 6, 3039),
(116, 814, 'chce kupic', 8, 3040),
(32, 815, 'chce kupic', 8, 3041),
(47, 815, 'chce kupic', 7, 3042),
(53, 815, 'chce kupic', 10, 3043),
(65, 815, 'posiada', 6, 3044),
(94, 815, 'chce kupic', 7, 3045),
(109, 815, 'sprzedal', 10, 3046),
(49, 816, 'posiada', 10, 3047),
(62, 816, 'chce kupic', 7, 3048),
(65, 816, 'sprzedal', 8, 3049),
(92, 816, 'posiada', 10, 3050),
(127, 816, 'posiada', 9, 3051),
(46, 817, 'posiada', 6, 3052),
(108, 817, 'posiada', 8, 3053),
(127, 817, 'posiada', 8, 3054),
(22, 818, 'posiada', 8, 3055),
(65, 818, 'posiada', 6, 3056),
(78, 818, 'posiada', 10, 3057),
(108, 818, 'posiada', 6, 3058),
(23, 819, 'posiada', 7, 3059),
(27, 819, 'posiada', 8, 3060),
(43, 819, 'sprzedal', 7, 3061),
(80, 819, 'sprzedal', 8, 3062),
(83, 819, 'sprzedal', 9, 3063),
(105, 819, 'sprzedal', 8, 3064),
(115, 819, 'sprzedal', 7, 3065),
(12, 820, 'sprzedal', 9, 3066),
(19, 820, 'sprzedal', 8, 3067),
(37, 820, 'sprzedal', 6, 3068),
(57, 821, 'chce kupic', 7, 3069),
(80, 821, 'chce kupic', 6, 3070),
(114, 821, 'chce kupic', 9, 3071),
(124, 821, 'chce kupic', 9, 3072),
(131, 821, 'posiada', 9, 3073),
(44, 822, 'chce kupic', 8, 3074),
(61, 822, 'sprzedal', 6, 3075),
(77, 822, 'posiada', 7, 3076),
(123, 822, 'chce kupic', 8, 3077),
(21, 823, 'sprzedal', 6, 3078),
(33, 823, 'posiada', 8, 3079),
(40, 823, 'sprzedal', 6, 3080),
(48, 823, 'sprzedal', 8, 3081),
(24, 824, 'chce kupic', 6, 3082),
(36, 824, 'chce kupic', 10, 3083),
(50, 824, 'chce kupic', 10, 3084),
(111, 824, 'chce kupic', 9, 3085),
(37, 825, 'posiada', 8, 3086),
(40, 825, 'chce kupic', 10, 3087),
(67, 825, 'sprzedal', 8, 3088),
(99, 825, 'posiada', 8, 3089),
(115, 825, 'chce kupic', 7, 3090),
(118, 825, 'sprzedal', 7, 3091),
(37, 826, 'posiada', 7, 3092),
(74, 826, 'posiada', 9, 3093),
(77, 826, 'posiada', 10, 3094),
(89, 826, 'posiada', 9, 3095),
(7, 827, 'posiada', 6, 3096),
(18, 827, 'posiada', 9, 3097),
(21, 827, 'posiada', 6, 3098),
(61, 827, 'posiada', 7, 3099),
(66, 827, 'posiada', 6, 3100),
(75, 827, 'posiada', 7, 3101),
(82, 827, 'posiada', 7, 3102),
(87, 827, 'sprzedal', 8, 3103),
(90, 827, 'sprzedal', 10, 3104),
(41, 828, 'sprzedal', 6, 3105),
(6, 829, 'sprzedal', 8, 3106),
(83, 829, 'sprzedal', 6, 3107),
(85, 829, 'sprzedal', 9, 3108),
(130, 829, 'sprzedal', 6, 3109),
(3, 830, 'sprzedal', 8, 3110),
(15, 830, 'chce kupic', 7, 3111),
(86, 830, 'chce kupic', 6, 3112),
(92, 830, 'chce kupic', 10, 3113),
(108, 830, 'chce kupic', 6, 3114),
(124, 830, 'posiada', 7, 3115),
(42, 831, 'chce kupic', 8, 3116),
(102, 831, 'sprzedal', 8, 3117),
(114, 831, 'posiada', 10, 3118),
(115, 831, 'chce kupic', 6, 3119),
(121, 831, 'sprzedal', 7, 3120),
(35, 832, 'posiada', 8, 3121),
(97, 832, 'sprzedal', 8, 3122),
(104, 832, 'sprzedal', 10, 3123),
(128, 832, 'chce kupic', 6, 3124),
(18, 833, 'chce kupic', 10, 3125),
(23, 833, 'chce kupic', 6, 3126),
(41, 833, 'chce kupic', 7, 3127),
(46, 833, 'posiada', 9, 3128),
(80, 833, 'chce kupic', 7, 3129),
(1, 834, 'sprzedal', 6, 3130),
(96, 834, 'posiada', 9, 3131),
(51, 835, 'chce kupic', 6, 3132),
(69, 835, 'sprzedal', 9, 3133),
(109, 835, 'posiada', 6, 3134),
(128, 836, 'posiada', 9, 3135),
(15, 837, 'posiada', 10, 3136),
(49, 837, 'posiada', 9, 3137),
(6, 838, 'posiada', 10, 3138),
(17, 838, 'posiada', 10, 3139),
(37, 838, 'posiada', 7, 3140),
(47, 838, 'posiada', 10, 3141),
(49, 838, 'posiada', 7, 3142),
(68, 838, 'posiada', 9, 3143),
(47, 839, 'posiada', 7, 3144),
(126, 839, 'sprzedal', 9, 3145),
(76, 840, 'sprzedal', 10, 3146),
(88, 840, 'sprzedal', 7, 3147),
(115, 840, 'sprzedal', 7, 3148),
(56, 841, 'sprzedal', 6, 3149),
(85, 841, 'sprzedal', 7, 3150),
(126, 841, 'sprzedal', 6, 3151),
(59, 842, 'sprzedal', 8, 3152),
(99, 842, 'chce kupic', 10, 3153),
(117, 842, 'chce kupic', 8, 3154),
(6, 843, 'chce kupic', 10, 3155),
(18, 843, 'chce kupic', 9, 3156),
(83, 843, 'posiada', 8, 3157),
(97, 843, 'chce kupic', 8, 3158),
(76, 844, 'sprzedal', 9, 3159),
(39, 845, 'posiada', 9, 3160),
(47, 845, 'chce kupic', 8, 3161),
(88, 845, 'sprzedal', 10, 3162),
(103, 845, 'posiada', 10, 3163),
(82, 846, 'sprzedal', 8, 3164),
(97, 846, 'sprzedal', 8, 3165),
(15, 847, 'chce kupic', 7, 3166),
(18, 847, 'chce kupic', 6, 3167),
(25, 847, 'chce kupic', 6, 3168),
(40, 847, 'chce kupic', 9, 3169),
(17, 848, 'posiada', 6, 3170),
(52, 848, 'chce kupic', 6, 3171),
(78, 848, 'sprzedal', 10, 3172),
(102, 848, 'posiada', 10, 3173),
(59, 849, 'chce kupic', 8, 3174),
(79, 849, 'sprzedal', 7, 3175),
(78, 850, 'posiada', 9, 3176),
(79, 850, 'posiada', 10, 3177),
(81, 850, 'posiada', 7, 3178),
(7, 851, 'posiada', 6, 3179),
(23, 851, 'posiada', 6, 3180),
(42, 851, 'posiada', 9, 3181),
(43, 851, 'posiada', 9, 3182),
(89, 851, 'posiada', 6, 3183),
(93, 851, 'posiada', 8, 3184),
(106, 851, 'posiada', 9, 3185),
(127, 851, 'posiada', 9, 3186),
(109, 852, 'sprzedal', 6, 3187),
(122, 852, 'sprzedal', 8, 3188),
(5, 853, 'sprzedal', 7, 3189),
(14, 853, 'sprzedal', 9, 3190),
(85, 853, 'sprzedal', 7, 3191),
(29, 854, 'sprzedal', 9, 3192),
(44, 854, 'sprzedal', 9, 3193),
(73, 854, 'sprzedal', 8, 3194),
(101, 854, 'chce kupic', 6, 3195),
(109, 854, 'chce kupic', 10, 3196),
(131, 854, 'chce kupic', 6, 3197),
(50, 855, 'chce kupic', 6, 3198),
(71, 855, 'posiada', 7, 3199),
(15, 856, 'chce kupic', 7, 3200),
(21, 856, 'sprzedal', 7, 3201),
(46, 856, 'posiada', 9, 3202),
(60, 856, 'chce kupic', 9, 3203),
(96, 856, 'sprzedal', 8, 3204),
(109, 856, 'posiada', 7, 3205),
(40, 857, 'sprzedal', 9, 3206),
(63, 857, 'sprzedal', 9, 3207),
(76, 857, 'chce kupic', 8, 3208),
(126, 857, 'chce kupic', 8, 3209),
(12, 858, 'chce kupic', 8, 3210),
(69, 858, 'chce kupic', 6, 3211),
(13, 859, 'posiada', 9, 3212),
(111, 859, 'chce kupic', 7, 3213),
(113, 859, 'sprzedal', 10, 3214),
(35, 860, 'posiada', 6, 3215),
(90, 860, 'chce kupic', 6, 3216),
(40, 861, 'sprzedal', 9, 3217),
(48, 861, 'posiada', 7, 3218),
(53, 861, 'posiada', 10, 3219),
(69, 861, 'posiada', 8, 3220),
(74, 861, 'posiada', 10, 3221),
(89, 862, 'posiada', 10, 3222),
(109, 862, 'posiada', 6, 3223),
(117, 862, 'posiada', 6, 3224),
(126, 862, 'posiada', 9, 3225),
(27, 863, 'posiada', 8, 3226),
(42, 863, 'posiada', 9, 3227),
(121, 863, 'posiada', 9, 3228),
(20, 864, 'sprzedal', 9, 3229),
(22, 864, 'sprzedal', 8, 3230),
(24, 864, 'sprzedal', 9, 3231),
(98, 864, 'sprzedal', 8, 3232),
(107, 864, 'sprzedal', 6, 3233),
(124, 864, 'sprzedal', 6, 3234),
(127, 864, 'sprzedal', 10, 3235),
(15, 865, 'sprzedal', 6, 3236),
(21, 865, 'chce kupic', 10, 3237),
(33, 865, 'chce kupic', 6, 3238),
(63, 865, 'chce kupic', 10, 3239),
(75, 865, 'chce kupic', 9, 3240),
(89, 865, 'posiada', 7, 3241),
(124, 865, 'chce kupic', 6, 3242),
(30, 866, 'sprzedal', 7, 3243),
(43, 866, 'posiada', 8, 3244),
(50, 866, 'chce kupic', 6, 3245),
(65, 866, 'sprzedal', 7, 3246),
(75, 866, 'posiada', 10, 3247),
(3, 867, 'sprzedal', 9, 3248),
(5, 867, 'sprzedal', 10, 3249),
(37, 867, 'chce kupic', 8, 3250),
(44, 867, 'chce kupic', 7, 3251),
(107, 867, 'chce kupic', 9, 3252),
(111, 867, 'chce kupic', 10, 3253),
(119, 867, 'posiada', 6, 3254),
(29, 868, 'chce kupic', 6, 3255),
(31, 868, 'sprzedal', 6, 3256),
(42, 868, 'posiada', 9, 3257),
(50, 868, 'chce kupic', 10, 3258),
(63, 868, 'sprzedal', 7, 3259),
(81, 868, 'posiada', 6, 3260),
(127, 868, 'posiada', 9, 3261),
(12, 869, 'posiada', 10, 3262),
(15, 869, 'posiada', 8, 3263),
(24, 869, 'posiada', 10, 3264),
(87, 869, 'posiada', 10, 3265),
(53, 870, 'posiada', 9, 3266),
(77, 870, 'posiada', 6, 3267),
(111, 870, 'posiada', 9, 3268),
(129, 870, 'posiada', 6, 3269),
(12, 871, 'posiada', 8, 3270),
(34, 871, 'sprzedal', 8, 3271),
(44, 871, 'sprzedal', 6, 3272),
(54, 871, 'sprzedal', 7, 3273),
(130, 871, 'sprzedal', 6, 3274),
(78, 872, 'sprzedal', 10, 3275),
(83, 872, 'sprzedal', 10, 3276),
(103, 872, 'sprzedal', 6, 3277),
(120, 873, 'sprzedal', 10, 3278),
(29, 874, 'chce kupic', 8, 3279),
(55, 874, 'chce kupic', 6, 3280),
(85, 874, 'chce kupic', 10, 3281),
(104, 874, 'chce kupic', 10, 3282),
(107, 874, 'posiada', 10, 3283),
(10, 875, 'chce kupic', 9, 3284),
(19, 875, 'sprzedal', 9, 3285),
(48, 875, 'posiada', 10, 3286),
(73, 875, 'chce kupic', 8, 3287),
(123, 875, 'sprzedal', 7, 3288),
(23, 876, 'posiada', 8, 3289),
(109, 877, 'sprzedal', 9, 3290),
(32, 878, 'sprzedal', 9, 3291),
(109, 878, 'chce kupic', 10, 3292),
(54, 879, 'chce kupic', 10, 3293),
(67, 879, 'chce kupic', 10, 3294),
(69, 879, 'chce kupic', 9, 3295),
(71, 879, 'posiada', 10, 3296),
(9, 880, 'chce kupic', 6, 3297),
(34, 880, 'sprzedal', 6, 3298),
(104, 880, 'posiada', 7, 3299),
(34, 881, 'chce kupic', 9, 3300),
(101, 881, 'sprzedal', 10, 3301),
(117, 881, 'posiada', 2, 3302),
(3, 882, 'posiada', 4, 3303),
(5, 882, 'posiada', 6, 3304),
(92, 882, 'posiada', 5, 3305),
(124, 882, 'posiada', 5, 3306),
(49, 883, 'posiada', 2, 3307),
(62, 883, 'posiada', 10, 3308),
(74, 883, 'posiada', 2, 3309),
(105, 883, 'posiada', 6, 3310),
(118, 883, 'posiada', 8, 3311),
(12, 884, 'posiada', 9, 3312),
(21, 884, 'sprzedal', 6, 3313),
(7, 885, 'sprzedal', 5, 3314),
(35, 885, 'sprzedal', 6, 3315);
INSERT INTO `oceny` (`id_gry`, `id_gracza`, `stan`, `ocena`, `id_oceny`) VALUES
(118, 885, 'sprzedal', 9, 3316),
(126, 885, 'sprzedal', 7, 3317),
(32, 886, 'sprzedal', 5, 3318),
(114, 886, 'sprzedal', 9, 3319),
(9, 887, 'sprzedal', 6, 3320),
(53, 887, 'chce kupic', 9, 3321),
(8, 888, 'chce kupic', 6, 3322),
(63, 889, 'chce kupic', 8, 3323),
(68, 889, 'chce kupic', 10, 3324),
(1, 890, 'posiada', 5, 3325),
(5, 890, 'chce kupic', 5, 3326),
(15, 890, 'sprzedal', 10, 3327),
(58, 890, 'posiada', 8, 3328),
(69, 890, 'chce kupic', 8, 3329),
(82, 890, 'sprzedal', 10, 3330),
(102, 890, 'posiada', 8, 3331),
(111, 890, 'sprzedal', 10, 3332),
(77, 891, 'sprzedal', 9, 3333),
(82, 891, 'chce kupic', 6, 3334),
(16, 892, 'chce kupic', 6, 3335),
(30, 892, 'chce kupic', 10, 3336),
(119, 892, 'chce kupic', 5, 3337),
(62, 893, 'posiada', 9, 3338),
(101, 893, 'chce kupic', 5, 3339),
(4, 894, 'sprzedal', 7, 3340),
(31, 894, 'posiada', 7, 3341),
(43, 894, 'chce kupic', 8, 3342),
(83, 894, 'sprzedal', 9, 3343),
(97, 894, 'posiada', 5, 3344),
(129, 896, 'posiada', 8, 3345),
(18, 897, 'posiada', 7, 3346),
(44, 897, 'posiada', 7, 3347),
(82, 897, 'posiada', 7, 3348),
(4, 898, 'posiada', 10, 3349),
(21, 898, 'posiada', 8, 3350),
(27, 898, 'posiada', 5, 3351),
(28, 898, 'posiada', 7, 3352),
(37, 898, 'posiada', 9, 3353),
(57, 898, 'posiada', 9, 3354),
(77, 898, 'sprzedal', 8, 3355),
(82, 898, 'sprzedal', 7, 3356),
(19, 899, 'sprzedal', 9, 3357),
(24, 899, 'sprzedal', 5, 3358),
(25, 899, 'sprzedal', 10, 3359),
(37, 899, 'sprzedal', 6, 3360),
(49, 899, 'sprzedal', 9, 3361),
(118, 899, 'sprzedal', 8, 3362),
(77, 901, 'chce kupic', 9, 3363),
(89, 901, 'chce kupic', 5, 3364),
(120, 901, 'chce kupic', 5, 3365),
(15, 902, 'chce kupic', 6, 3366),
(27, 903, 'posiada', 10, 3367),
(31, 903, 'chce kupic', 5, 3368),
(41, 903, 'sprzedal', 7, 3369),
(71, 903, 'posiada', 5, 3370),
(4, 904, 'chce kupic', 7, 3371),
(49, 904, 'sprzedal', 6, 3372),
(60, 904, 'posiada', 10, 3373),
(82, 904, 'sprzedal', 8, 3374),
(111, 904, 'sprzedal', 9, 3375),
(123, 904, 'chce kupic', 6, 3376),
(44, 905, 'chce kupic', 5, 3377),
(79, 905, 'chce kupic', 9, 3378),
(83, 905, 'chce kupic', 6, 3379),
(3, 906, 'posiada', 6, 3380),
(33, 906, 'chce kupic', 8, 3381),
(59, 906, 'sprzedal', 5, 3382),
(71, 906, 'posiada', 6, 3383),
(82, 906, 'chce kupic', 9, 3384),
(10, 907, 'sprzedal', 10, 3385),
(32, 907, 'posiada', 8, 3386),
(52, 907, 'posiada', 5, 3387),
(120, 907, 'posiada', 10, 3388),
(5, 908, 'posiada', 9, 3389),
(21, 908, 'posiada', 6, 3390),
(48, 909, 'posiada', 10, 3391),
(68, 909, 'posiada', 10, 3392),
(87, 909, 'posiada', 7, 3393),
(121, 909, 'posiada', 7, 3394),
(6, 910, 'posiada', 5, 3395),
(8, 910, 'posiada', 7, 3396),
(11, 910, 'sprzedal', 7, 3397),
(39, 910, 'sprzedal', 9, 3398),
(114, 910, 'sprzedal', 7, 3399),
(6, 911, 'sprzedal', 10, 3400),
(13, 911, 'sprzedal', 10, 3401),
(61, 911, 'sprzedal', 9, 3402),
(24, 912, 'sprzedal', 6, 3403),
(54, 912, 'sprzedal', 7, 3404),
(97, 912, 'chce kupic', 9, 3405),
(13, 913, 'chce kupic', 5, 3406),
(21, 913, 'chce kupic', 10, 3407),
(31, 913, 'chce kupic', 7, 3408),
(37, 913, 'posiada', 6, 3409),
(64, 913, 'chce kupic', 5, 3410),
(84, 913, 'sprzedal', 10, 3411),
(97, 913, 'posiada', 6, 3412),
(119, 913, 'chce kupic', 7, 3413),
(126, 913, 'sprzedal', 7, 3414),
(129, 913, 'posiada', 9, 3415),
(7, 914, 'sprzedal', 6, 3416),
(84, 914, 'sprzedal', 8, 3417),
(98, 914, 'chce kupic', 9, 3418),
(1, 915, 'chce kupic', 8, 3419),
(18, 915, 'chce kupic', 5, 3420),
(29, 915, 'chce kupic', 8, 3421),
(54, 915, 'posiada', 7, 3422),
(35, 916, 'chce kupic', 6, 3423),
(95, 916, 'sprzedal', 6, 3424),
(19, 917, 'posiada', 7, 3425),
(99, 917, 'chce kupic', 6, 3426),
(89, 918, 'sprzedal', 8, 3427),
(103, 918, 'posiada', 9, 3428),
(9, 919, 'posiada', 8, 3429),
(12, 919, 'posiada', 10, 3430),
(59, 919, 'posiada', 5, 3431),
(81, 919, 'posiada', 7, 3432),
(100, 919, 'posiada', 9, 3433),
(102, 919, 'posiada', 7, 3434),
(115, 919, 'posiada', 8, 3435),
(8, 920, 'posiada', 7, 3436),
(17, 920, 'posiada', 9, 3437),
(32, 920, 'posiada', 8, 3438),
(73, 920, 'sprzedal', 7, 3439),
(80, 920, 'sprzedal', 6, 3440),
(23, 921, 'sprzedal', 10, 3441),
(41, 921, 'sprzedal', 9, 3442),
(44, 921, 'sprzedal', 9, 3443),
(72, 921, 'sprzedal', 7, 3444),
(10, 922, 'sprzedal', 9, 3445),
(21, 922, 'sprzedal', 5, 3446),
(41, 922, 'chce kupic', 7, 3447),
(78, 922, 'chce kupic', 8, 3448),
(93, 922, 'chce kupic', 9, 3449),
(113, 922, 'chce kupic', 7, 3450),
(1, 923, 'posiada', 6, 3451),
(16, 923, 'chce kupic', 9, 3452),
(51, 923, 'sprzedal', 10, 3453),
(86, 923, 'posiada', 5, 3454),
(125, 923, 'chce kupic', 7, 3455),
(3, 924, 'sprzedal', 9, 3456),
(13, 924, 'posiada', 8, 3457),
(63, 924, 'sprzedal', 8, 3458),
(68, 924, 'sprzedal', 7, 3459),
(73, 924, 'chce kupic', 7, 3460),
(75, 924, 'chce kupic', 5, 3461),
(79, 924, 'chce kupic', 8, 3462),
(97, 924, 'chce kupic', 10, 3463),
(116, 924, 'posiada', 9, 3464),
(121, 924, 'chce kupic', 6, 3465),
(18, 925, 'sprzedal', 6, 3466),
(37, 925, 'posiada', 6, 3467),
(47, 925, 'chce kupic', 6, 3468),
(68, 925, 'sprzedal', 5, 3469),
(118, 925, 'posiada', 10, 3470),
(18, 926, 'posiada', 5, 3471),
(20, 926, 'posiada', 10, 3472),
(29, 926, 'posiada', 8, 3473),
(41, 926, 'posiada', 7, 3474),
(78, 926, 'posiada', 7, 3475),
(23, 927, 'posiada', 6, 3476),
(110, 927, 'posiada', 6, 3477),
(65, 928, 'posiada', 5, 3478),
(96, 928, 'posiada', 8, 3479),
(107, 928, 'posiada', 6, 3480),
(119, 928, 'sprzedal', 6, 3481),
(123, 928, 'sprzedal', 10, 3482),
(59, 929, 'sprzedal', 10, 3483),
(82, 929, 'sprzedal', 9, 3484),
(115, 929, 'sprzedal', 9, 3485),
(120, 929, 'sprzedal', 9, 3486),
(31, 930, 'sprzedal', 10, 3487),
(109, 930, 'sprzedal', 5, 3488),
(4, 931, 'chce kupic', 8, 3489),
(39, 931, 'chce kupic', 5, 3490),
(50, 931, 'chce kupic', 8, 3491),
(123, 931, 'chce kupic', 6, 3492),
(1, 932, 'posiada', 7, 3493),
(14, 932, 'chce kupic', 8, 3494),
(16, 932, 'sprzedal', 8, 3495),
(65, 932, 'posiada', 7, 3496),
(114, 932, 'chce kupic', 6, 3497),
(120, 932, 'sprzedal', 7, 3498),
(125, 932, 'posiada', 9, 3499),
(15, 933, 'sprzedal', 8, 3500),
(20, 933, 'sprzedal', 10, 3501),
(38, 933, 'chce kupic', 9, 3502),
(48, 933, 'chce kupic', 7, 3503),
(72, 933, 'chce kupic', 7, 3504),
(89, 933, 'chce kupic', 9, 3505),
(22, 934, 'posiada', 7, 3506),
(66, 934, 'chce kupic', 10, 3507),
(99, 934, 'sprzedal', 7, 3508),
(94, 935, 'posiada', 10, 3509),
(96, 935, 'chce kupic', 9, 3510),
(111, 935, 'sprzedal', 7, 3511),
(28, 936, 'posiada', 8, 3512),
(40, 936, 'posiada', 9, 3513),
(46, 936, 'posiada', 9, 3514),
(109, 936, 'posiada', 7, 3515),
(18, 937, 'posiada', 5, 3516),
(20, 937, 'posiada', 6, 3517),
(31, 937, 'posiada', 8, 3518),
(34, 937, 'posiada', 10, 3519),
(64, 937, 'posiada', 10, 3520),
(97, 937, 'posiada', 6, 3521),
(112, 937, 'posiada', 10, 3522),
(22, 938, 'sprzedal', 7, 3523),
(55, 938, 'sprzedal', 9, 3524),
(64, 938, 'sprzedal', 7, 3525),
(74, 938, 'sprzedal', 9, 3526),
(103, 938, 'sprzedal', 8, 3527),
(23, 939, 'sprzedal', 7, 3528),
(46, 939, 'sprzedal', 7, 3529),
(74, 939, 'sprzedal', 5, 3530),
(124, 939, 'chce kupic', 9, 3531),
(126, 939, 'chce kupic', 7, 3532),
(113, 940, 'chce kupic', 5, 3533),
(26, 941, 'chce kupic', 7, 3534),
(85, 941, 'posiada', 7, 3535),
(118, 941, 'chce kupic', 5, 3536),
(122, 941, 'sprzedal', 8, 3537),
(127, 941, 'posiada', 8, 3538),
(129, 941, 'chce kupic', 5, 3539),
(1, 942, 'sprzedal', 6, 3540),
(33, 942, 'posiada', 8, 3541),
(46, 942, 'sprzedal', 6, 3542),
(52, 942, 'sprzedal', 10, 3543),
(94, 942, 'chce kupic', 5, 3544),
(3, 943, 'chce kupic', 10, 3545),
(47, 943, 'chce kupic', 9, 3546),
(106, 943, 'chce kupic', 6, 3547),
(109, 943, 'posiada', 6, 3548),
(118, 943, 'chce kupic', 9, 3549),
(83, 944, 'sprzedal', 10, 3550),
(100, 944, 'posiada', 5, 3551),
(129, 944, 'chce kupic', 5, 3552),
(29, 945, 'sprzedal', 8, 3553),
(27, 946, 'posiada', 10, 3554),
(31, 946, 'posiada', 5, 3555),
(65, 946, 'posiada', 5, 3556),
(85, 946, 'posiada', 5, 3557),
(111, 946, 'posiada', 7, 3558),
(31, 947, 'posiada', 10, 3559),
(48, 947, 'posiada', 6, 3560),
(59, 947, 'posiada', 10, 3561),
(73, 947, 'posiada', 9, 3562),
(80, 947, 'posiada', 7, 3563),
(8, 948, 'posiada', 8, 3564),
(59, 948, 'sprzedal', 10, 3565),
(26, 949, 'sprzedal', 10, 3566),
(27, 949, 'sprzedal', 9, 3567),
(38, 949, 'sprzedal', 7, 3568),
(82, 949, 'sprzedal', 6, 3569),
(122, 949, 'sprzedal', 9, 3570),
(12, 950, 'sprzedal', 7, 3571),
(31, 950, 'sprzedal', 6, 3572),
(42, 950, 'chce kupic', 10, 3573),
(58, 950, 'chce kupic', 8, 3574),
(62, 950, 'chce kupic', 10, 3575),
(91, 950, 'chce kupic', 9, 3576),
(113, 950, 'posiada', 6, 3577),
(49, 951, 'chce kupic', 6, 3578),
(51, 951, 'sprzedal', 6, 3579),
(81, 951, 'posiada', 9, 3580),
(24, 952, 'chce kupic', 8, 3581),
(58, 952, 'sprzedal', 9, 3582),
(88, 952, 'posiada', 6, 3583),
(93, 952, 'sprzedal', 7, 3584),
(24, 953, 'sprzedal', 8, 3585),
(57, 953, 'chce kupic', 8, 3586),
(85, 953, 'chce kupic', 8, 3587),
(4, 954, 'chce kupic', 9, 3588),
(21, 954, 'chce kupic', 6, 3589),
(108, 954, 'posiada', 6, 3590),
(127, 954, 'chce kupic', 10, 3591),
(88, 955, 'sprzedal', 6, 3592),
(22, 956, 'posiada', 7, 3593),
(35, 956, 'chce kupic', 6, 3594),
(67, 956, 'sprzedal', 8, 3595),
(100, 956, 'posiada', 10, 3596),
(125, 956, 'posiada', 10, 3597),
(30, 958, 'posiada', 5, 3598),
(58, 958, 'posiada', 5, 3599),
(129, 958, 'posiada', 5, 3600),
(104, 959, 'posiada', 9, 3601),
(111, 959, 'posiada', 6, 3602),
(6, 960, 'posiada', 7, 3603),
(10, 960, 'posiada', 6, 3604),
(14, 960, 'posiada', 5, 3605),
(48, 960, 'posiada', 5, 3606),
(55, 960, 'sprzedal', 9, 3607),
(60, 960, 'sprzedal', 6, 3608),
(93, 960, 'sprzedal', 7, 3609),
(6, 961, 'sprzedal', 5, 3610),
(27, 961, 'sprzedal', 10, 3611),
(38, 961, 'sprzedal', 8, 3612),
(44, 961, 'sprzedal', 9, 3613),
(46, 961, 'sprzedal', 5, 3614),
(17, 962, 'chce kupic', 7, 3615),
(44, 962, 'chce kupic', 5, 3616),
(95, 962, 'chce kupic', 7, 3617),
(127, 962, 'chce kupic', 6, 3618),
(83, 963, 'posiada', 9, 3619),
(89, 963, 'chce kupic', 10, 3620),
(4, 964, 'sprzedal', 6, 3621),
(10, 964, 'posiada', 6, 3622),
(19, 964, 'chce kupic', 9, 3623),
(21, 964, 'sprzedal', 8, 3624),
(59, 964, 'posiada', 8, 3625),
(67, 964, 'sprzedal', 10, 3626),
(97, 964, 'sprzedal', 8, 3627),
(103, 964, 'chce kupic', 7, 3628),
(15, 965, 'chce kupic', 8, 3629),
(26, 965, 'chce kupic', 6, 3630),
(113, 965, 'chce kupic', 5, 3631),
(115, 965, 'posiada', 8, 3632),
(126, 965, 'chce kupic', 10, 3633),
(73, 966, 'sprzedal', 7, 3634),
(81, 966, 'posiada', 9, 3635),
(130, 966, 'chce kupic', 10, 3636),
(5, 967, 'sprzedal', 5, 3637),
(21, 967, 'posiada', 9, 3638),
(75, 967, 'posiada', 7, 3639),
(82, 967, 'posiada', 7, 3640),
(107, 968, 'posiada', 6, 3641),
(28, 969, 'posiada', 10, 3642),
(118, 969, 'posiada', 5, 3643),
(2, 970, 'posiada', 7, 3644),
(29, 971, 'posiada', 10, 3645),
(58, 971, 'posiada', 9, 3646),
(59, 971, 'posiada', 7, 3647),
(103, 971, 'posiada', 7, 3648),
(130, 971, 'sprzedal', 9, 3649),
(13, 972, 'sprzedal', 6, 3650),
(14, 972, 'sprzedal', 5, 3651),
(36, 972, 'sprzedal', 5, 3652),
(121, 972, 'sprzedal', 6, 3653),
(95, 973, 'sprzedal', 9, 3654),
(114, 973, 'sprzedal', 5, 3655),
(15, 974, 'sprzedal', 8, 3656),
(21, 974, 'chce kupic', 8, 3657),
(58, 974, 'chce kupic', 5, 3658),
(80, 974, 'chce kupic', 7, 3659),
(93, 974, 'chce kupic', 5, 3660),
(26, 975, 'posiada', 8, 3661),
(76, 975, 'chce kupic', 8, 3662),
(83, 975, 'sprzedal', 9, 3663),
(118, 975, 'posiada', 10, 3664),
(125, 975, 'chce kupic', 8, 3665),
(45, 976, 'sprzedal', 5, 3666),
(54, 976, 'posiada', 8, 3667),
(112, 976, 'sprzedal', 9, 3668),
(52, 977, 'sprzedal', 9, 3669),
(14, 978, 'chce kupic', 6, 3670),
(67, 978, 'chce kupic', 6, 3671),
(68, 978, 'chce kupic', 6, 3672),
(4, 979, 'chce kupic', 5, 3673),
(42, 979, 'posiada', 7, 3674),
(69, 979, 'chce kupic', 7, 3675),
(95, 979, 'sprzedal', 9, 3676),
(18, 980, 'posiada', 6, 3677),
(70, 980, 'chce kupic', 8, 3678),
(86, 980, 'sprzedal', 8, 3679),
(102, 980, 'posiada', 8, 3680),
(104, 980, 'posiada', 10, 3681),
(33, 981, 'posiada', 9, 3682),
(48, 981, 'posiada', 9, 3683),
(80, 981, 'posiada', 9, 3684),
(86, 981, 'posiada', 8, 3685),
(90, 981, 'posiada', 9, 3686),
(96, 981, 'posiada', 9, 3687),
(114, 981, 'posiada', 8, 3688),
(121, 981, 'posiada', 10, 3689),
(127, 981, 'posiada', 9, 3690),
(6, 982, 'sprzedal', 10, 3691),
(54, 982, 'sprzedal', 8, 3692),
(85, 982, 'sprzedal', 5, 3693),
(26, 983, 'sprzedal', 8, 3694),
(46, 983, 'sprzedal', 7, 3695),
(109, 983, 'sprzedal', 7, 3696),
(23, 984, 'sprzedal', 9, 3697),
(42, 984, 'sprzedal', 7, 3698),
(65, 984, 'chce kupic', 9, 3699),
(103, 985, 'chce kupic', 10, 3700),
(120, 985, 'chce kupic', 8, 3701),
(55, 986, 'chce kupic', 9, 3702),
(57, 986, 'posiada', 7, 3703),
(78, 986, 'chce kupic', 6, 3704),
(97, 986, 'sprzedal', 5, 3705),
(2, 987, 'posiada', 10, 3706),
(13, 987, 'chce kupic', 7, 3707),
(44, 987, 'sprzedal', 10, 3708),
(51, 987, 'posiada', 6, 3709),
(100, 987, 'sprzedal', 10, 3710),
(104, 987, 'sprzedal', 8, 3711),
(124, 987, 'chce kupic', 8, 3712),
(112, 988, 'chce kupic', 10, 3713),
(41, 989, 'chce kupic', 9, 3714),
(53, 989, 'chce kupic', 7, 3715),
(68, 989, 'posiada', 8, 3716),
(75, 989, 'chce kupic', 9, 3717),
(103, 989, 'sprzedal', 5, 3718),
(106, 989, 'posiada', 8, 3719),
(4, 990, 'chce kupic', 5, 3720),
(33, 990, 'sprzedal', 10, 3721),
(29, 992, 'posiada', 10, 3722),
(31, 993, 'posiada', 7, 3723),
(69, 993, 'posiada', 5, 3724),
(126, 993, 'posiada', 8, 3725),
(130, 993, 'posiada', 7, 3726),
(11, 994, 'posiada', 9, 3727),
(16, 995, 'posiada', 8, 3728),
(23, 995, 'posiada', 10, 3729),
(86, 995, 'posiada', 8, 3730),
(131, 995, 'posiada', 7, 3731),
(24, 996, 'posiada', 8, 3732),
(56, 996, 'sprzedal', 7, 3733),
(57, 996, 'sprzedal', 8, 3734),
(116, 996, 'sprzedal', 9, 3735),
(14, 997, 'sprzedal', 5, 3736),
(58, 997, 'sprzedal', 10, 3737),
(76, 997, 'sprzedal', 9, 3738),
(15, 998, 'sprzedal', 7, 3739),
(19, 998, 'sprzedal', 10, 3740),
(43, 998, 'chce kupic', 8, 3741),
(61, 998, 'chce kupic', 10, 3742),
(65, 999, 'chce kupic', 8, 3743),
(81, 999, 'chce kupic', 9, 3744),
(101, 999, 'posiada', 8, 3745),
(121, 999, 'chce kupic', 10, 3746),
(124, 999, 'sprzedal', 8, 3747),
(126, 999, 'posiada', 7, 3748),
(1, 1000, 'chce kupic', 6, 3749),
(13, 1000, 'sprzedal', 5, 3750),
(24, 1000, 'posiada', 8, 3751),
(84, 1000, 'sprzedal', 9, 3752),
(130, 1000, 'sprzedal', 8, 3753),
(36, 1001, 'chce kupic', 9, 3754),
(43, 1001, 'chce kupic', 10, 3755),
(59, 1001, 'chce kupic', 6, 3756),
(76, 1001, 'chce kupic', 5, 3757),
(78, 1001, 'posiada', 8, 3758),
(99, 1001, 'chce kupic', 6, 3759),
(119, 1001, 'sprzedal', 7, 3760),
(129, 1001, 'posiada', 7, 3761),
(47, 1002, 'chce kupic', 6, 3762),
(123, 1002, 'sprzedal', 8, 3763),
(5, 1003, 'posiada', 5, 3764),
(24, 1003, 'posiada', 6, 3765),
(27, 1003, 'posiada', 10, 3766),
(104, 1003, 'posiada', 7, 3767),
(18, 1004, 'posiada', 7, 3768),
(26, 1004, 'posiada', 9, 3769),
(42, 1004, 'posiada', 9, 3770),
(59, 1004, 'posiada', 7, 3771),
(71, 1004, 'posiada', 6, 3772),
(72, 1004, 'posiada', 8, 3773),
(73, 1004, 'posiada', 10, 3774),
(98, 1004, 'sprzedal', 9, 3775),
(105, 1004, 'sprzedal', 7, 3776),
(50, 1005, 'sprzedal', 9, 3777),
(75, 1005, 'sprzedal', 8, 3778),
(106, 1005, 'sprzedal', 5, 3779),
(19, 1006, 'sprzedal', 7, 3780),
(38, 1006, 'sprzedal', 7, 3781),
(62, 1006, 'sprzedal', 9, 3782),
(74, 1006, 'chce kupic', 9, 3783),
(79, 1006, 'chce kupic', 10, 3784),
(89, 1006, 'chce kupic', 7, 3785),
(16, 1007, 'chce kupic', 6, 3786),
(25, 1007, 'posiada', 6, 3787),
(60, 1007, 'chce kupic', 7, 3788),
(108, 1007, 'sprzedal', 5, 3789),
(12, 1008, 'posiada', 10, 3790),
(33, 1008, 'chce kupic', 8, 3791),
(67, 1008, 'sprzedal', 8, 3792),
(85, 1008, 'posiada', 8, 3793),
(102, 1008, 'sprzedal', 10, 3794),
(12, 1009, 'sprzedal', 5, 3795),
(17, 1009, 'chce kupic', 9, 3796),
(56, 1009, 'chce kupic', 9, 3797),
(64, 1009, 'chce kupic', 9, 3798),
(85, 1009, 'chce kupic', 9, 3799),
(99, 1009, 'posiada', 6, 3800),
(9, 1010, 'chce kupic', 8, 3801),
(29, 1010, 'sprzedal', 6, 3802),
(56, 1010, 'posiada', 9, 3803),
(68, 1010, 'chce kupic', 5, 3804),
(100, 1010, 'sprzedal', 8, 3805),
(76, 1011, 'posiada', 7, 3806),
(97, 1011, 'posiada', 6, 3807),
(113, 1011, 'posiada', 9, 3808),
(120, 1011, 'posiada', 9, 3809),
(20, 1012, 'posiada', 5, 3810),
(33, 1012, 'posiada', 6, 3811),
(108, 1012, 'posiada', 6, 3812),
(114, 1012, 'posiada', 7, 3813),
(37, 1013, 'posiada', 9, 3814),
(117, 1013, 'posiada', 8, 3815),
(131, 1013, 'posiada', 9, 3816),
(6, 1014, 'sprzedal', 7, 3817),
(19, 1014, 'sprzedal', 8, 3818),
(31, 1014, 'sprzedal', 10, 3819),
(36, 1014, 'sprzedal', 6, 3820),
(48, 1014, 'sprzedal', 8, 3821),
(116, 1014, 'sprzedal', 6, 3822),
(118, 1014, 'sprzedal', 10, 3823),
(126, 1014, 'sprzedal', 5, 3824),
(1, 1015, 'chce kupic', 5, 3825),
(9, 1015, 'chce kupic', 9, 3826),
(46, 1015, 'chce kupic', 8, 3827),
(82, 1015, 'chce kupic', 8, 3828),
(92, 1015, 'posiada', 9, 3829),
(41, 1016, 'chce kupic', 9, 3830),
(43, 1016, 'sprzedal', 6, 3831),
(66, 1016, 'posiada', 7, 3832),
(7, 1017, 'chce kupic', 8, 3833),
(15, 1017, 'sprzedal', 7, 3834),
(18, 1017, 'posiada', 6, 3835),
(60, 1017, 'sprzedal', 6, 3836),
(78, 1017, 'sprzedal', 9, 3837),
(120, 1017, 'chce kupic', 9, 3838),
(4, 1018, 'chce kupic', 5, 3839),
(13, 1018, 'chce kupic', 9, 3840),
(19, 1018, 'chce kupic', 9, 3841),
(58, 1018, 'posiada', 8, 3842),
(112, 1018, 'chce kupic', 9, 3843),
(14, 1019, 'sprzedal', 9, 3844),
(40, 1019, 'posiada', 6, 3845),
(50, 1019, 'chce kupic', 8, 3846),
(97, 1019, 'sprzedal', 7, 3847),
(106, 1019, 'posiada', 9, 3848),
(40, 1020, 'posiada', 6, 3849),
(73, 1020, 'posiada', 8, 3850),
(79, 1020, 'posiada', 5, 3851),
(108, 1020, 'posiada', 5, 3852),
(58, 1021, 'posiada', 5, 3853),
(105, 1021, 'posiada', 7, 3854),
(108, 1021, 'posiada', 5, 3855),
(38, 1022, 'posiada', 6, 3856),
(65, 1022, 'posiada', 5, 3857),
(81, 1022, 'posiada', 5, 3858),
(82, 1022, 'sprzedal', 7, 3859),
(105, 1022, 'sprzedal', 6, 3860),
(116, 1022, 'sprzedal', 7, 3861),
(17, 1023, 'sprzedal', 9, 3862),
(19, 1023, 'sprzedal', 5, 3863),
(88, 1023, 'sprzedal', 10, 3864),
(95, 1023, 'sprzedal', 9, 3865),
(109, 1023, 'sprzedal', 8, 3866),
(125, 1023, 'chce kupic', 7, 3867),
(105, 1024, 'chce kupic', 5, 3868),
(3, 1025, 'chce kupic', 6, 3869),
(36, 1025, 'chce kupic', 10, 3870),
(79, 1026, 'posiada', 8, 3871),
(129, 1027, 'chce kupic', 6, 3872),
(30, 1028, 'sprzedal', 8, 3873),
(49, 1029, 'posiada', 10, 3874),
(88, 1029, 'chce kupic', 7, 3875),
(91, 1029, 'sprzedal', 6, 3876),
(96, 1029, 'posiada', 10, 3877),
(99, 1029, 'sprzedal', 5, 3878),
(61, 1030, 'sprzedal', 9, 3879),
(76, 1030, 'chce kupic', 9, 3880),
(83, 1030, 'chce kupic', 9, 3881),
(129, 1030, 'chce kupic', 10, 3882),
(105, 1031, 'chce kupic', 10, 3883),
(13, 1032, 'posiada', 10, 3884),
(75, 1032, 'chce kupic', 5, 3885),
(101, 1032, 'sprzedal', 9, 3886),
(125, 1032, 'posiada', 10, 3887),
(37, 1033, 'chce kupic', 8, 3888),
(60, 1033, 'sprzedal', 9, 3889),
(75, 1033, 'posiada', 7, 3890),
(93, 1033, 'posiada', 5, 3891),
(130, 1033, 'posiada', 5, 3892),
(1, 1034, 'posiada', 7, 3893),
(41, 1034, 'posiada', 5, 3894),
(46, 1034, 'posiada', 6, 3895),
(55, 1034, 'posiada', 6, 3896),
(114, 1034, 'posiada', 8, 3897),
(128, 1034, 'posiada', 8, 3898),
(10, 1035, 'posiada', 9, 3899),
(29, 1035, 'posiada', 8, 3900),
(36, 1036, 'sprzedal', 5, 3901),
(43, 1036, 'sprzedal', 5, 3902),
(66, 1036, 'sprzedal', 10, 3903),
(110, 1036, 'sprzedal', 7, 3904),
(19, 1037, 'sprzedal', 5, 3905),
(43, 1037, 'sprzedal', 8, 3906),
(55, 1037, 'sprzedal', 9, 3907),
(85, 1037, 'sprzedal', 8, 3908),
(114, 1037, 'chce kupic', 8, 3909),
(83, 1038, 'chce kupic', 7, 3910),
(94, 1038, 'chce kupic', 6, 3911),
(31, 1039, 'chce kupic', 9, 3912),
(45, 1039, 'posiada', 7, 3913),
(55, 1039, 'chce kupic', 5, 3914),
(15, 1040, 'sprzedal', 5, 3915),
(40, 1040, 'posiada', 8, 3916),
(63, 1040, 'chce kupic', 9, 3917),
(69, 1040, 'sprzedal', 6, 3918),
(28, 1041, 'posiada', 7, 3919),
(51, 1041, 'sprzedal', 10, 3920),
(70, 1041, 'sprzedal', 10, 3921);

--
-- Indexes for dumped tables
--

--
-- Indexes for table `gracze`
--
ALTER TABLE `gracze`
  ADD PRIMARY KEY (`id_gracza`);

--
-- Indexes for table `gry`
--
ALTER TABLE `gry`
  ADD PRIMARY KEY (`id_gry`);

--
-- Indexes for table `oceny`
--
ALTER TABLE `oceny`
  ADD PRIMARY KEY (`id_oceny`),
  ADD KEY `id_gry` (`id_gry`),
  ADD KEY `id_gracza` (`id_gracza`);

--
-- AUTO_INCREMENT for dumped tables
--

--
-- AUTO_INCREMENT for table `oceny`
--
ALTER TABLE `oceny`
  MODIFY `id_oceny` int(11) NOT NULL AUTO_INCREMENT, AUTO_INCREMENT=4096;
COMMIT;

/*!40101 SET CHARACTER_SET_CLIENT=@OLD_CHARACTER_SET_CLIENT */;
/*!40101 SET CHARACTER_SET_RESULTS=@OLD_CHARACTER_SET_RESULTS */;
/*!40101 SET COLLATION_CONNECTION=@OLD_COLLATION_CONNECTION */;
