-- phpMyAdmin SQL Dump
-- version 5.2.1
-- https://www.phpmyadmin.net/
--
-- Host: localhost
-- Generation Time: Feb 23, 2025 at 12:44 AM
-- Server version: 10.4.28-MariaDB
-- PHP Version: 8.2.4

SET SQL_MODE = "NO_AUTO_VALUE_ON_ZERO";
START TRANSACTION;
SET time_zone = "+00:00";


/*!40101 SET @OLD_CHARACTER_SET_CLIENT=@@CHARACTER_SET_CLIENT */;
/*!40101 SET @OLD_CHARACTER_SET_RESULTS=@@CHARACTER_SET_RESULTS */;
/*!40101 SET @OLD_COLLATION_CONNECTION=@@COLLATION_CONNECTION */;
/*!40101 SET NAMES utf8mb4 */;

--
-- Database: `formula2015czerwiec2018`
--

-- --------------------------------------------------------

--
-- Table structure for table `ceny_za_dobe`
--

CREATE TABLE `ceny_za_dobe` (
  `Klasa` varchar(255) NOT NULL,
  `Cena` int(11) NOT NULL
) ENGINE=InnoDB DEFAULT CHARSET=utf8mb4 COLLATE=utf8mb4_polish_ci;

--
-- Dumping data for table `ceny_za_dobe`
--

INSERT INTO `ceny_za_dobe` (`Klasa`, `Cena`) VALUES
('B', 80),
('C', 140),
('D', 210);

-- --------------------------------------------------------

--
-- Table structure for table `klienci`
--

CREATE TABLE `klienci` (
  `Nr_klienta` int(11) NOT NULL,
  `Imie` varchar(255) NOT NULL,
  `Nazwisko` varchar(255) NOT NULL
) ENGINE=InnoDB DEFAULT CHARSET=utf8mb4 COLLATE=utf8mb4_polish_ci;

--
-- Dumping data for table `klienci`
--

INSERT INTO `klienci` (`Nr_klienta`, `Imie`, `Nazwisko`) VALUES
(123100, 'Aafja', 'Bdbacka'),
(123101, 'Aaricia', 'Bbbacka'),
(123102, 'Aaricia', 'Zgbacka'),
(123103, 'Abelia', 'Pebacka'),
(123104, 'Abia', 'Eabacka'),
(123105, 'Abia', 'Lebacka'),
(123106, 'Abira', 'Babacka'),
(123107, 'Abira', 'Lcbacka'),
(123108, 'Abira', 'Ygbacka'),
(123109, 'Abira', 'Mhbacka'),
(123110, 'Acelin', 'Dbbacki'),
(123111, 'Acelin', 'Udbacki'),
(123112, 'Adamma', 'Ggbacka'),
(123113, 'Adelisa', 'Ofbacka'),
(123114, 'Adelisa', 'Kgbacka'),
(123115, 'Adhita', 'Gfbacka'),
(123116, 'Adra', 'Mcbacka'),
(123117, 'Adra', 'Afbacka'),
(123118, 'Adra', 'Nhbacka'),
(123119, 'Aida', 'Mgbacka'),
(123120, 'Amon', 'Fabacki'),
(123121, 'Amon', 'Uebacki'),
(123122, 'Amon', 'Zfbacki'),
(123123, 'Ampara', 'Labacka'),
(123124, 'Ampara', 'Lfbacka'),
(123125, 'Anizja', 'Rabacka'),
(123126, 'Anizja', 'Obbacka'),
(123127, 'Anizja', 'Hbbacka'),
(123128, 'Antonia', 'Ubbacka'),
(123129, 'Arabela', 'Dfbacka'),
(123130, 'Arabela', 'Ohbacka'),
(123131, 'Areta', 'Kbbacka'),
(123132, 'Areta', 'Kfbacka'),
(123133, 'Arian', 'Jcbacki'),
(123134, 'Arian', 'Cfbacki'),
(123135, 'Arlena', 'Odbacka'),
(123136, 'Armida', 'Kabacka'),
(123137, 'Symplicjusz', 'Cabacki'),
(123138, 'Symplicjusz', 'Yabacki'),
(123139, 'Stefan', 'Wcbacki'),
(123140, 'Apostazja', 'Sgbacka'),
(123141, 'Badulf', 'Cbbacki'),
(123142, 'Badulf', 'Hgbacki'),
(123143, 'Krystyna', 'Fgbacka'),
(123144, 'Benicjusz', 'Tebacki'),
(123145, 'Bianor', 'Ucbacki'),
(123146, 'Bianor', 'Jgbacki'),
(123147, 'Biryn', 'Habacki'),
(123148, 'Linus', 'Rbbacki'),
(123149, 'Kalikst', 'Mbbacki'),
(123150, 'Eufrozyna', 'Bfbacka'),
(123151, 'Boromeusz', 'Tcbacki'),
(123152, 'Borys', 'Jabacki'),
(123153, 'Bulat', 'Acbacki'),
(123154, 'Bulat', 'Kucbacki'),
(123155, 'Bulat', 'Jhbacki'),
(123156, 'Cyrenia', 'Abbacka'),
(123157, 'Dafroza', 'Dcbacka'),
(123158, 'Darlena', 'Aebacka'),
(123159, 'Dobroslawa', 'Eebacka'),
(123160, 'Edda', 'Sbbacka'),
(123161, 'Edda', 'Hebacka'),
(123162, 'Elifia', 'Dabacka'),
(123163, 'Elifiusz', 'Gabacki'),
(123164, 'Elifiusz', 'Hdbacki'),
(123165, 'Elifiusz', 'Rhbacki'),
(123166, 'Eufrozyna', 'Edbacka'),
(123167, 'Ezio', 'Zhbacki'),
(123168, 'Faina', 'Ldbacka'),
(123169, 'Faina', 'Cgbacka'),
(123170, 'Faina', 'Egbacka'),
(123171, 'Felin', 'Ogbacki'),
(123172, 'Felin', 'Pgbacki'),
(123173, 'Felin', 'Ugbacki'),
(123174, 'Felin', 'Hhbacki'),
(123175, 'Fidol', 'Jbbacki'),
(123176, 'Fidol', 'Ybbacki'),
(123177, 'Fidol', 'Lbbacki'),
(123178, 'Fido', 'Febacki'),
(123179, 'Fiebroslaw', 'Fdbacki'),
(123180, 'Fiebroslaw', 'Ffbacki'),
(123181, 'Filip Neriusz', 'Ubbacki'),
(123182, 'FilipNeriusz', 'Ycbacki'),
(123183, 'Franciszek Ksawery', 'Idbacki'),
(123184, 'Franciszek Ksawery', 'Dgbacki'),
(123185, 'Franciszek Ksawery', 'Ehbacki'),
(123186, 'Galezy', 'Pbbacki'),
(123187, 'Galezy', 'Nbbacki'),
(123188, 'Galezy', 'Ihbacki'),
(123189, 'Gaston', 'Mfbacki'),
(123190, 'Gaston', 'Igbacki'),
(123191, 'Genowefa', 'Ddbacka'),
(123192, 'Georgina', 'Hbbacka'),
(123193, 'Gleb', 'Kbbacki'),
(123194, 'Gonsalwy', 'Ydbacki'),
(123195, 'Gonsalwy', 'Ufbacki'),
(123196, 'Gustaw', 'Gbbacki'),
(123197, 'Herweusz', 'Kebacki'),
(123198, 'Herweusz', 'Uhbacki'),
(123199, 'Herweusz', 'Yhbacki'),
(123200, 'Ilayla', 'Phbacka'),
(123201, 'Ilona', 'Zbbacka'),
(123202, 'Ilona', 'Sdbacka'),
(123203, 'Scholastyka', 'Mbbacka'),
(123204, 'Irydion', 'Ecbacki'),
(123205, 'Jagoda', 'Ibbacka'),
(123206, 'Jan Chrystian', 'Tbbacki'),
(123207, 'Jan Gwalbert', 'Bebacki'),
(123208, 'Jan Gwalbert', 'Thbacki'),
(123209, 'Jan Kanty', 'Tabacki'),
(123210, 'Jan Kanty', 'Cbbacki'),
(123211, 'Jan Kanty', 'Ibbacki'),
(123212, 'Jan Kanty', 'Wdbacki'),
(123213, 'Jan Nepomucen', 'Mabacki'),
(123214, 'Jan Nepomucen', 'Obbacki'),
(123215, 'Jan Nepomucen', 'Wbbacki'),
(123216, 'Jan Nepomucen', 'Gebacki'),
(123217, 'Jan Nepomucen', 'Yfbacki'),
(123218, 'Jelena', 'Nebacka'),
(123219, 'Jesyka', 'Uabacka'),
(123220, 'Jurata', 'Ghbacka'),
(123221, 'Kalina', 'Jdbacka'),
(123222, 'Kanizja', 'Iabacka'),
(123223, 'Kanizja', 'Nabacka'),
(123224, 'Kanizja', 'Zebacka'),
(123225, 'Kanizjusz', 'Debacki'),
(123226, 'Karina', 'Zbbacka'),
(123227, 'Karina', 'Rfbacka'),
(123228, 'Karina', 'Dhbacka'),
(123229, 'Klet', 'Zabacki'),
(123230, 'Klet', 'Scbacki'),
(123231, 'Klet', 'Webacki'),
(123232, 'Klet', 'Tgbacki'),
(123233, 'Kordian', 'Ocbacki'),
(123234, 'Kordian', 'Shbacki'),
(123235, 'Ksawera', 'Gdbacka'),
(123236, 'Ksawera', 'Rdbacka'),
(123237, 'Ksawera', 'Wfbacka'),
(123238, 'Ksawery', 'Fbbacki'),
(123239, 'Ksawery', 'Whbacki'),
(123240, 'Ksaweryna', 'Oabacka'),
(123241, 'Ksaweryna', 'Lgbacka'),
(123242, 'Kwiteria', 'Pbbacka'),
(123243, 'Leodegar', 'Chbacki'),
(123244, 'Leokadia', 'Gcbacka'),
(123245, 'Leokadia', 'Bhbacka'),
(123246, 'Liboriusz', 'Mdbacki'),
(123247, 'Linda', 'Wbbacka'),
(123248, 'Linda', 'Bgbacka'),
(123249, 'Linus', 'Jbbacki'),
(123250, 'Linus', 'Rgbacki'),
(123251, 'Litawor', 'Rebacki'),
(123252, 'Marcislaw', 'Abbacki'),
(123253, 'Marcislaw', 'Cebacki'),
(123254, 'Marcislaw', 'Fhbacki'),
(123255, 'Marzanna', 'Kcbacka'),
(123256, 'Marzanna', 'Lhbacka'),
(123257, 'Mowsar', 'Pabacki'),
(123258, 'Mowsar', 'Sbbacki'),
(123259, 'Natalia', 'Nfbacka'),
(123260, 'Naomhan', 'Ahbacki'),
(123261, 'Nela', 'Aabacka'),
(123262, 'Nela', 'Rcbacka'),
(123263, 'Nina', 'Rbbacka'),
(123264, 'Ninian', 'Sfbacki'),
(123265, 'Norma', 'Ebbacka'),
(123266, 'Norma', 'Adbacka'),
(123267, 'Nunilona', 'Bcbacka'),
(123268, 'Oriana', 'Efbacka'),
(123269, 'Pafnucy', 'Agbacki'),
(123270, 'Paloma', 'Bbbacka'),
(123271, 'Plautylla', 'Sabacka'),
(123272, 'Plautylla', 'Wabacka'),
(123273, 'Plautylla', 'Ndbacka'),
(123274, 'Plautylla', 'Hfbacka'),
(123275, 'Polian', 'Ccbacki'),
(123276, 'Poliana', 'Wgbacka'),
(123277, 'Ramzes', 'Hcbacki'),
(123278, 'Roma', 'Khbacka'),
(123279, 'Ryta', 'PNbbacka'),
(123280, 'Salwina', 'Zcbacka'),
(123281, 'Samanta', 'Sebacka'),
(123282, 'Sandra', 'Ybbacka'),
(123283, 'Sandra', 'Pcbacka'),
(123284, 'Serapia', 'Tbbacka'),
(123285, 'Serapia', 'Kdbacka'),
(123286, 'Symplicja', 'Dbbacka'),
(123287, 'Symplicja', 'Icbacka'),
(123288, 'Symplicja', 'Ifbacka'),
(123289, 'Symplicjusz', 'Ngbacki'),
(123290, 'Tina', 'Pfbacka'),
(123291, 'Tupak', 'Fcbacki'),
(123292, 'Uma', 'Zdbacka'),
(123293, 'Urho', 'Ebbacki'),
(123294, 'Wadim', 'Fbbacki'),
(123295, 'Wadim', 'Tdbacki'),
(123296, 'Wanesa', 'Lbbacka'),
(123297, 'Wanesa', 'Gbbacka'),
(123298, 'Wanesa', 'Mebacka'),
(123299, 'Wawrzyniec', 'Cdbacki'),
(123300, 'Wawrzyniec', 'Oebacki'),
(123301, 'Wawrzyniec', 'Jfbacki'),
(123302, 'Wawrzyniec', 'Tfbacki'),
(123303, 'Wioleta', 'Pdbacka');

-- --------------------------------------------------------

--
-- Table structure for table `samochody`
--

CREATE TABLE `samochody` (
  `Nr_ew` int(11) NOT NULL,
  `Nr_firmowy` varchar(255) NOT NULL,
  `Miejscowosc` varchar(255) NOT NULL,
  `Nr_rej` varchar(255) NOT NULL
) ENGINE=InnoDB DEFAULT CHARSET=utf8mb4 COLLATE=utf8mb4_polish_ci;

--
-- Dumping data for table `samochody`
--

INSERT INTO `samochody` (`Nr_ew`, `Nr_firmowy`, `Miejscowosc`, `Nr_rej`) VALUES
(1001, 'B136', 'Aniolkowo', 'AN1218'),
(1002, 'B144', 'Aniolkowo', 'AN1210'),
(1003, 'B164', 'Aniolkowo', 'AN1190'),
(1004, 'B165', 'Aniolkowo', 'AN1189'),
(1005, 'B208', 'Aniolkowo', 'AN1146'),
(1006, 'B22', 'Aniolkowo', 'AN1332'),
(1007, 'B229', 'Aniolkowo', 'AN1125'),
(1008, 'B233', 'Aniolkowo', 'AN1121'),
(1009, 'B266', 'Aniolkowo', 'AN1088'),
(1010, 'B285', 'Aniolkowo', 'AN1069'),
(1011, 'B288', 'Aniolkowo', 'AN1066'),
(1012, 'B30', 'Aniolkowo', 'AN1324'),
(1013, 'B303', 'Aniolkowo', 'AN1051'),
(1014, 'B305', 'Aniolkowo', 'AN1049'),
(1015, 'B319', 'Aniolkowo', 'AN1035'),
(1016, 'B340', 'Aniolkowo', 'AN1014'),
(1017, 'B40', 'Aniolkowo', 'AN1314'),
(1018, 'B49', 'Aniolkowo', 'AN1305'),
(1019, 'B60', 'Aniolkowo', 'AN1294'),
(1020, 'B87', 'Aniolkowo', 'AN1267'),
(1021, 'C110', 'Aniolkowo', 'AN1244'),
(1022, 'C111', 'Aniolkowo', 'AN1243'),
(1023, 'C12', 'Aniolkowo', 'AN1342'),
(1024, 'C18', 'Aniolkowo', 'AN1336'),
(1025, 'C282', 'Aniolkowo', 'AN1072'),
(1026, 'C293', 'Aniolkowo', 'AN1061'),
(1027, 'C36', 'Aniolkowo', 'AN1318'),
(1028, 'C53', 'Aniolkowo', 'AN1301'),
(1029, 'C86', 'Aniolkowo', 'AN1268'),
(1030, 'D130', 'Aniolkowo', 'AN1224'),
(1031, 'D148', 'Aniolkowo', 'AN1206'),
(1032, 'D183', 'Aniolkowo', 'AN1171'),
(1033, 'D211', 'Aniolkowo', 'AN1143'),
(1034, 'D220', 'Aniolkowo', 'AN1134'),
(1035, 'D245', 'Aniolkowo', 'AN1109'),
(1036, 'D260', 'Aniolkowo', 'AN1094'),
(1037, 'D278', 'Aniolkowo', 'AN1076'),
(1038, 'D304', 'Aniolkowo', 'AN1050'),
(1039, 'D325', 'Aniolkowo', 'AN1029'),
(1040, 'D81', 'Aniolkowo', 'AN1273'),
(1041, 'B109', 'Manipulatowo', 'MA1245'),
(1042, 'B135', 'Manipulatowo', 'MA1219'),
(1043, 'B138', 'Manipulatowo', 'MA1216'),
(1044, 'B140', 'Manipulatowo', 'MA1214'),
(1045, 'B142', 'Manipulatowo', 'MA1212'),
(1046, 'B146', 'Manipulatowo', 'MA1208'),
(1047, 'B158', 'Manipulatowo', 'MA1196'),
(1048, 'B16', 'Manipulatowo', 'MA1338'),
(1049, 'B160', 'Manipulatowo', 'MA1194'),
(1050, 'B170', 'Manipulatowo', 'MA1184'),
(1051, 'B171', 'Manipulatowo', 'MA1183'),
(1052, 'B203', 'Manipulatowo', 'MA1151'),
(1053, 'B205', 'Manipulatowo', 'MA1149'),
(1054, 'B210', 'Manipulatowo', 'MA1144'),
(1055, 'B215', 'Manipulatowo', 'MA1139'),
(1056, 'B217', 'Manipulatowo', 'MA1137'),
(1057, 'B226', 'Manipulatowo', 'MA1128'),
(1058, 'B23', 'Manipulatowo', 'MA1331'),
(1059, 'B234', 'Manipulatowo', 'MA1120'),
(1060, 'B235', 'Manipulatowo', 'MA1119'),
(1061, 'B242', 'Manipulatowo', 'MA1112'),
(1062, 'B247', 'Manipulatowo', 'MA1107'),
(1063, 'B25', 'Manipulatowo', 'MA1329'),
(1064, 'B253', 'Manipulatowo', 'MA1101'),
(1065, 'B255', 'Manipulatowo', 'MA1099'),
(1066, 'B26', 'Manipulatowo', 'MA1328'),
(1067, 'B263', 'Manipulatowo', 'MA1091'),
(1068, 'B269', 'Manipulatowo', 'MA1085'),
(1069, 'B275', 'Manipulatowo', 'MA1079'),
(1070, 'B28', 'Manipulatowo', 'MA1326'),
(1071, 'B286', 'Manipulatowo', 'MA1068'),
(1072, 'B295', 'Manipulatowo', 'MA1059'),
(1073, 'B296', 'Manipulatowo', 'MA1058'),
(1074, 'B299', 'Manipulatowo', 'MA1055'),
(1075, 'B301', 'Manipulatowo', 'MA1053'),
(1076, 'B318', 'Manipulatowo', 'MA1036'),
(1077, 'B329', 'Manipulatowo', 'MA1025'),
(1078, 'B343', 'Manipulatowo', 'MA1011'),
(1079, 'B349', 'Manipulatowo', 'MA1005'),
(1080, 'B350', 'Manipulatowo', 'MA1004'),
(1081, 'B352', 'Manipulatowo', 'MA1002'),
(1082, 'B37', 'Manipulatowo', 'MA1317'),
(1083, 'B5', 'Manipulatowo', 'MA1349'),
(1084, 'B50', 'Manipulatowo', 'MA1304'),
(1085, 'B54', 'Manipulatowo', 'MA1300'),
(1086, 'B7', 'Manipulatowo', 'MA1347'),
(1087, 'B84', 'Manipulatowo', 'MA1270'),
(1088, 'B93', 'Manipulatowo', 'MA1261'),
(1089, 'B96', 'Manipulatowo', 'MA1258'),
(1090, 'C1', 'Manipulatowo', 'MA1353'),
(1091, 'C112', 'Manipulatowo', 'MA1242'),
(1092, 'C133', 'Manipulatowo', 'MA1221'),
(1093, 'C134', 'Manipulatowo', 'MA1220'),
(1094, 'C172', 'Manipulatowo', 'MA1182'),
(1095, 'C181', 'Manipulatowo', 'MA1173'),
(1096, 'C191', 'Manipulatowo', 'MA1163'),
(1097, 'C199', 'Manipulatowo', 'MA1155'),
(1098, 'C207', 'Manipulatowo', 'MA1147'),
(1099, 'C218', 'Manipulatowo', 'MA1136'),
(1100, 'C225', 'Manipulatowo', 'MA1129'),
(1101, 'C240', 'Manipulatowo', 'MA1114'),
(1102, 'C250', 'Manipulatowo', 'MA1104'),
(1103, 'C259', 'Manipulatowo', 'MA1095'),
(1104, 'C287', 'Manipulatowo', 'MA1067'),
(1105, 'C291', 'Manipulatowo', 'MA1063'),
(1106, 'C308', 'Manipulatowo', 'MA1046'),
(1107, 'C341', 'Manipulatowo', 'MA1013'),
(1108, 'C342', 'Manipulatowo', 'MA1012'),
(1109, 'C344', 'Manipulatowo', 'MA1010'),
(1110, 'C59', 'Manipulatowo', 'MA1295'),
(1111, 'C70', 'Manipulatowo', 'MA1284'),
(1112, 'D118', 'Manipulatowo', 'MA1236'),
(1113, 'D125', 'Manipulatowo', 'MA1229'),
(1114, 'D127', 'Manipulatowo', 'MA1227'),
(1115, 'D161', 'Manipulatowo', 'MA1193'),
(1116, 'D168', 'Manipulatowo', 'MA1186'),
(1117, 'D173', 'Manipulatowo', 'MA1181'),
(1118, 'D177', 'Manipulatowo', 'MA1177'),
(1119, 'D21', 'Manipulatowo', 'MA1333'),
(1120, 'D214', 'Manipulatowo', 'MA1140'),
(1121, 'D264', 'Manipulatowo', 'MA1090'),
(1122, 'D273', 'Manipulatowo', 'MA1081'),
(1123, 'D309', 'Manipulatowo', 'MA1045'),
(1124, 'D311', 'Manipulatowo', 'MA1043'),
(1125, 'D327', 'Manipulatowo', 'MA1027'),
(1126, 'D345', 'Manipulatowo', 'MA1009'),
(1127, 'D346', 'Manipulatowo', 'MA1008'),
(1128, 'D353', 'Manipulatowo', 'MA1001'),
(1129, 'D38', 'Manipulatowo', 'MA1316'),
(1130, 'D58', 'Manipulatowo', 'MA1296'),
(1131, 'D67', 'Manipulatowo', 'MA1287'),
(1132, 'D71', 'Manipulatowo', 'MA1283'),
(1133, 'D73', 'Manipulatowo', 'MA1281'),
(1134, 'D9', 'Manipulatowo', 'MA1345'),
(1135, 'B106', 'Nieszczerzyn', 'NI1248'),
(1136, 'B114', 'Nieszczerzyn', 'NI1240'),
(1137, 'B128', 'Nieszczerzyn', 'NI1226'),
(1138, 'B132', 'Nieszczerzyn', 'NI1222'),
(1139, 'B14', 'Nieszczerzyn', 'NI1340'),
(1140, 'B149', 'Nieszczerzyn', 'NI1205'),
(1141, 'B178', 'Nieszczerzyn', 'NI1176'),
(1142, 'B193', 'Nieszczerzyn', 'NI1161'),
(1143, 'B20', 'Nieszczerzyn', 'NI1334'),
(1144, 'B200', 'Nieszczerzyn', 'NI1154'),
(1145, 'B213', 'Nieszczerzyn', 'NI1141'),
(1146, 'B227', 'Nieszczerzyn', 'NI1127'),
(1147, 'B243', 'Nieszczerzyn', 'NI1111'),
(1148, 'B246', 'Nieszczerzyn', 'NI1108'),
(1149, 'B270', 'Nieszczerzyn', 'NI1084'),
(1150, 'B281', 'Nieszczerzyn', 'NI1073'),
(1151, 'B283', 'Nieszczerzyn', 'NI1071'),
(1152, 'B297', 'Nieszczerzyn', 'NI1057'),
(1153, 'B31', 'Nieszczerzyn', 'NI1323'),
(1154, 'B338', 'Nieszczerzyn', 'NI1016'),
(1155, 'B39', 'Nieszczerzyn', 'NI1315'),
(1156, 'B41', 'Nieszczerzyn', 'NI1313'),
(1157, 'B51', 'Nieszczerzyn', 'NI1303'),
(1158, 'B63', 'Nieszczerzyn', 'NI1291'),
(1159, 'B78', 'Nieszczerzyn', 'NI1276'),
(1160, 'B94', 'Nieszczerzyn', 'NI1260'),
(1161, 'B98', 'Nieszczerzyn', 'NI1256'),
(1162, 'C115', 'Nieszczerzyn', 'NI1239'),
(1163, 'C119', 'Nieszczerzyn', 'NI1235'),
(1164, 'C131', 'Nieszczerzyn', 'NI1223'),
(1165, 'C151', 'Nieszczerzyn', 'NI1203'),
(1166, 'C157', 'Nieszczerzyn', 'NI1197'),
(1167, 'C185', 'Nieszczerzyn', 'NI1169'),
(1168, 'C195', 'Nieszczerzyn', 'NI1159'),
(1169, 'C258', 'Nieszczerzyn', 'NI1096'),
(1170, 'C265', 'Nieszczerzyn', 'NI1089'),
(1171, 'C294', 'Nieszczerzyn', 'NI1060'),
(1172, 'C298', 'Nieszczerzyn', 'NI1056'),
(1173, 'C310', 'Nieszczerzyn', 'NI1044'),
(1174, 'C322', 'Nieszczerzyn', 'NI1032'),
(1175, 'C330', 'Nieszczerzyn', 'NI1024'),
(1176, 'C331', 'Nieszczerzyn', 'NI1023'),
(1177, 'C61', 'Nieszczerzyn', 'NI1293'),
(1178, 'C77', 'Nieszczerzyn', 'NI1277'),
(1179, 'C95', 'Nieszczerzyn', 'NI1259'),
(1180, 'D117', 'Nieszczerzyn', 'NI1237'),
(1181, 'D129', 'Nieszczerzyn', 'NI1225'),
(1182, 'D143', 'Nieszczerzyn', 'NI1211'),
(1183, 'D15', 'Nieszczerzyn', 'NI1339'),
(1184, 'D17', 'Nieszczerzyn', 'NI1337'),
(1185, 'D188', 'Nieszczerzyn', 'NI1166'),
(1186, 'D192', 'Nieszczerzyn', 'NI1162'),
(1187, 'D251', 'Nieszczerzyn', 'NI1103'),
(1188, 'D27', 'Nieszczerzyn', 'NI1327'),
(1189, 'D274', 'Nieszczerzyn', 'NI1080'),
(1190, 'D44', 'Nieszczerzyn', 'NI1310'),
(1191, 'D75', 'Nieszczerzyn', 'NI1279'),
(1192, 'B121', 'Piarowa', 'PI1233'),
(1193, 'B126', 'Piarowa', 'PI1228'),
(1194, 'B141', 'Piarowa', 'PI1213'),
(1195, 'B145', 'Piarowa', 'PI1209'),
(1196, 'B154', 'Piarowa', 'PI1200'),
(1197, 'B156', 'Piarowa', 'PI1198'),
(1198, 'B166', 'Piarowa', 'PI1188'),
(1199, 'B167', 'Piarowa', 'PI1187'),
(1200, 'B182', 'Piarowa', 'PI1172'),
(1201, 'B19', 'Piarowa', 'PI1335'),
(1202, 'B196', 'Piarowa', 'PI1158'),
(1203, 'B201', 'Piarowa', 'PI1153'),
(1204, 'B212', 'Piarowa', 'PI1142'),
(1205, 'B222', 'Piarowa', 'PI1132'),
(1206, 'B223', 'Piarowa', 'PI1131'),
(1207, 'B224', 'Piarowa', 'PI1130'),
(1208, 'B239', 'Piarowa', 'PI1115'),
(1209, 'B254', 'Piarowa', 'PI1100'),
(1210, 'B256', 'Piarowa', 'PI1098'),
(1211, 'B277', 'Piarowa', 'PI1077'),
(1212, 'B306', 'Piarowa', 'PI1048'),
(1213, 'B323', 'Piarowa', 'PI1031'),
(1214, 'B334', 'Piarowa', 'PI1020'),
(1215, 'B335', 'Piarowa', 'PI1019'),
(1216, 'B336', 'Piarowa', 'PI1018'),
(1217, 'B347', 'Piarowa', 'PI1007'),
(1218, 'B43', 'Piarowa', 'PI1311'),
(1219, 'B46', 'Piarowa', 'PI1308'),
(1220, 'B85', 'Piarowa', 'PI1269'),
(1221, 'C101', 'Piarowa', 'PI1253'),
(1222, 'C102', 'Piarowa', 'PI1252'),
(1223, 'C103', 'Piarowa', 'PI1251'),
(1224, 'C137', 'Piarowa', 'PI1217'),
(1225, 'C150', 'Piarowa', 'PI1204'),
(1226, 'C159', 'Piarowa', 'PI1195'),
(1227, 'C176', 'Piarowa', 'PI1178'),
(1228, 'C180', 'Piarowa', 'PI1174'),
(1229, 'C194', 'Piarowa', 'PI1160'),
(1230, 'C206', 'Piarowa', 'PI1148'),
(1231, 'C221', 'Piarowa', 'PI1133'),
(1232, 'C236', 'Piarowa', 'PI1118'),
(1233, 'C248', 'Piarowa', 'PI1106'),
(1234, 'C249', 'Piarowa', 'PI1105'),
(1235, 'C252', 'Piarowa', 'PI1102'),
(1236, 'C272', 'Piarowa', 'PI1082'),
(1237, 'C279', 'Piarowa', 'PI1075'),
(1238, 'C289', 'Piarowa', 'PI1065'),
(1239, 'C302', 'Piarowa', 'PI1052'),
(1240, 'C314', 'Piarowa', 'PI1040'),
(1241, 'C317', 'Piarowa', 'PI1037'),
(1242, 'C32', 'Piarowa', 'PI1322'),
(1243, 'C333', 'Piarowa', 'PI1021'),
(1244, 'C4', 'Piarowa', 'PI1350'),
(1245, 'C42', 'Piarowa', 'PI1312'),
(1246, 'C57', 'Piarowa', 'PI1297'),
(1247, 'C6', 'Piarowa', 'PI1348'),
(1248, 'C80', 'Piarowa', 'PI1274'),
(1249, 'C99', 'Piarowa', 'PI1255'),
(1250, 'D113', 'Piarowa', 'PI1241'),
(1251, 'D147', 'Piarowa', 'PI1207'),
(1252, 'D153', 'Piarowa', 'PI1201'),
(1253, 'D190', 'Piarowa', 'PI1164'),
(1254, 'D197', 'Piarowa', 'PI1157'),
(1255, 'D2', 'Piarowa', 'PI1352'),
(1256, 'D216', 'Piarowa', 'PI1138'),
(1257, 'D230', 'Piarowa', 'PI1124'),
(1258, 'D232', 'Piarowa', 'PI1122'),
(1259, 'D238', 'Piarowa', 'PI1116'),
(1260, 'D268', 'Piarowa', 'PI1086'),
(1261, 'D35', 'Piarowa', 'PI1319'),
(1262, 'D351', 'Piarowa', 'PI1003'),
(1263, 'D62', 'Piarowa', 'PI1292'),
(1264, 'D65', 'Piarowa', 'PI1289'),
(1265, 'D90', 'Piarowa', 'PI1264'),
(1266, 'B10', 'Wielka Wola', 'WI1344'),
(1267, 'B100', 'Wielka Wola', 'WI1254'),
(1268, 'B105', 'Wielka Wola', 'WI1249'),
(1269, 'B11', 'Wielka Wola', 'WI1343'),
(1270, 'B123', 'Wielka Wola', 'WI1231'),
(1271, 'B13', 'Wielka Wola', 'WI1341'),
(1272, 'B155', 'Wielka Wola', 'WI1199'),
(1273, 'B162', 'Wielka Wola', 'WI1192'),
(1274, 'B163', 'Wielka Wola', 'WI1191'),
(1275, 'B169', 'Wielka Wola', 'WI1185'),
(1276, 'B175', 'Wielka Wola', 'WI1179'),
(1277, 'B179', 'Wielka Wola', 'WI1175'),
(1278, 'B186', 'Wielka Wola', 'WI1168'),
(1279, 'B187', 'Wielka Wola', 'WI1167'),
(1280, 'B198', 'Wielka Wola', 'WI1156'),
(1281, 'B202', 'Wielka Wola', 'WI1152'),
(1282, 'B204', 'Wielka Wola', 'WI1150'),
(1283, 'B228', 'Wielka Wola', 'WI1126'),
(1284, 'B231', 'Wielka Wola', 'WI1123'),
(1285, 'B237', 'Wielka Wola', 'WI1117'),
(1286, 'B24', 'Wielka Wola', 'WI1330'),
(1287, 'B241', 'Wielka Wola', 'WI1113'),
(1288, 'B257', 'Wielka Wola', 'WI1097'),
(1289, 'B267', 'Wielka Wola', 'WI1087'),
(1290, 'B276', 'Wielka Wola', 'WI1078'),
(1291, 'B280', 'Wielka Wola', 'WI1074'),
(1292, 'B290', 'Wielka Wola', 'WI1064'),
(1293, 'B300', 'Wielka Wola', 'WI1054'),
(1294, 'B307', 'Wielka Wola', 'WI1047'),
(1295, 'B312', 'Wielka Wola', 'WI1042'),
(1296, 'B313', 'Wielka Wola', 'WI1041'),
(1297, 'B315', 'Wielka Wola', 'WI1039'),
(1298, 'B316', 'Wielka Wola', 'WI1038'),
(1299, 'B324', 'Wielka Wola', 'WI1030'),
(1300, 'B339', 'Wielka Wola', 'WI1015'),
(1301, 'B34', 'Wielka Wola', 'WI1320'),
(1302, 'B45', 'Wielka Wola', 'WI1309'),
(1303, 'B48', 'Wielka Wola', 'WI1306'),
(1304, 'B55', 'Wielka Wola', 'WI1299'),
(1305, 'B66', 'Wielka Wola', 'WI1288'),
(1306, 'B69', 'Wielka Wola', 'WI1285'),
(1307, 'B72', 'Wielka Wola', 'WI1282'),
(1308, 'B79', 'Wielka Wola', 'WI1275'),
(1309, 'B82', 'Wielka Wola', 'WI1272'),
(1310, 'B89', 'Wielka Wola', 'WI1265'),
(1311, 'B97', 'Wielka Wola', 'WI1257'),
(1312, 'C107', 'Wielka Wola', 'WI1247'),
(1313, 'C116', 'Wielka Wola', 'WI1238'),
(1314, 'C120', 'Wielka Wola', 'WI1234'),
(1315, 'C124', 'Wielka Wola', 'WI1230'),
(1316, 'C139', 'Wielka Wola', 'WI1215'),
(1317, 'C174', 'Wielka Wola', 'WI1180'),
(1318, 'C184', 'Wielka Wola', 'WI1170'),
(1319, 'C209', 'Wielka Wola', 'WI1145'),
(1320, 'C244', 'Wielka Wola', 'WI1110'),
(1321, 'C262', 'Wielka Wola', 'WI1092'),
(1322, 'C271', 'Wielka Wola', 'WI1083'),
(1323, 'C320', 'Wielka Wola', 'WI1034'),
(1324, 'C328', 'Wielka Wola', 'WI1026'),
(1325, 'C33', 'Wielka Wola', 'WI1321'),
(1326, 'C47', 'Wielka Wola', 'WI1307'),
(1327, 'C56', 'Wielka Wola', 'WI1298'),
(1328, 'C68', 'Wielka Wola', 'WI1286'),
(1329, 'C8', 'Wielka Wola', 'WI1346'),
(1330, 'C83', 'Wielka Wola', 'WI1271'),
(1331, 'C88', 'Wielka Wola', 'WI1266'),
(1332, 'C91', 'Wielka Wola', 'WI1263'),
(1333, 'C92', 'Wielka Wola', 'WI1262'),
(1334, 'D104', 'Wielka Wola', 'WI1250'),
(1335, 'D108', 'Wielka Wola', 'WI1246'),
(1336, 'D122', 'Wielka Wola', 'WI1232'),
(1337, 'D152', 'Wielka Wola', 'WI1202'),
(1338, 'D189', 'Wielka Wola', 'WI1165'),
(1339, 'D219', 'Wielka Wola', 'WI1135'),
(1340, 'D261', 'Wielka Wola', 'WI1093'),
(1341, 'D284', 'Wielka Wola', 'WI1070'),
(1342, 'D29', 'Wielka Wola', 'WI1325'),
(1343, 'D292', 'Wielka Wola', 'WI1062'),
(1344, 'D3', 'Wielka Wola', 'WI1351'),
(1345, 'D321', 'Wielka Wola', 'WI1033'),
(1346, 'D326', 'Wielka Wola', 'WI1028'),
(1347, 'D332', 'Wielka Wola', 'WI1022'),
(1348, 'D337', 'Wielka Wola', 'WI1017'),
(1349, 'D348', 'Wielka Wola', 'WI1006'),
(1350, 'D52', 'Wielka Wola', 'WI1302'),
(1351, 'D64', 'Wielka Wola', 'WI1290'),
(1352, 'D74', 'Wielka Wola', 'WI1280'),
(1353, 'D76', 'Wielka Wola', 'WI1278');

-- --------------------------------------------------------

--
-- Table structure for table `wypozyczenia`
--

CREATE TABLE `wypozyczenia` (
  `Nr_ew` int(11) NOT NULL,
  `Nr_klienta` int(11) NOT NULL,
  `Wypozyczenie` date NOT NULL,
  `Zwrot` date NOT NULL,
  `Lp` int(11) NOT NULL
) ENGINE=InnoDB DEFAULT CHARSET=utf8mb4 COLLATE=utf8mb4_polish_ci;

--
-- Dumping data for table `wypozyczenia`
--

INSERT INTO `wypozyczenia` (`Nr_ew`, `Nr_klienta`, `Wypozyczenie`, `Zwrot`, `Lp`) VALUES
(1003, 123184, '2015-05-24', '2015-06-08', 1),
(1005, 123107, '2015-05-29', '2015-06-23', 2),
(1007, 123123, '2015-01-28', '2015-02-13', 3),
(1010, 123134, '2015-01-25', '2015-01-30', 4),
(1010, 123245, '2015-02-27', '2015-03-07', 5),
(1013, 123156, '2015-05-20', '2015-05-23', 6),
(1018, 123282, '2015-05-13', '2015-05-30', 7),
(1018, 123216, '2015-02-14', '2015-02-18', 8),
(1019, 123237, '2015-05-24', '2015-06-21', 9),
(1020, 123116, '2015-01-31', '2015-02-11', 10),
(1025, 123171, '2015-02-20', '2015-02-22', 11),
(1036, 123181, '2015-03-16', '2015-04-09', 12),
(1037, 123230, '2015-05-09', '2015-06-06', 13),
(1037, 123256, '2015-03-27', '2015-04-15', 14),
(1039, 123191, '2015-02-24', '2015-03-17', 15),
(1040, 123235, '2015-01-25', '2015-02-13', 16),
(1047, 123215, '2015-05-28', '2015-06-02', 17),
(1047, 123285, '2015-01-25', '2015-02-14', 18),
(1051, 123205, '2015-05-02', '2015-05-22', 19),
(1053, 123181, '2015-05-09', '2015-05-14', 20),
(1054, 123170, '2015-01-27', '2015-02-10', 21),
(1055, 123102, '2015-03-12', '2015-03-22', 22),
(1056, 123267, '2015-02-01', '2015-02-28', 23),
(1060, 123224, '2015-01-21', '2015-02-08', 24),
(1060, 123244, '2015-03-30', '2015-04-20', 25),
(1062, 123240, '2015-03-04', '2015-03-15', 26),
(1062, 123166, '2015-02-13', '2015-02-14', 27),
(1066, 123252, '2015-02-05', '2015-03-04', 28),
(1067, 123231, '2015-02-06', '2015-02-16', 29),
(1067, 123254, '2015-01-11', '2015-01-21', 30),
(1072, 123106, '2015-05-05', '2015-06-03', 31),
(1074, 123282, '2015-03-24', '2015-03-29', 32),
(1076, 123272, '2015-03-27', '2015-04-25', 33),
(1081, 123173, '2015-02-21', '2015-02-27', 34),
(1081, 123195, '2015-02-09', '2015-02-13', 35),
(1082, 123233, '2015-05-15', '2015-05-20', 36),
(1083, 123196, '2015-04-18', '2015-04-26', 37),
(1085, 123290, '2015-01-22', '2015-01-29', 38),
(1086, 123138, '2015-02-28', '2015-03-24', 39),
(1093, 123130, '2015-02-11', '2015-03-06', 40),
(1093, 123303, '2015-01-06', '2015-01-14', 41),
(1098, 123163, '2015-01-02', '2015-01-15', 42),
(1100, 123186, '2015-01-27', '2015-02-18', 43),
(1103, 123212, '2015-04-15', '2015-04-17', 44),
(1104, 123124, '2015-04-24', '2015-05-12', 45),
(1107, 123212, '2015-04-03', '2015-04-20', 46),
(1109, 123198, '2015-03-03', '2015-03-11', 47),
(1110, 123280, '2015-04-28', '2015-05-24', 48),
(1112, 123202, '2015-04-25', '2015-05-20', 49),
(1113, 123199, '2015-03-17', '2015-03-31', 50),
(1118, 123114, '2015-01-23', '2015-01-28', 51),
(1119, 123152, '2015-05-02', '2015-05-05', 52),
(1119, 123218, '2015-01-14', '2015-01-24', 53),
(1120, 123182, '2015-01-01', '2015-01-05', 54),
(1122, 123292, '2015-01-14', '2015-02-10', 55),
(1124, 123291, '2015-04-03', '2015-04-14', 56),
(1125, 123288, '2015-03-09', '2015-03-13', 57),
(1127, 123201, '2015-05-11', '2015-05-30', 58),
(1129, 123108, '2015-01-24', '2015-01-26', 59),
(1130, 123164, '2015-04-11', '2015-04-13', 60),
(1130, 123271, '2015-04-13', '2015-05-03', 61),
(1134, 123223, '2015-01-14', '2015-02-05', 62),
(1140, 123185, '2015-01-11', '2015-02-02', 63),
(1141, 123141, '2015-05-08', '2015-05-10', 64),
(1141, 123239, '2015-03-20', '2015-04-17', 65),
(1141, 123182, '2015-01-30', '2015-01-31', 66),
(1144, 123102, '2015-01-01', '2015-01-29', 67),
(1146, 123256, '2015-02-17', '2015-02-24', 68),
(1146, 123240, '2015-05-30', '2015-06-13', 69),
(1151, 123280, '2015-01-19', '2015-02-12', 70),
(1151, 123119, '2015-03-31', '2015-04-10', 71),
(1151, 123175, '2015-04-18', '2015-05-09', 72),
(1152, 123223, '2015-02-17', '2015-02-25', 73),
(1152, 123184, '2015-02-01', '2015-02-17', 74),
(1154, 123277, '2015-02-27', '2015-03-07', 75),
(1157, 123104, '2015-05-02', '2015-05-17', 76),
(1157, 123110, '2015-05-18', '2015-06-11', 77),
(1159, 123297, '2015-02-26', '2015-03-03', 78),
(1159, 123271, '2015-04-28', '2015-04-29', 79),
(1160, 123205, '2015-03-09', '2015-03-17', 80),
(1162, 123113, '2015-03-12', '2015-03-28', 81),
(1165, 123246, '2015-01-29', '2015-02-15', 82),
(1172, 123260, '2015-01-04', '2015-01-17', 83),
(1172, 123271, '2015-01-29', '2015-02-11', 84),
(1173, 123221, '2015-01-14', '2015-01-25', 85),
(1174, 123197, '2015-05-30', '2015-06-21', 86),
(1175, 123181, '2015-01-18', '2015-02-01', 87),
(1176, 123229, '2015-05-08', '2015-05-26', 88),
(1177, 123285, '2015-05-09', '2015-06-06', 89),
(1179, 123227, '2015-02-16', '2015-02-28', 90),
(1179, 123297, '2015-05-12', '2015-05-17', 91),
(1180, 123206, '2015-04-21', '2015-04-24', 92),
(1181, 123141, '2015-04-28', '2015-05-11', 93),
(1183, 123288, '2015-05-21', '2015-05-25', 94),
(1185, 123209, '2015-05-04', '2015-05-19', 95),
(1186, 123111, '2015-03-26', '2015-04-21', 96),
(1187, 123224, '2015-01-02', '2015-01-16', 97),
(1187, 123113, '2015-02-14', '2015-03-08', 98),
(1189, 123193, '2015-05-06', '2015-05-07', 99),
(1189, 123233, '2015-01-24', '2015-02-22', 100),
(1191, 123269, '2015-05-11', '2015-05-17', 101),
(1194, 123235, '2015-02-05', '2015-02-13', 102),
(1196, 123291, '2015-04-26', '2015-05-16', 103),
(1200, 123274, '2015-05-26', '2015-06-10', 104),
(1200, 123232, '2015-03-06', '2015-04-03', 105),
(1204, 123135, '2015-05-21', '2015-06-19', 106),
(1206, 123217, '2015-01-01', '2015-01-08', 107),
(1206, 123238, '2015-01-25', '2015-02-10', 108),
(1207, 123287, '2015-04-02', '2015-04-03', 109),
(1207, 123277, '2015-04-24', '2015-04-26', 110),
(1207, 123103, '2015-02-05', '2015-02-08', 111),
(1207, 123299, '2015-03-10', '2015-03-23', 112),
(1209, 123120, '2015-04-02', '2015-04-18', 113),
(1212, 123140, '2015-02-13', '2015-03-13', 114),
(1213, 123207, '2015-02-11', '2015-02-18', 115),
(1213, 123144, '2015-02-03', '2015-02-11', 116),
(1214, 123262, '2015-03-05', '2015-03-29', 117),
(1215, 123295, '2015-04-29', '2015-05-06', 118),
(1215, 123184, '2015-03-28', '2015-04-13', 119),
(1217, 123104, '2015-02-05', '2015-02-26', 120),
(1220, 123119, '2015-03-30', '2015-04-21', 121),
(1220, 123212, '2015-02-19', '2015-03-05', 122),
(1221, 123291, '2015-04-22', '2015-05-17', 123),
(1221, 123237, '2015-01-13', '2015-01-23', 124),
(1221, 123277, '2015-02-04', '2015-02-28', 125),
(1223, 123130, '2015-02-24', '2015-03-19', 126),
(1224, 123185, '2015-01-07', '2015-02-04', 127),
(1224, 123287, '2015-03-06', '2015-04-04', 128),
(1225, 123229, '2015-01-07', '2015-01-13', 129),
(1231, 123243, '2015-05-16', '2015-05-31', 130),
(1232, 123217, '2015-04-08', '2015-04-09', 131),
(1232, 123177, '2015-01-30', '2015-02-02', 132),
(1235, 123118, '2015-05-12', '2015-05-27', 133),
(1236, 123172, '2015-04-05', '2015-04-14', 134),
(1244, 123125, '2015-03-29', '2015-04-10', 135),
(1246, 123296, '2015-01-19', '2015-01-28', 136),
(1248, 123124, '2015-01-14', '2015-02-12', 137),
(1251, 123293, '2015-01-23', '2015-02-14', 138),
(1253, 123252, '2015-01-03', '2015-01-06', 139),
(1254, 123122, '2015-01-24', '2015-02-18', 140),
(1259, 123246, '2015-01-24', '2015-01-29', 141),
(1261, 123126, '2015-03-04', '2015-03-13', 142),
(1263, 123230, '2015-04-24', '2015-05-09', 143),
(1264, 123120, '2015-01-29', '2015-02-12', 144),
(1265, 123177, '2015-03-29', '2015-04-18', 145),
(1265, 123158, '2015-03-05', '2015-03-12', 146),
(1266, 123201, '2015-04-13', '2015-04-20', 147),
(1267, 123131, '2015-02-12', '2015-02-14', 148),
(1270, 123220, '2015-04-20', '2015-05-06', 149),
(1272, 123221, '2015-04-11', '2015-04-16', 150),
(1273, 123277, '2015-04-22', '2015-05-20', 151),
(1275, 123274, '2015-02-09', '2015-03-02', 152),
(1275, 123152, '2015-01-27', '2015-02-08', 153),
(1279, 123185, '2015-05-26', '2015-05-31', 154),
(1280, 123183, '2015-04-15', '2015-05-03', 155),
(1282, 123261, '2015-01-25', '2015-01-27', 156),
(1282, 123267, '2015-01-17', '2015-01-23', 157),
(1283, 123102, '2015-03-12', '2015-03-23', 158),
(1283, 123260, '2015-03-04', '2015-03-11', 159),
(1287, 123233, '2015-04-16', '2015-05-11', 160),
(1288, 123194, '2015-03-29', '2015-04-12', 161),
(1293, 123148, '2015-05-20', '2015-05-26', 162),
(1295, 123274, '2015-01-20', '2015-01-30', 163),
(1296, 123118, '2015-02-23', '2015-02-24', 164),
(1298, 123122, '2015-01-01', '2015-01-06', 165),
(1298, 123204, '2015-05-02', '2015-05-27', 166),
(1303, 123158, '2015-02-11', '2015-02-16', 167),
(1307, 123255, '2015-03-11', '2015-04-02', 168),
(1307, 123132, '2015-02-17', '2015-03-11', 169),
(1308, 123196, '2015-05-12', '2015-05-16', 170),
(1308, 123169, '2015-05-26', '2015-06-07', 171),
(1308, 123187, '2015-01-31', '2015-02-27', 172),
(1309, 123292, '2015-02-01', '2015-02-02', 173),
(1312, 123301, '2015-04-24', '2015-05-03', 174),
(1315, 123133, '2015-02-19', '2015-03-10', 175),
(1316, 123270, '2015-05-08', '2015-05-09', 176),
(1316, 123266, '2015-02-25', '2015-03-08', 177),
(1317, 123222, '2015-03-25', '2015-04-09', 178),
(1318, 123208, '2015-05-28', '2015-06-13', 179),
(1319, 123225, '2015-01-27', '2015-01-31', 180),
(1320, 123172, '2015-01-14', '2015-02-08', 181),
(1321, 123112, '2015-05-16', '2015-05-28', 182),
(1322, 123292, '2015-04-30', '2015-05-07', 183),
(1327, 123298, '2015-02-17', '2015-02-20', 184),
(1328, 123258, '2015-05-09', '2015-05-30', 185),
(1334, 123279, '2015-02-01', '2015-02-02', 186),
(1335, 123201, '2015-05-23', '2015-06-01', 187),
(1335, 123284, '2015-04-02', '2015-04-16', 188),
(1337, 123228, '2015-03-07', '2015-03-26', 189),
(1338, 123142, '2015-04-17', '2015-05-13', 190),
(1341, 123274, '2015-02-10', '2015-03-10', 191),
(1343, 123133, '2015-01-07', '2015-01-08', 192),
(1345, 123219, '2015-02-09', '2015-02-20', 193),
(1347, 123252, '2015-05-07', '2015-05-10', 194),
(1348, 123102, '2015-03-25', '2015-04-23', 195),
(1350, 123271, '2015-02-13', '2015-02-14', 196),
(1351, 123139, '2015-04-18', '2015-05-04', 197),
(1352, 123280, '2015-05-13', '2015-05-23', 198),
(1352, 123112, '2015-02-26', '2015-03-21', 199),
(1353, 123147, '2015-01-08', '2015-01-26', 200),
(1268, 123277, '2015-01-09', '2015-01-11', 201);

--
-- Indexes for dumped tables
--

--
-- Indexes for table `ceny_za_dobe`
--
ALTER TABLE `ceny_za_dobe`
  ADD PRIMARY KEY (`Klasa`);

--
-- Indexes for table `klienci`
--
ALTER TABLE `klienci`
  ADD PRIMARY KEY (`Nr_klienta`);

--
-- Indexes for table `samochody`
--
ALTER TABLE `samochody`
  ADD PRIMARY KEY (`Nr_ew`);

--
-- Indexes for table `wypozyczenia`
--
ALTER TABLE `wypozyczenia`
  ADD PRIMARY KEY (`Lp`),
  ADD KEY `Nr_ew` (`Nr_ew`),
  ADD KEY `Nr_klienta` (`Nr_klienta`);

--
-- AUTO_INCREMENT for dumped tables
--

--
-- AUTO_INCREMENT for table `wypozyczenia`
--
ALTER TABLE `wypozyczenia`
  MODIFY `Lp` int(11) NOT NULL AUTO_INCREMENT, AUTO_INCREMENT=256;
COMMIT;

/*!40101 SET CHARACTER_SET_CLIENT=@OLD_CHARACTER_SET_CLIENT */;
/*!40101 SET CHARACTER_SET_RESULTS=@OLD_CHARACTER_SET_RESULTS */;
/*!40101 SET COLLATION_CONNECTION=@OLD_COLLATION_CONNECTION */;
