-- phpMyAdmin SQL Dump
-- version 5.2.1
-- https://www.phpmyadmin.net/
--
-- Host: localhost
-- Generation Time: Feb 20, 2025 at 06:13 PM
-- Server version: 10.4.28-MariaDB
-- PHP Version: 8.2.4

SET SQL_MODE = "NO_AUTO_VALUE_ON_ZERO";
START TRANSACTION;
SET time_zone = "+00:00";


/*!40101 SET @OLD_CHARACTER_SET_CLIENT=@@CHARACTER_SET_CLIENT */;
/*!40101 SET @OLD_CHARACTER_SET_RESULTS=@@CHARACTER_SET_RESULTS */;
/*!40101 SET @OLD_COLLATION_CONNECTION=@@COLLATION_CONNECTION */;
/*!40101 SET NAMES utf8mb4 */;

--
-- Database: `formula2015maj2015`
--

-- --------------------------------------------------------

--
-- Table structure for table `kierowcy`
--

CREATE TABLE `kierowcy` (
  `Id_kierowcy` varchar(255) NOT NULL,
  `Nazwisko` varchar(255) NOT NULL,
  `Imie` varchar(255) NOT NULL,
  `Kraj` varchar(255) NOT NULL
) ENGINE=InnoDB DEFAULT CHARSET=utf8mb4 COLLATE=utf8mb4_polish_ci;

--
-- Dumping data for table `kierowcy`
--

INSERT INTO `kierowcy` (`Id_kierowcy`, `Nazwisko`, `Imie`, `Kraj`) VALUES
('z1', 'Pizzonia', 'Antonio', 'Brazylia'),
('z10', 'Irvine', 'Eddie', 'Irlandia'),
('z11', 'Alonso', 'Fernando', 'Hiszpania'),
('z12', 'Massa', 'Felipe', 'Brazylia'),
('z13', 'Fisichella', 'Giancarlo', 'Wlochy'),
('z14', 'Frentzen', 'Heinz-Harald', 'Niemcy'),
('z15', 'Kovalainen', 'Heikki', 'Finlandia'),
('z16', 'Alesi', 'Jean', 'Francja'),
('z17', 'Alguersuari', 'Jaime', 'Hiszpania'),
('z18', 'Button', 'Jenson', 'Wielka Brytania'),
('z19', 'Montoya', 'Juan Pablo', 'Kolumbia'),
('z2', 'Sutil', 'Adrian', 'Niemcy'),
('z20', 'Trulli', 'Jarno', 'Wlochy'),
('z21', 'Vergne', 'Jean-Eric', 'Francja'),
('z22', 'Verstappen', 'Jos', 'Holandia'),
('z23', 'Villeneuve', 'Jacques', 'Kanada'),
('z24', 'Wilson', 'Justin', 'Wielka Brytania'),
('z25', 'Kobayashi', 'Kamui', 'Japonia'),
('z26', 'Raikkonen', 'Kimi', 'Finlandia'),
('z27', 'Hamilton', 'Lewis', 'Wielka Brytania'),
('z28', 'Gene', 'Marc', 'Hiszpania'),
('z29', 'Hakkinen', 'Mika', 'Finlandia'),
('z3', 'Wurz', 'Alexander', 'Austria'),
('z30', 'Salo', 'Mika', 'Finlandia'),
('z31', 'Schumacher', 'Michael', 'Niemcy'),
('z32', 'Webber', 'Mark', 'Australia'),
('z33', 'Heidfeld', 'Nick', 'Niemcy'),
('z34', 'Hulkenberg', 'Nico', 'Niemcy'),
('z35', 'Karthikeyan', 'Narain', 'Indie'),
('z36', 'Rosberg', 'Nico', 'Niemcy'),
('z37', 'Panis', 'Olivier', 'Francja'),
('z38', 'de la Rosa', 'Pedro', 'Hiszpania'),
('z39', 'di Resta', 'Paul', 'Wielka Brytania'),
('z4', 'Senna', 'Bruno', 'Brazylia'),
('z40', 'Friesacher', 'Patrick', 'Austria'),
('z41', 'Maldonado', 'Pastor', 'Wenezuela'),
('z42', 'Barrichello', 'Rubens', 'Brazylia'),
('z43', 'Firman', 'Ralph', 'Wielka Brytania'),
('z44', 'Grosjean', 'Romain', 'Francja'),
('z45', 'Kubica', 'Robert', 'Polska'),
('z46', 'Schumacher', 'Ralf', 'Niemcy'),
('z47', 'Zonta', 'Ricardo', 'Brazylia'),
('z48', 'Bourdais', 'Sebastien', 'Francja'),
('z49', 'Buemi', 'Sebastien', 'Szwajcaria'),
('z5', 'Albers', 'Christijan', 'Holandia'),
('z50', 'Perez', 'Sergio', 'Meksyk'),
('z51', 'Vettel', 'Sebastian', 'Niemcy'),
('z52', 'Glock', 'Timo', 'Niemcy'),
('z53', 'Monteiro', 'Tiago', 'Portugalia'),
('z54', 'Sato', 'Takuma', 'Japonia'),
('z55', 'Liuzzi', 'Vitantonio', 'Wlochy'),
('z56', 'Petrov', 'Vitaly', 'Rosja'),
('z57', 'Baumgartner', 'Zsolt', 'Wegry'),
('z6', 'da Matta', 'Cristiano', 'Brazylia'),
('z7', 'Klien', 'Christian', 'Austria'),
('z8', 'Coulthard', 'David', 'Szkocja'),
('z9', 'Ricciardo', 'Daniel', 'Australia');

-- --------------------------------------------------------

--
-- Table structure for table `wyniki`
--

CREATE TABLE `wyniki` (
  `Id_kierowcy` varchar(255) NOT NULL,
  `Punkty` int(11) NOT NULL,
  `Id_wyscigu` varchar(255) NOT NULL,
  `Id_wyniku` int(11) NOT NULL
) ENGINE=InnoDB DEFAULT CHARSET=utf8mb4 COLLATE=utf8mb4_polish_ci;

--
-- Dumping data for table `wyniki`
--

INSERT INTO `wyniki` (`Id_kierowcy`, `Punkty`, `Id_wyscigu`, `Id_wyniku`) VALUES
('z31', 10, 'w1', 1),
('z42', 6, 'w1', 2),
('z46', 4, 'w1', 3),
('z13', 2, 'w1', 4),
('z23', 3, 'w1', 5),
('z47', 1, 'w1', 6),
('z31', 10, 'w2', 7),
('z46', 2, 'w2', 8),
('z13', 6, 'w2', 9),
('z18', 1, 'w2', 10),
('z14', 4, 'w2', 11),
('z20', 3, 'w2', 12),
('z31', 10, 'w3', 13),
('z29', 6, 'w3', 14),
('z8', 4, 'w3', 15),
('z42', 3, 'w3', 16),
('z23', 2, 'w3', 17),
('z30', 1, 'w3', 18),
('z31', 4, 'w4', 19),
('z29', 6, 'w4', 20),
('z8', 10, 'w4', 21),
('z46', 3, 'w4', 22),
('z18', 2, 'w4', 23),
('z20', 1, 'w4', 24),
('z31', 2, 'w5', 25),
('z29', 10, 'w5', 26),
('z8', 6, 'w5', 27),
('z42', 4, 'w5', 28),
('z46', 3, 'w5', 29),
('z14', 1, 'w5', 30),
('z31', 10, 'w6', 31),
('z29', 6, 'w6', 32),
('z8', 4, 'w6', 33),
('z42', 3, 'w6', 34),
('z13', 2, 'w6', 35),
('z38', 1, 'w6', 36),
('z29', 1, 'w7', 37),
('z8', 10, 'w7', 38),
('z42', 6, 'w7', 39),
('z13', 4, 'w7', 40),
('z30', 2, 'w7', 41),
('z10', 3, 'w7', 42),
('z31', 10, 'w8', 43),
('z29', 3, 'w8', 44),
('z42', 6, 'w8', 45),
('z13', 4, 'w8', 46),
('z20', 1, 'w8', 47),
('z22', 2, 'w8', 48),
('z29', 6, 'w9', 49),
('z8', 10, 'w9', 50),
('z42', 4, 'w9', 51),
('z46', 2, 'w9', 52),
('z23', 3, 'w9', 53),
('z20', 1, 'w9', 54),
('z29', 10, 'w10', 55),
('z8', 6, 'w10', 56),
('z42', 4, 'w10', 57),
('z23', 3, 'w10', 58),
('z18', 2, 'w10', 59),
('z30', 1, 'w10', 60),
('z29', 6, 'w11', 61),
('z8', 4, 'w11', 62),
('z42', 10, 'w11', 63),
('z18', 3, 'w11', 64),
('z30', 2, 'w11', 65),
('z38', 1, 'w11', 66),
('z31', 6, 'w12', 67),
('z29', 10, 'w12', 68),
('z8', 4, 'w12', 69),
('z42', 3, 'w12', 70),
('z46', 2, 'w12', 71),
('z14', 1, 'w12', 72),
('z31', 6, 'w13', 73),
('z29', 10, 'w13', 74),
('z8', 3, 'w13', 75),
('z46', 4, 'w13', 76),
('z18', 2, 'w13', 77),
('z14', 1, 'w13', 78),
('z31', 10, 'w14', 79),
('z29', 6, 'w14', 80),
('z46', 4, 'w14', 81),
('z22', 3, 'w14', 82),
('z47', 1, 'w14', 83),
('z3', 2, 'w14', 84),
('z31', 10, 'w15', 85),
('z8', 2, 'w15', 86),
('z42', 6, 'w15', 87),
('z23', 3, 'w15', 88),
('z14', 4, 'w15', 89),
('z47', 1, 'w15', 90),
('z31', 10, 'w16', 91),
('z29', 6, 'w16', 92),
('z8', 4, 'w16', 93),
('z42', 3, 'w16', 94),
('z23', 1, 'w16', 95),
('z18', 2, 'w16', 96),
('z31', 10, 'w17', 97),
('z29', 3, 'w17', 98),
('z8', 6, 'w17', 99),
('z42', 4, 'w17', 100),
('z23', 2, 'w17', 101),
('z10', 1, 'w17', 102),
('z31', 10, 'w18', 103),
('z8', 6, 'w18', 104),
('z42', 4, 'w18', 105),
('z33', 3, 'w18', 106),
('z26', 1, 'w18', 107),
('z14', 2, 'w18', 108),
('z31', 10, 'w19', 109),
('z8', 4, 'w19', 110),
('z42', 6, 'w19', 111),
('z46', 2, 'w19', 112),
('z29', 1, 'w19', 113),
('z14', 3, 'w19', 114),
('z31', 6, 'w20', 115),
('z8', 10, 'w20', 116),
('z33', 4, 'w20', 117),
('z20', 2, 'w20', 118),
('z13', 1, 'w20', 119),
('z37', 3, 'w20', 120),
('z8', 6, 'w21', 121),
('z42', 4, 'w21', 122),
('z46', 10, 'w21', 123),
('z29', 3, 'w21', 124),
('z20', 2, 'w21', 125),
('z14', 1, 'w21', 126),
('z31', 10, 'w22', 127),
('z8', 2, 'w22', 128),
('z19', 6, 'w22', 129),
('z23', 4, 'w22', 130),
('z33', 1, 'w22', 131),
('z20', 3, 'w22', 132),
('z31', 6, 'w23', 133),
('z8', 10, 'w23', 134),
('z42', 4, 'w23', 135),
('z26', 3, 'w23', 136),
('z37', 2, 'w23', 137),
('z22', 1, 'w23', 138),
('z31', 10, 'w24', 139),
('z8', 2, 'w24', 140),
('z42', 6, 'w24', 141),
('z23', 3, 'w24', 142),
('z10', 4, 'w24', 143),
('z16', 1, 'w24', 144),
('z31', 6, 'w25', 145),
('z46', 10, 'w25', 146),
('z29', 4, 'w25', 147),
('z26', 3, 'w25', 148),
('z16', 2, 'w25', 149),
('z38', 1, 'w25', 150),
('z31', 10, 'w26', 151),
('z8', 4, 'w26', 152),
('z42', 2, 'w26', 153),
('z46', 3, 'w26', 154),
('z29', 1, 'w26', 155),
('z19', 6, 'w26', 156),
('z31', 10, 'w27', 157),
('z8', 3, 'w27', 158),
('z42', 4, 'w27', 159),
('z46', 6, 'w27', 160),
('z33', 1, 'w27', 161),
('z20', 2, 'w27', 162),
('z31', 6, 'w28', 163),
('z42', 4, 'w28', 164),
('z29', 10, 'w28', 165),
('z19', 3, 'w28', 166),
('z33', 1, 'w28', 167),
('z26', 2, 'w28', 168),
('z42', 6, 'w29', 169),
('z46', 10, 'w29', 170),
('z23', 4, 'w29', 171),
('z13', 3, 'w29', 172),
('z16', 1, 'w29', 173),
('z18', 2, 'w29', 174),
('z31', 10, 'w30', 175),
('z8', 4, 'w30', 176),
('z42', 6, 'w30', 177),
('z46', 3, 'w30', 178),
('z29', 2, 'w30', 179),
('z33', 1, 'w30', 180),
('z31', 10, 'w31', 181),
('z8', 6, 'w31', 182),
('z42', 2, 'w31', 183),
('z29', 3, 'w31', 184),
('z13', 4, 'w31', 185),
('z16', 1, 'w31', 186),
('z31', 3, 'w32', 187),
('z42', 6, 'w32', 188),
('z46', 4, 'w32', 189),
('z19', 10, 'w32', 190),
('z23', 1, 'w32', 191),
('z38', 2, 'w32', 192),
('z31', 6, 'w33', 193),
('z8', 4, 'w33', 194),
('z29', 10, 'w33', 195),
('z33', 1, 'w33', 196),
('z20', 3, 'w33', 197),
('z10', 2, 'w33', 198),
('z31', 10, 'w34', 199),
('z8', 4, 'w34', 200),
('z42', 2, 'w34', 201),
('z46', 1, 'w34', 202),
('z29', 3, 'w34', 203),
('z19', 6, 'w34', 204),
('z31', 10, 'w35', 205),
('z19', 6, 'w35', 206),
('z26', 4, 'w35', 207),
('z10', 3, 'w35', 208),
('z32', 2, 'w35', 209),
('z30', 1, 'w35', 210),
('z31', 4, 'w36', 211),
('z19', 6, 'w36', 212),
('z46', 10, 'w36', 213),
('z18', 3, 'w36', 214),
('z33', 2, 'w36', 215),
('z12', 1, 'w36', 216),
('z31', 10, 'w37', 217),
('z19', 2, 'w37', 218),
('z46', 6, 'w37', 219),
('z8', 4, 'w37', 220),
('z18', 3, 'w37', 221),
('z30', 1, 'w37', 222),
('z31', 10, 'w38', 223),
('z42', 6, 'w38', 224),
('z19', 3, 'w38', 225),
('z46', 4, 'w38', 226),
('z8', 1, 'w38', 227),
('z18', 2, 'w38', 228),
('z31', 10, 'w39', 229),
('z19', 6, 'w39', 230),
('z8', 4, 'w39', 231),
('z33', 3, 'w39', 232),
('z12', 2, 'w39', 233),
('z14', 1, 'w39', 234),
('z31', 10, 'w40', 235),
('z42', 6, 'w40', 236),
('z19', 4, 'w40', 237),
('z46', 3, 'w40', 238),
('z8', 1, 'w40', 239),
('z13', 2, 'w40', 240),
('z31', 6, 'w41', 241),
('z46', 4, 'w41', 242),
('z8', 10, 'w41', 243),
('z20', 3, 'w41', 244),
('z13', 2, 'w41', 245),
('z14', 1, 'w41', 246),
('z31', 10, 'w42', 247),
('z42', 4, 'w42', 248),
('z8', 6, 'w42', 249),
('z26', 3, 'w42', 250),
('z20', 1, 'w42', 251),
('z13', 2, 'w42', 252),
('z31', 6, 'w43', 253),
('z42', 10, 'w43', 254),
('z46', 3, 'w43', 255),
('z26', 4, 'w43', 256),
('z18', 2, 'w43', 257),
('z12', 1, 'w43', 258),
('z31', 10, 'w44', 259),
('z42', 6, 'w44', 260),
('z19', 4, 'w44', 261),
('z33', 1, 'w44', 262),
('z23', 3, 'w44', 263),
('z37', 2, 'w44', 264),
('z31', 10, 'w45', 265),
('z19', 3, 'w45', 266),
('z46', 2, 'w45', 267),
('z8', 4, 'w45', 268),
('z26', 6, 'w45', 269),
('z18', 1, 'w45', 270),
('z31', 10, 'w46', 271),
('z42', 3, 'w46', 272),
('z19', 6, 'w46', 273),
('z46', 4, 'w46', 274),
('z8', 2, 'w46', 275),
('z33', 1, 'w46', 276),
('z31', 6, 'w47', 277),
('z42', 10, 'w47', 278),
('z46', 4, 'w47', 279),
('z8', 2, 'w47', 280),
('z26', 3, 'w47', 281),
('z13', 1, 'w47', 282),
('z31', 10, 'w48', 283),
('z42', 6, 'w48', 284),
('z19', 4, 'w48', 285),
('z46', 2, 'w48', 286),
('z8', 3, 'w48', 287),
('z10', 1, 'w48', 288),
('z31', 6, 'w49', 289),
('z42', 10, 'w49', 290),
('z18', 2, 'w49', 291),
('z20', 3, 'w49', 292),
('z10', 4, 'w49', 293),
('z37', 1, 'w49', 294),
('z31', 6, 'w50', 295),
('z42', 10, 'w50', 296),
('z19', 3, 'w50', 297),
('z8', 4, 'w50', 298),
('z20', 2, 'w50', 299),
('z23', 1, 'w50', 300),
('z31', 10, 'w51', 301),
('z42', 6, 'w51', 302),
('z19', 3, 'w51', 303),
('z26', 4, 'w51', 304),
('z18', 1, 'w51', 305),
('z54', 2, 'w51', 306),
('z31', 5, 'w52', 307),
('z26', 6, 'w52', 308),
('z19', 8, 'w52', 309),
('z46', 1, 'w52', 310),
('z11', 2, 'w52', 311),
('z8', 10, 'w52', 312),
('z20', 4, 'w52', 313),
('z14', 3, 'w52', 314),
('z31', 3, 'w53', 315),
('z26', 10, 'w53', 316),
('z42', 8, 'w53', 317),
('z46', 5, 'w53', 318),
('z11', 6, 'w53', 319),
('z20', 4, 'w53', 320),
('z18', 2, 'w53', 321),
('z33', 1, 'w53', 322),
('z26', 8, 'w54', 323),
('z46', 2, 'w54', 324),
('z11', 6, 'w54', 325),
('z8', 5, 'w54', 326),
('z20', 1, 'w54', 327),
('z14', 4, 'w54', 328),
('z13', 10, 'w54', 329),
('z23', 3, 'w54', 330),
('z31', 10, 'w55', 331),
('z26', 8, 'w55', 332),
('z19', 2, 'w55', 333),
('z42', 6, 'w55', 334),
('z46', 5, 'w55', 335),
('z11', 3, 'w55', 336),
('z8', 4, 'w55', 337),
('z18', 1, 'w55', 338),
('z31', 10, 'w56', 339),
('z19', 5, 'w56', 340),
('z42', 6, 'w56', 341),
('z46', 4, 'w56', 342),
('z11', 8, 'w56', 343),
('z32', 2, 'w56', 344),
('z6', 3, 'w56', 345),
('z43', 1, 'w56', 346),
('z31', 10, 'w57', 347),
('z26', 8, 'w57', 348),
('z42', 6, 'w57', 349),
('z46', 3, 'w57', 350),
('z8', 4, 'w57', 351),
('z20', 1, 'w57', 352),
('z18', 5, 'w57', 353),
('z32', 2, 'w57', 354),
('z31', 6, 'w58', 355),
('z26', 8, 'w58', 356),
('z19', 10, 'w58', 357),
('z42', 1, 'w58', 358),
('z46', 5, 'w58', 359),
('z11', 4, 'w58', 360),
('z8', 2, 'w58', 361),
('z20', 3, 'w58', 362),
('z31', 10, 'w59', 363),
('z26', 3, 'w59', 364),
('z19', 6, 'w59', 365),
('z42', 4, 'w59', 366),
('z46', 8, 'w59', 367),
('z11', 5, 'w59', 368),
('z32', 2, 'w59', 369),
('z37', 1, 'w59', 370),
('z31', 4, 'w60', 371),
('z19', 8, 'w60', 372),
('z42', 6, 'w60', 373),
('z46', 10, 'w60', 374),
('z11', 5, 'w60', 375),
('z18', 2, 'w60', 376),
('z32', 3, 'w60', 377),
('z33', 1, 'w60', 378),
('z31', 6, 'w61', 379),
('z26', 5, 'w61', 380),
('z19', 8, 'w61', 381),
('z42', 2, 'w61', 382),
('z46', 10, 'w61', 383),
('z8', 4, 'w61', 384),
('z32', 3, 'w61', 385),
('z37', 1, 'w61', 386),
('z31', 5, 'w62', 387),
('z26', 6, 'w62', 388),
('z19', 8, 'w62', 389),
('z42', 10, 'w62', 390),
('z8', 4, 'w62', 391),
('z20', 3, 'w62', 392),
('z18', 1, 'w62', 393),
('z6', 2, 'w62', 394),
('z31', 2, 'w63', 395),
('z19', 10, 'w63', 396),
('z11', 5, 'w63', 397),
('z8', 8, 'w63', 398),
('z20', 6, 'w63', 399),
('z18', 1, 'w63', 400),
('z6', 3, 'w63', 401),
('z37', 4, 'w63', 402),
('z31', 1, 'w64', 403),
('z26', 8, 'w64', 404),
('z19', 6, 'w64', 405),
('z46', 5, 'w64', 406),
('z11', 10, 'w64', 407),
('z8', 4, 'w64', 408),
('z20', 2, 'w64', 409),
('z32', 3, 'w64', 410),
('z31', 10, 'w65', 411),
('z26', 5, 'w65', 412),
('z19', 8, 'w65', 413),
('z42', 6, 'w65', 414),
('z11', 1, 'w65', 415),
('z32', 2, 'w65', 416),
('z23', 3, 'w65', 417),
('z28', 4, 'w65', 418),
('z31', 10, 'w66', 419),
('z26', 8, 'w66', 420),
('z19', 3, 'w66', 421),
('z20', 5, 'w66', 422),
('z14', 6, 'w66', 423),
('z13', 2, 'w66', 424),
('z33', 4, 'w66', 425),
('z24', 1, 'w66', 426),
('z31', 1, 'w67', 427),
('z26', 8, 'w67', 428),
('z42', 10, 'w67', 429),
('z8', 6, 'w67', 430),
('z20', 4, 'w67', 431),
('z18', 5, 'w67', 432),
('z6', 2, 'w67', 433),
('z54', 3, 'w67', 434),
('z31', 10, 'w68', 435),
('z42', 8, 'w68', 436),
('z18', 3, 'w68', 437),
('z11', 6, 'w68', 438),
('z19', 4, 'w68', 439),
('z20', 2, 'w68', 440),
('z46', 5, 'w68', 441),
('z8', 1, 'w68', 442),
('z31', 10, 'w69', 443),
('z42', 5, 'w69', 444),
('z18', 6, 'w69', 445),
('z11', 2, 'w69', 446),
('z19', 8, 'w69', 447),
('z20', 4, 'w69', 448),
('z8', 3, 'w69', 449),
('z12', 1, 'w69', 450),
('z31', 10, 'w70', 451),
('z42', 8, 'w70', 452),
('z18', 6, 'w70', 453),
('z11', 3, 'w70', 454),
('z20', 5, 'w70', 455),
('z54', 4, 'w70', 456),
('z46', 2, 'w70', 457),
('z32', 1, 'w70', 458),
('z31', 10, 'w71', 459),
('z42', 3, 'w71', 460),
('z18', 8, 'w71', 461),
('z11', 5, 'w71', 462),
('z19', 6, 'w71', 463),
('z20', 4, 'w71', 464),
('z26', 1, 'w71', 465),
('z46', 2, 'w71', 466),
('z31', 10, 'w72', 467),
('z42', 8, 'w72', 468),
('z18', 1, 'w72', 469),
('z11', 5, 'w72', 470),
('z20', 6, 'w72', 471),
('z54', 4, 'w72', 472),
('z46', 3, 'w72', 473),
('z13', 2, 'w72', 474),
('z42', 6, 'w73', 475),
('z18', 8, 'w73', 476),
('z19', 5, 'w73', 477),
('z20', 10, 'w73', 478),
('z12', 4, 'w73', 479),
('z37', 1, 'w73', 480),
('z6', 3, 'w73', 481),
('z33', 2, 'w73', 482),
('z31', 10, 'w74', 483),
('z42', 8, 'w74', 484),
('z18', 6, 'w74', 485),
('z11', 4, 'w74', 486),
('z19', 1, 'w74', 487),
('z20', 5, 'w74', 488),
('z13', 3, 'w74', 489),
('z32', 2, 'w74', 490),
('z31', 10, 'w75', 491),
('z42', 8, 'w75', 492),
('z18', 6, 'w75', 493),
('z26', 4, 'w75', 494),
('z8', 3, 'w75', 495),
('z13', 5, 'w75', 496),
('z33', 1, 'w75', 497),
('z52', 2, 'w75', 498),
('z31', 10, 'w76', 499),
('z42', 8, 'w76', 500),
('z20', 5, 'w76', 501),
('z26', 3, 'w76', 502),
('z54', 6, 'w76', 503),
('z8', 2, 'w76', 504),
('z37', 4, 'w76', 505),
('z57', 1, 'w76', 506),
('z31', 10, 'w77', 507),
('z42', 6, 'w77', 508),
('z18', 4, 'w77', 509),
('z11', 8, 'w77', 510),
('z19', 1, 'w77', 511),
('z20', 5, 'w77', 512),
('z26', 2, 'w77', 513),
('z8', 3, 'w77', 514),
('z31', 10, 'w78', 515),
('z42', 6, 'w78', 516),
('z18', 5, 'w78', 517),
('z19', 4, 'w78', 518),
('z26', 8, 'w78', 519),
('z8', 2, 'w78', 520),
('z13', 3, 'w78', 521),
('z32', 1, 'w78', 522),
('z31', 10, 'w79', 523),
('z18', 8, 'w79', 524),
('z11', 6, 'w79', 525),
('z19', 4, 'w79', 526),
('z54', 1, 'w79', 527),
('z8', 5, 'w79', 528),
('z32', 3, 'w79', 529),
('z1', 2, 'w79', 530),
('z31', 10, 'w80', 531),
('z42', 8, 'w80', 532),
('z18', 4, 'w80', 533),
('z11', 6, 'w80', 534),
('z19', 5, 'w80', 535),
('z54', 3, 'w80', 536),
('z13', 1, 'w80', 537),
('z1', 2, 'w80', 538),
('z31', 8, 'w81', 539),
('z42', 6, 'w81', 540),
('z26', 10, 'w81', 541),
('z8', 2, 'w81', 542),
('z13', 4, 'w81', 543),
('z12', 5, 'w81', 544),
('z37', 1, 'w81', 545),
('z7', 3, 'w81', 546),
('z31', 8, 'w82', 547),
('z42', 10, 'w82', 548),
('z18', 6, 'w82', 549),
('z19', 4, 'w82', 550),
('z54', 5, 'w82', 551),
('z8', 3, 'w82', 552),
('z13', 1, 'w82', 553),
('z1', 2, 'w82', 554),
('z42', 10, 'w83', 555),
('z18', 8, 'w83', 556),
('z11', 5, 'w83', 557),
('z19', 4, 'w83', 558),
('z26', 6, 'w83', 559),
('z54', 3, 'w83', 560),
('z13', 2, 'w83', 561),
('z12', 1, 'w83', 562),
('z31', 10, 'w84', 563),
('z18', 6, 'w84', 564),
('z11', 4, 'w84', 565),
('z19', 2, 'w84', 566),
('z26', 3, 'w84', 567),
('z54', 5, 'w84', 568),
('z46', 8, 'w84', 569),
('z13', 1, 'w84', 570),
('z31', 2, 'w85', 571),
('z42', 6, 'w85', 572),
('z11', 5, 'w85', 573),
('z19', 10, 'w85', 574),
('z26', 8, 'w85', 575),
('z54', 3, 'w85', 576),
('z46', 4, 'w85', 577),
('z12', 1, 'w85', 578),
('z11', 6, 'w86', 579),
('z26', 1, 'w86', 580),
('z19', 3, 'w86', 581),
('z13', 10, 'w86', 582),
('z42', 8, 'w86', 583),
('z32', 4, 'w86', 584),
('z8', 5, 'w86', 585),
('z7', 2, 'w86', 586),
('z11', 10, 'w87', 587),
('z31', 2, 'w87', 588),
('z19', 5, 'w87', 589),
('z46', 4, 'w87', 590),
('z20', 8, 'w87', 591),
('z33', 6, 'w87', 592),
('z8', 3, 'w87', 593),
('z7', 1, 'w87', 594),
('z11', 10, 'w88', 595),
('z26', 6, 'w88', 596),
('z46', 5, 'w88', 597),
('z20', 8, 'w88', 598),
('z32', 3, 'w88', 599),
('z8', 1, 'w88', 600),
('z12', 2, 'w88', 601),
('z38', 4, 'w88', 602),
('z11', 10, 'w89', 603),
('z31', 8, 'w89', 604),
('z20', 4, 'w89', 605),
('z32', 2, 'w89', 606),
('z33', 3, 'w89', 607),
('z23', 5, 'w89', 608),
('z3', 6, 'w89', 609),
('z55', 1, 'w89', 610),
('z11', 8, 'w90', 611),
('z26', 10, 'w90', 612),
('z19', 2, 'w90', 613),
('z13', 4, 'w90', 614),
('z46', 5, 'w90', 615),
('z20', 6, 'w90', 616),
('z32', 3, 'w90', 617),
('z8', 1, 'w90', 618),
('z11', 5, 'w91', 619),
('z26', 10, 'w91', 620),
('z31', 2, 'w91', 621),
('z19', 4, 'w91', 622),
('z46', 3, 'w91', 623),
('z42', 1, 'w91', 624),
('z32', 6, 'w91', 625),
('z33', 8, 'w91', 626),
('z11', 10, 'w92', 627),
('z31', 4, 'w92', 628),
('z19', 2, 'w92', 629),
('z13', 3, 'w92', 630),
('z20', 1, 'w92', 631),
('z42', 6, 'w92', 632),
('z33', 8, 'w92', 633),
('z8', 5, 'w92', 634),
('z26', 10, 'w93', 635),
('z31', 8, 'w93', 636),
('z46', 3, 'w93', 637),
('z42', 6, 'w93', 638),
('z32', 4, 'w93', 639),
('z8', 2, 'w93', 640),
('z12', 5, 'w93', 641),
('z7', 1, 'w93', 642),
('z31', 10, 'w94', 643),
('z42', 8, 'w94', 644),
('z53', 6, 'w94', 645),
('z35', 5, 'w94', 646),
('z5', 4, 'w94', 647),
('z40', 3, 'w94', 648),
('z11', 10, 'w95', 649),
('z26', 8, 'w95', 650),
('z31', 6, 'w95', 651),
('z13', 3, 'w95', 652),
('z46', 2, 'w95', 653),
('z20', 4, 'w95', 654),
('z18', 5, 'w95', 655),
('z23', 1, 'w95', 656),
('z11', 8, 'w96', 657),
('z26', 6, 'w96', 658),
('z31', 3, 'w96', 659),
('z19', 10, 'w96', 660),
('z13', 5, 'w96', 661),
('z46', 1, 'w96', 662),
('z42', 2, 'w96', 663),
('z18', 4, 'w96', 664),
('z11', 10, 'w97', 665),
('z31', 4, 'w97', 666),
('z19', 8, 'w97', 667),
('z13', 5, 'w97', 668),
('z46', 3, 'w97', 669),
('z18', 6, 'w97', 670),
('z8', 2, 'w97', 671),
('z12', 1, 'w97', 672),
('z26', 10, 'w98', 673),
('z31', 8, 'w98', 674),
('z46', 6, 'w98', 675),
('z20', 5, 'w98', 676),
('z18', 4, 'w98', 677),
('z32', 2, 'w98', 678),
('z33', 3, 'w98', 679),
('z54', 1, 'w98', 680),
('z11', 8, 'w99', 681),
('z26', 10, 'w99', 682),
('z19', 6, 'w99', 683),
('z13', 5, 'w99', 684),
('z20', 3, 'w99', 685),
('z18', 4, 'w99', 686),
('z8', 2, 'w99', 687),
('z7', 1, 'w99', 688),
('z11', 8, 'w100', 689),
('z26', 5, 'w100', 690),
('z19', 10, 'w100', 691),
('z13', 6, 'w100', 692),
('z46', 3, 'w100', 693),
('z20', 4, 'w100', 694),
('z18', 1, 'w100', 695),
('z1', 2, 'w100', 696),
('z11', 8, 'w101', 697),
('z26', 10, 'w101', 698),
('z46', 2, 'w101', 699),
('z42', 4, 'w101', 700),
('z18', 6, 'w101', 701),
('z32', 5, 'w101', 702),
('z23', 3, 'w101', 703),
('z53', 1, 'w101', 704),
('z11', 6, 'w102', 705),
('z26', 8, 'w102', 706),
('z31', 5, 'w102', 707),
('z19', 10, 'w102', 708),
('z13', 4, 'w102', 709),
('z46', 1, 'w102', 710),
('z42', 3, 'w102', 711),
('z18', 2, 'w102', 712),
('z11', 6, 'w103', 713),
('z26', 10, 'w103', 714),
('z31', 2, 'w103', 715),
('z13', 8, 'w103', 716),
('z46', 1, 'w103', 717),
('z18', 4, 'w103', 718),
('z32', 5, 'w103', 719),
('z8', 3, 'w103', 720),
('z11', 10, 'w104', 721),
('z26', 8, 'w104', 722),
('z13', 5, 'w104', 723),
('z46', 6, 'w104', 724),
('z18', 1, 'w104', 725),
('z32', 2, 'w104', 726),
('z12', 3, 'w104', 727),
('z7', 4, 'w104', 728),
('z11', 10, 'w105', 729),
('z31', 8, 'w105', 730),
('z26', 6, 'w105', 731),
('z18', 5, 'w105', 732),
('z19', 4, 'w105', 733),
('z32', 3, 'w105', 734),
('z36', 2, 'w105', 735),
('z7', 1, 'w105', 736),
('z11', 8, 'w106', 737),
('z31', 3, 'w106', 738),
('z12', 4, 'w106', 739),
('z13', 10, 'w106', 740),
('z18', 6, 'w106', 741),
('z19', 5, 'w106', 742),
('z46', 1, 'w106', 743),
('z23', 2, 'w106', 744),
('z11', 10, 'w107', 745),
('z13', 4, 'w107', 746),
('z26', 8, 'w107', 747),
('z42', 2, 'w107', 748),
('z33', 5, 'w107', 749),
('z46', 6, 'w107', 750),
('z8', 1, 'w107', 751),
('z23', 3, 'w107', 752),
('z11', 8, 'w108', 753),
('z31', 10, 'w108', 754),
('z12', 5, 'w108', 755),
('z13', 1, 'w108', 756),
('z26', 4, 'w108', 757),
('z18', 2, 'w108', 758),
('z19', 6, 'w108', 759),
('z32', 3, 'w108', 760),
('z11', 8, 'w109', 761),
('z31', 10, 'w109', 762),
('z12', 6, 'w109', 763),
('z13', 3, 'w109', 764),
('z26', 5, 'w109', 765),
('z42', 4, 'w109', 766),
('z23', 1, 'w109', 767),
('z36', 2, 'w109', 768),
('z11', 10, 'w110', 769),
('z31', 8, 'w110', 770),
('z12', 5, 'w110', 771),
('z13', 6, 'w110', 772),
('z26', 4, 'w110', 773),
('z18', 3, 'w110', 774),
('z42', 2, 'w110', 775),
('z33', 1, 'w110', 776),
('z11', 10, 'w111', 777),
('z31', 4, 'w111', 778),
('z13', 3, 'w111', 779),
('z42', 5, 'w111', 780),
('z19', 8, 'w111', 781),
('z33', 2, 'w111', 782),
('z46', 1, 'w111', 783),
('z8', 6, 'w111', 784),
('z11', 10, 'w112', 785),
('z31', 8, 'w112', 786),
('z12', 4, 'w112', 787),
('z13', 5, 'w112', 788),
('z26', 6, 'w112', 789),
('z19', 3, 'w112', 790),
('z33', 2, 'w112', 791),
('z23', 1, 'w112', 792),
('z11', 10, 'w113', 793),
('z31', 8, 'w113', 794),
('z12', 4, 'w113', 795),
('z13', 5, 'w113', 796),
('z26', 6, 'w113', 797),
('z33', 2, 'w113', 798),
('z20', 3, 'w113', 799),
('z8', 1, 'w113', 800),
('z11', 4, 'w114', 801),
('z31', 10, 'w114', 802),
('z12', 8, 'w114', 803),
('z13', 6, 'w114', 804),
('z42', 3, 'w114', 805),
('z20', 5, 'w114', 806),
('z8', 2, 'w114', 807),
('z55', 1, 'w114', 808),
('z11', 8, 'w115', 809),
('z31', 10, 'w115', 810),
('z12', 6, 'w115', 811),
('z13', 3, 'w115', 812),
('z26', 4, 'w115', 813),
('z33', 1, 'w115', 814),
('z46', 5, 'w115', 815),
('z38', 2, 'w115', 816),
('z11', 4, 'w116', 817),
('z31', 10, 'w116', 818),
('z12', 8, 'w116', 819),
('z13', 3, 'w116', 820),
('z26', 6, 'w116', 821),
('z18', 5, 'w116', 822),
('z20', 2, 'w116', 823),
('z7', 1, 'w116', 824),
('z31', 1, 'w117', 825),
('z12', 2, 'w117', 826),
('z18', 10, 'w117', 827),
('z42', 5, 'w117', 828),
('z33', 6, 'w117', 829),
('z46', 3, 'w117', 830),
('z38', 8, 'w117', 831),
('z8', 4, 'w117', 832),
('z11', 8, 'w118', 833),
('z31', 6, 'w118', 834),
('z12', 10, 'w118', 835),
('z13', 3, 'w118', 836),
('z18', 5, 'w118', 837),
('z42', 1, 'w118', 838),
('z46', 2, 'w118', 839),
('z38', 4, 'w118', 840),
('z31', 10, 'w119', 841),
('z13', 5, 'w119', 842),
('z26', 8, 'w119', 843),
('z18', 4, 'w119', 844),
('z42', 3, 'w119', 845),
('z33', 1, 'w119', 846),
('z20', 2, 'w119', 847),
('z45', 6, 'w119', 848),
('z11', 8, 'w120', 849),
('z31', 10, 'w120', 850),
('z13', 6, 'w120', 851),
('z18', 5, 'w120', 852),
('z42', 3, 'w120', 853),
('z33', 2, 'w120', 854),
('z38', 4, 'w120', 855),
('z32', 1, 'w120', 856),
('z11', 10, 'w121', 857),
('z12', 8, 'w121', 858),
('z13', 6, 'w121', 859),
('z26', 4, 'w121', 860),
('z18', 5, 'w121', 861),
('z33', 1, 'w121', 862),
('z46', 2, 'w121', 863),
('z20', 3, 'w121', 864),
('z11', 8, 'w122', 865),
('z31', 5, 'w122', 866),
('z12', 10, 'w122', 867),
('z13', 3, 'w122', 868),
('z26', 4, 'w122', 869),
('z18', 6, 'w122', 870),
('z42', 2, 'w122', 871),
('z38', 1, 'w122', 872),
('z26', 10, 'w123', 873),
('z27', 6, 'w123', 874),
('z11', 8, 'w123', 875),
('z12', 3, 'w123', 876),
('z33', 5, 'w123', 877),
('z13', 4, 'w123', 878),
('z36', 2, 'w123', 879),
('z46', 1, 'w123', 880),
('z26', 6, 'w124', 881),
('z27', 8, 'w124', 882),
('z11', 10, 'w124', 883),
('z12', 4, 'w124', 884),
('z33', 5, 'w124', 885),
('z15', 1, 'w124', 886),
('z13', 3, 'w124', 887),
('z20', 2, 'w124', 888),
('z26', 6, 'w125', 889),
('z27', 8, 'w125', 890),
('z11', 4, 'w125', 891),
('z12', 10, 'w125', 892),
('z33', 5, 'w125', 893),
('z45', 3, 'w125', 894),
('z13', 1, 'w125', 895),
('z20', 2, 'w125', 896),
('z27', 8, 'w126', 897),
('z11', 6, 'w126', 898),
('z12', 10, 'w126', 899),
('z45', 5, 'w126', 900),
('z15', 2, 'w126', 901),
('z36', 3, 'w126', 902),
('z8', 4, 'w126', 903),
('z54', 1, 'w126', 904),
('z26', 1, 'w127', 905),
('z27', 8, 'w127', 906),
('z11', 10, 'w127', 907),
('z12', 6, 'w127', 908),
('z33', 3, 'w127', 909),
('z45', 4, 'w127', 910),
('z13', 5, 'w127', 911),
('z3', 2, 'w127', 912),
('z26', 4, 'w128', 913),
('z27', 10, 'w128', 914),
('z11', 2, 'w128', 915),
('z33', 8, 'w128', 916),
('z15', 5, 'w128', 917),
('z3', 6, 'w128', 918),
('z46', 1, 'w128', 919),
('z54', 3, 'w128', 920),
('z26', 5, 'w129', 921),
('z27', 10, 'w129', 922),
('z11', 8, 'w129', 923),
('z12', 6, 'w129', 924),
('z15', 4, 'w129', 925),
('z32', 2, 'w129', 926),
('z20', 3, 'w129', 927),
('z51', 1, 'w129', 928),
('z26', 10, 'w130', 929),
('z27', 6, 'w130', 930),
('z11', 2, 'w130', 931),
('z12', 8, 'w130', 932),
('z33', 4, 'w130', 933),
('z45', 5, 'w130', 934),
('z13', 3, 'w130', 935),
('z18', 1, 'w130', 936),
('z26', 10, 'w131', 937),
('z27', 6, 'w131', 938),
('z11', 8, 'w131', 939),
('z12', 4, 'w131', 940),
('z33', 3, 'w131', 941),
('z45', 5, 'w131', 942),
('z15', 2, 'w131', 943),
('z13', 1, 'w131', 944),
('z11', 10, 'w132', 945),
('z12', 8, 'w132', 946),
('z33', 3, 'w132', 947),
('z45', 2, 'w132', 948),
('z15', 1, 'w132', 949),
('z8', 4, 'w132', 950),
('z3', 5, 'w132', 951),
('z32', 6, 'w132', 952),
('z26', 8, 'w133', 953),
('z27', 10, 'w133', 954),
('z11', 5, 'w133', 955),
('z33', 6, 'w133', 956),
('z45', 4, 'w133', 957),
('z15', 1, 'w133', 958),
('z36', 2, 'w133', 959),
('z46', 3, 'w133', 960),
('z26', 8, 'w134', 961),
('z27', 4, 'w134', 962),
('z11', 6, 'w134', 963),
('z12', 10, 'w134', 964),
('z33', 5, 'w134', 965),
('z45', 1, 'w134', 966),
('z15', 3, 'w134', 967),
('z36', 2, 'w134', 968),
('z26', 6, 'w135', 969),
('z27', 8, 'w135', 970),
('z11', 10, 'w135', 971),
('z33', 5, 'w135', 972),
('z45', 4, 'w135', 973),
('z15', 2, 'w135', 974),
('z36', 3, 'w135', 975),
('z18', 1, 'w135', 976),
('z26', 10, 'w136', 977),
('z27', 5, 'w136', 978),
('z11', 6, 'w136', 979),
('z12', 8, 'w136', 980),
('z33', 4, 'w136', 981),
('z15', 1, 'w136', 982),
('z36', 3, 'w136', 983),
('z32', 2, 'w136', 984),
('z26', 6, 'w137', 985),
('z27', 10, 'w137', 986),
('z12', 3, 'w137', 987),
('z45', 2, 'w137', 988),
('z15', 8, 'w137', 989),
('z13', 4, 'w137', 990),
('z8', 5, 'w137', 991),
('z2', 1, 'w137', 992),
('z26', 10, 'w138', 993),
('z11', 8, 'w138', 994),
('z12', 6, 'w138', 995),
('z33', 2, 'w138', 996),
('z8', 1, 'w138', 997),
('z51', 5, 'w138', 998),
('z18', 4, 'w138', 999),
('z55', 3, 'w138', 1000),
('z26', 10, 'w139', 1001),
('z27', 2, 'w139', 1002),
('z11', 6, 'w139', 1003),
('z12', 8, 'w139', 1004),
('z33', 3, 'w139', 1005),
('z45', 4, 'w139', 1006),
('z36', 5, 'w139', 1007),
('z20', 1, 'w139', 1008),
('z27', 10, 'w140', 1009),
('z26', 1, 'w140', 1010),
('z11', 5, 'w140', 1011),
('z33', 8, 'w140', 1012),
('z15', 4, 'w140', 1013),
('z36', 6, 'w140', 1014),
('z25', 3, 'w140', 1015),
('z48', 2, 'w140', 1016),
('z27', 4, 'w141', 1017),
('z26', 10, 'w141', 1018),
('z45', 8, 'w141', 1019),
('z11', 1, 'w141', 1020),
('z33', 3, 'w141', 1021),
('z15', 6, 'w141', 1022),
('z20', 5, 'w141', 1023),
('z32', 2, 'w141', 1024),
('z12', 10, 'w142', 1025),
('z26', 8, 'w142', 1026),
('z45', 6, 'w142', 1027),
('z33', 5, 'w142', 1028),
('z15', 4, 'w142', 1029),
('z20', 3, 'w142', 1030),
('z32', 2, 'w142', 1031),
('z36', 1, 'w142', 1032),
('z27', 6, 'w143', 1033),
('z12', 8, 'w143', 1034),
('z26', 10, 'w143', 1035),
('z45', 5, 'w143', 1036),
('z20', 1, 'w143', 1037),
('z32', 4, 'w143', 1038),
('z25', 2, 'w143', 1039),
('z18', 3, 'w143', 1040),
('z27', 8, 'w144', 1041),
('z12', 10, 'w144', 1042),
('z26', 6, 'w144', 1043),
('z45', 5, 'w144', 1044),
('z11', 3, 'w144', 1045),
('z33', 4, 'w144', 1046),
('z32', 2, 'w144', 1047),
('z36', 1, 'w144', 1048),
('z27', 10, 'w145', 1049),
('z12', 6, 'w145', 1050),
('z45', 8, 'w145', 1051),
('z15', 1, 'w145', 1052),
('z51', 4, 'w145', 1053),
('z32', 5, 'w145', 1054),
('z42', 3, 'w145', 1055),
('z25', 2, 'w145', 1056),
('z12', 4, 'w146', 1057),
('z45', 10, 'w146', 1058),
('z33', 8, 'w146', 1059),
('z51', 1, 'w146', 1060),
('z20', 3, 'w146', 1061),
('z52', 5, 'w146', 1062),
('z42', 2, 'w146', 1063),
('z8', 6, 'w146', 1064),
('z12', 10, 'w147', 1065),
('z26', 8, 'w147', 1066),
('z45', 4, 'w147', 1067),
('z11', 1, 'w147', 1068),
('z15', 5, 'w147', 1069),
('z20', 6, 'w147', 1070),
('z32', 3, 'w147', 1071),
('z35', 2, 'w147', 1072),
('z27', 10, 'w148', 1073),
('z26', 5, 'w148', 1074),
('z11', 3, 'w148', 1075),
('z33', 8, 'w148', 1076),
('z15', 4, 'w148', 1077),
('z20', 2, 'w148', 1078),
('z42', 6, 'w148', 1079),
('z25', 1, 'w148', 1080),
('z27', 10, 'w149', 1081),
('z12', 6, 'w149', 1082),
('z26', 3, 'w149', 1083),
('z45', 2, 'w149', 1084),
('z33', 5, 'w149', 1085),
('z15', 4, 'w149', 1086),
('z51', 1, 'w149', 1087),
('z35', 8, 'w149', 1088),
('z27', 4, 'w150', 1089),
('z26', 6, 'w150', 1090),
('z45', 1, 'w150', 1091),
('z11', 5, 'w150', 1092),
('z15', 10, 'w150', 1093),
('z20', 2, 'w150', 1094),
('z52', 8, 'w150', 1095),
('z35', 3, 'w150', 1096),
('z27', 8, 'w151', 1097),
('z12', 10, 'w151', 1098),
('z45', 6, 'w151', 1099),
('z15', 5, 'w151', 1100),
('z51', 3, 'w151', 1101),
('z20', 4, 'w151', 1102),
('z52', 2, 'w151', 1103),
('z36', 1, 'w151', 1104),
('z27', 6, 'w152', 1105),
('z12', 10, 'w152', 1106),
('z45', 3, 'w152', 1107),
('z11', 5, 'w152', 1108),
('z33', 8, 'w152', 1109),
('z51', 4, 'w152', 1110),
('z32', 1, 'w152', 1111),
('z48', 2, 'w152', 1112),
('z27', 2, 'w153', 1113),
('z12', 3, 'w153', 1114),
('z45', 6, 'w153', 1115),
('z11', 5, 'w153', 1116),
('z33', 4, 'w153', 1117),
('z15', 8, 'w153', 1118),
('z51', 10, 'w153', 1119),
('z32', 1, 'w153', 1120),
('z27', 6, 'w154', 1121),
('z11', 10, 'w154', 1122),
('z33', 3, 'w154', 1123),
('z51', 4, 'w154', 1124),
('z52', 5, 'w154', 1125),
('z36', 8, 'w154', 1126),
('z25', 1, 'w154', 1127),
('z8', 2, 'w154', 1128),
('z12', 2, 'w155', 1129),
('z26', 6, 'w155', 1130),
('z45', 8, 'w155', 1131),
('z11', 10, 'w155', 1132),
('z51', 3, 'w155', 1133),
('z20', 4, 'w155', 1134),
('z32', 1, 'w155', 1135),
('z35', 5, 'w155', 1136),
('z27', 10, 'w156', 1137),
('z12', 8, 'w156', 1138),
('z26', 6, 'w156', 1139),
('z45', 3, 'w156', 1140),
('z11', 5, 'w156', 1141),
('z33', 4, 'w156', 1142),
('z52', 2, 'w156', 1143),
('z35', 1, 'w156', 1144),
('z27', 4, 'w157', 1145),
('z12', 10, 'w157', 1146),
('z26', 6, 'w157', 1147),
('z11', 8, 'w157', 1148),
('z15', 2, 'w157', 1149),
('z51', 5, 'w157', 1150),
('z20', 1, 'w157', 1151),
('z52', 3, 'w157', 1152),
('z18', 10, 'w158', 1153),
('z42', 8, 'w158', 1154),
('z36', 3, 'w158', 1155),
('z20', 6, 'w158', 1156),
('z11', 4, 'w158', 1157),
('z52', 5, 'w158', 1158),
('z49', 2, 'w158', 1159),
('z48', 1, 'w158', 1160),
('z18', 5, 'w159', 1161),
('z42', 2, 'w159', 1162),
('z32', 1, 'w159', 1163),
('z27', 1, 'w159', 1164),
('z36', 0, 'w159', 1165),
('z20', 2, 'w159', 1166),
('z52', 3, 'w159', 1167),
('z33', 4, 'w159', 1168),
('z18', 6, 'w160', 1169),
('z51', 10, 'w160', 1170),
('z42', 5, 'w160', 1171),
('z32', 8, 'w160', 1172),
('z27', 3, 'w160', 1173),
('z52', 2, 'w160', 1174),
('z15', 4, 'w160', 1175),
('z49', 1, 'w160', 1176),
('z18', 10, 'w161', 1177),
('z51', 8, 'w161', 1178),
('z42', 4, 'w161', 1179),
('z27', 5, 'w161', 1180),
('z26', 3, 'w161', 1181),
('z20', 6, 'w161', 1182),
('z11', 1, 'w161', 1183),
('z52', 2, 'w161', 1184),
('z18', 10, 'w162', 1185),
('z51', 5, 'w162', 1186),
('z42', 8, 'w162', 1187),
('z32', 6, 'w162', 1188),
('z36', 1, 'w162', 1189),
('z11', 4, 'w162', 1190),
('z12', 3, 'w162', 1191),
('z33', 2, 'w162', 1192),
('z18', 10, 'w163', 1193),
('z42', 8, 'w163', 1194),
('z32', 4, 'w163', 1195),
('z26', 6, 'w163', 1196),
('z36', 3, 'w163', 1197),
('z11', 2, 'w163', 1198),
('z12', 5, 'w163', 1199),
('z48', 1, 'w163', 1200),
('z18', 10, 'w164', 1201),
('z51', 6, 'w164', 1202),
('z32', 8, 'w164', 1203),
('z36', 4, 'w164', 1204),
('z20', 5, 'w164', 1205),
('z52', 1, 'w164', 1206),
('z12', 3, 'w164', 1207),
('z45', 2, 'w164', 1208),
('z18', 3, 'w165', 1209),
('z51', 10, 'w165', 1210),
('z42', 6, 'w165', 1211),
('z32', 8, 'w165', 1212),
('z26', 1, 'w165', 1213),
('z36', 4, 'w165', 1214),
('z20', 2, 'w165', 1215),
('z12', 5, 'w165', 1216),
('z18', 4, 'w166', 1217),
('z51', 8, 'w166', 1218),
('z42', 3, 'w166', 1219),
('z32', 10, 'w166', 1220),
('z36', 5, 'w166', 1221),
('z11', 2, 'w166', 1222),
('z12', 6, 'w166', 1223),
('z15', 1, 'w166', 1224),
('z18', 2, 'w167', 1225),
('z32', 6, 'w167', 1226),
('z27', 10, 'w167', 1227),
('z26', 8, 'w167', 1228),
('z36', 5, 'w167', 1229),
('z20', 1, 'w167', 1230),
('z52', 3, 'w167', 1231),
('z15', 4, 'w167', 1232),
('z18', 2, 'w168', 1233),
('z42', 10, 'w168', 1234),
('z27', 8, 'w168', 1235),
('z26', 6, 'w168', 1236),
('z36', 4, 'w168', 1237),
('z11', 3, 'w168', 1238),
('z15', 5, 'w168', 1239),
('z45', 1, 'w168', 1240),
('z51', 6, 'w169', 1241),
('z42', 2, 'w169', 1242),
('z26', 10, 'w169', 1243),
('z36', 1, 'w169', 1244),
('z15', 3, 'w169', 1245),
('z33', 4, 'w169', 1246),
('z45', 5, 'w169', 1247),
('z13', 8, 'w169', 1248),
('z18', 8, 'w170', 1249),
('z51', 1, 'w170', 1250),
('z42', 10, 'w170', 1251),
('z26', 6, 'w170', 1252),
('z11', 4, 'w170', 1253),
('z15', 3, 'w170', 1254),
('z33', 2, 'w170', 1255),
('z2', 5, 'w170', 1256),
('z18', 4, 'w171', 1257),
('z51', 5, 'w171', 1258),
('z42', 3, 'w171', 1259),
('z27', 10, 'w171', 1260),
('z11', 6, 'w171', 1261),
('z52', 8, 'w171', 1262),
('z15', 2, 'w171', 1263),
('z45', 1, 'w171', 1264),
('z18', 1, 'w172', 1265),
('z51', 10, 'w172', 1266),
('z42', 2, 'w172', 1267),
('z27', 6, 'w172', 1268),
('z26', 5, 'w172', 1269),
('z36', 4, 'w172', 1270),
('z20', 8, 'w172', 1271),
('z33', 3, 'w172', 1272),
('z18', 4, 'w173', 1273),
('z51', 5, 'w173', 1274),
('z42', 1, 'w173', 1275),
('z32', 10, 'w173', 1276),
('z27', 6, 'w173', 1277),
('z26', 3, 'w173', 1278),
('z45', 8, 'w173', 1279),
('z49', 2, 'w173', 1280),
('z18', 6, 'w174', 1281),
('z51', 10, 'w174', 1282),
('z42', 5, 'w174', 1283),
('z32', 8, 'w174', 1284),
('z20', 2, 'w174', 1285),
('z33', 4, 'w174', 1286),
('z49', 1, 'w174', 1287),
('z25', 3, 'w174', 1288),
('z51', 12, 'w175', 1289),
('z11', 25, 'w175', 1290),
('z32', 4, 'w175', 1291),
('z27', 15, 'w175', 1292),
('z18', 6, 'w175', 1293),
('z12', 18, 'w175', 1294),
('z36', 10, 'w175', 1295),
('z31', 8, 'w175', 1296),
('z42', 1, 'w175', 1297),
('z55', 2, 'w175', 1298),
('z11', 12, 'w176', 1299),
('z32', 2, 'w176', 1300),
('z27', 8, 'w176', 1301),
('z18', 25, 'w176', 1302),
('z12', 15, 'w176', 1303),
('z36', 10, 'w176', 1304),
('z45', 18, 'w176', 1305),
('z31', 1, 'w176', 1306),
('z42', 4, 'w176', 1307),
('z55', 6, 'w176', 1308),
('z51', 25, 'w177', 1309),
('z32', 18, 'w177', 1310),
('z27', 8, 'w177', 1311),
('z18', 4, 'w177', 1312),
('z12', 6, 'w177', 1313),
('z36', 15, 'w177', 1314),
('z45', 12, 'w177', 1315),
('z2', 10, 'w177', 1316),
('z34', 1, 'w177', 1317),
('z17', 2, 'w177', 1318),
('z51', 8, 'w178', 1319),
('z11', 12, 'w178', 1320),
('z32', 4, 'w178', 1321),
('z27', 18, 'w178', 1322),
('z18', 25, 'w178', 1323),
('z12', 2, 'w178', 1324),
('z36', 15, 'w178', 1325),
('z45', 10, 'w178', 1326),
('z31', 1, 'w178', 1327),
('z56', 6, 'w178', 1328),
('z51', 15, 'w179', 1329),
('z11', 18, 'w179', 1330),
('z32', 25, 'w179', 1331),
('z18', 10, 'w179', 1332),
('z12', 8, 'w179', 1333),
('z45', 4, 'w179', 1334),
('z31', 12, 'w179', 1335),
('z42', 2, 'w179', 1336),
('z2', 6, 'w179', 1337),
('z17', 1, 'w179', 1338),
('z51', 18, 'w180', 1339),
('z11', 8, 'w180', 1340),
('z32', 25, 'w180', 1341),
('z27', 10, 'w180', 1342),
('z12', 12, 'w180', 1343),
('z36', 6, 'w180', 1344),
('z45', 15, 'w180', 1345),
('z2', 4, 'w180', 1346),
('z55', 2, 'w180', 1347),
('z49', 1, 'w180', 1348),
('z11', 4, 'w181', 1349),
('z32', 15, 'w181', 1350),
('z27', 25, 'w181', 1351),
('z18', 18, 'w181', 1352),
('z12', 6, 'w181', 1353),
('z36', 10, 'w181', 1354),
('z45', 8, 'w181', 1355),
('z31', 12, 'w181', 1356),
('z2', 2, 'w181', 1357),
('z25', 1, 'w181', 1358),
('z51', 12, 'w182', 1359),
('z11', 15, 'w182', 1360),
('z32', 10, 'w182', 1361),
('z27', 25, 'w182', 1362),
('z18', 18, 'w182', 1363),
('z36', 8, 'w182', 1364),
('z45', 6, 'w182', 1365),
('z2', 1, 'w182', 1366),
('z55', 2, 'w182', 1367),
('z49', 4, 'w182', 1368),
('z51', 25, 'w183', 1369),
('z11', 4, 'w183', 1370),
('z27', 18, 'w183', 1371),
('z18', 15, 'w183', 1372),
('z36', 1, 'w183', 1373),
('z45', 10, 'w183', 1374),
('z42', 12, 'w183', 1375),
('z2', 8, 'w183', 1376),
('z25', 6, 'w183', 1377),
('z49', 2, 'w183', 1378),
('z51', 6, 'w184', 1379),
('z32', 25, 'w184', 1380),
('z27', 18, 'w184', 1381),
('z18', 12, 'w184', 1382),
('z36', 15, 'w184', 1383),
('z31', 2, 'w184', 1384),
('z42', 10, 'w184', 1385),
('z2', 4, 'w184', 1386),
('z25', 8, 'w184', 1387),
('z34', 1, 'w184', 1388),
('z51', 15, 'w185', 1389),
('z11', 25, 'w185', 1390),
('z32', 8, 'w185', 1391),
('z27', 12, 'w185', 1392),
('z18', 10, 'w185', 1393),
('z12', 18, 'w185', 1394),
('z36', 4, 'w185', 1395),
('z45', 6, 'w185', 1396),
('z31', 2, 'w185', 1397),
('z56', 1, 'w185', 1398),
('z51', 15, 'w186', 1399),
('z11', 18, 'w186', 1400),
('z32', 25, 'w186', 1401),
('z18', 4, 'w186', 1402),
('z12', 12, 'w186', 1403),
('z42', 1, 'w186', 1404),
('z25', 2, 'w186', 1405),
('z56', 10, 'w186', 1406),
('z34', 8, 'w186', 1407),
('z38', 6, 'w186', 1408),
('z32', 18, 'w187', 1409),
('z27', 25, 'w187', 1410),
('z12', 12, 'w187', 1411),
('z36', 8, 'w187', 1412),
('z45', 15, 'w187', 1413),
('z31', 6, 'w187', 1414),
('z2', 10, 'w187', 1415),
('z25', 4, 'w187', 1416),
('z56', 2, 'w187', 1417),
('z55', 1, 'w187', 1418),
('z51', 12, 'w188', 1419),
('z11', 25, 'w188', 1420),
('z32', 8, 'w188', 1421),
('z18', 18, 'w188', 1422),
('z12', 15, 'w188', 1423),
('z36', 10, 'w188', 1424),
('z45', 4, 'w188', 1425),
('z31', 2, 'w188', 1426),
('z42', 1, 'w188', 1427),
('z34', 6, 'w188', 1428),
('z51', 18, 'w189', 1429),
('z11', 25, 'w189', 1430),
('z32', 15, 'w189', 1431),
('z18', 12, 'w189', 1432),
('z12', 4, 'w189', 1433),
('z36', 10, 'w189', 1434),
('z45', 6, 'w189', 1435),
('z42', 8, 'w189', 1436),
('z2', 2, 'w189', 1437),
('z34', 1, 'w189', 1438),
('z51', 25, 'w190', 1439),
('z11', 15, 'w190', 1440),
('z32', 18, 'w190', 1441),
('z27', 10, 'w190', 1442),
('z18', 12, 'w190', 1443),
('z31', 8, 'w190', 1444),
('z42', 2, 'w190', 1445),
('z25', 6, 'w190', 1446),
('z49', 1, 'w190', 1447),
('z33', 4, 'w190', 1448),
('z11', 25, 'w191', 1449),
('z27', 18, 'w191', 1450),
('z12', 15, 'w191', 1451),
('z45', 10, 'w191', 1452),
('z31', 12, 'w191', 1453),
('z42', 6, 'w191', 1454),
('z25', 4, 'w191', 1455),
('z34', 1, 'w191', 1456),
('z55', 8, 'w191', 1457),
('z33', 2, 'w191', 1458),
('z51', 25, 'w192', 1459),
('z11', 15, 'w192', 1460),
('z32', 18, 'w192', 1461),
('z27', 12, 'w192', 1462),
('z18', 10, 'w192', 1463),
('z36', 8, 'w192', 1464),
('z45', 2, 'w192', 1465),
('z31', 6, 'w192', 1466),
('z25', 1, 'w192', 1467),
('z34', 4, 'w192', 1468),
('z51', 25, 'w193', 1469),
('z11', 6, 'w193', 1470),
('z32', 4, 'w193', 1471),
('z27', 18, 'w193', 1472),
('z18', 15, 'w193', 1473),
('z12', 1, 'w193', 1474),
('z36', 12, 'w193', 1475),
('z45', 10, 'w193', 1476),
('z56', 8, 'w193', 1477),
('z17', 2, 'w193', 1478),
('z51', 25, 'w194', 1479),
('z18', 8, 'w194', 1480),
('z32', 10, 'w194', 1481),
('z11', 12, 'w194', 1482),
('z27', 18, 'w194', 1483),
('z12', 6, 'w194', 1484),
('z2', 2, 'w194', 1485),
('z56', 15, 'w194', 1486),
('z39', 1, 'w194', 1487),
('z49', 4, 'w194', 1488),
('z51', 25, 'w195', 1489),
('z18', 18, 'w195', 1490),
('z32', 12, 'w195', 1491),
('z11', 8, 'w195', 1492),
('z27', 4, 'w195', 1493),
('z12', 10, 'w195', 1494),
('z31', 2, 'w195', 1495),
('z33', 15, 'w195', 1496),
('z25', 6, 'w195', 1497),
('z39', 1, 'w195', 1498),
('z51', 18, 'w196', 1499),
('z18', 12, 'w196', 1500),
('z32', 15, 'w196', 1501),
('z11', 6, 'w196', 1502),
('z27', 25, 'w196', 1503),
('z12', 8, 'w196', 1504),
('z36', 10, 'w196', 1505),
('z31', 4, 'w196', 1506),
('z56', 2, 'w196', 1507),
('z25', 1, 'w196', 1508),
('z51', 25, 'w197', 1509),
('z18', 8, 'w197', 1510),
('z32', 18, 'w197', 1511),
('z11', 15, 'w197', 1512),
('z27', 12, 'w197', 1513),
('z36', 10, 'w197', 1514),
('z56', 4, 'w197', 1515),
('z33', 6, 'w197', 1516),
('z25', 1, 'w197', 1517),
('z49', 2, 'w197', 1518),
('z51', 25, 'w198', 1519),
('z18', 15, 'w198', 1520),
('z32', 12, 'w198', 1521),
('z11', 10, 'w198', 1522),
('z27', 18, 'w198', 1523),
('z36', 6, 'w198', 1524),
('z31', 8, 'w198', 1525),
('z33', 4, 'w198', 1526),
('z25', 1, 'w198', 1527),
('z50', 2, 'w198', 1528),
('z51', 25, 'w199', 1529),
('z18', 15, 'w199', 1530),
('z32', 12, 'w199', 1531),
('z11', 18, 'w199', 1532),
('z27', 8, 'w199', 1533),
('z2', 6, 'w199', 1534),
('z33', 4, 'w199', 1535),
('z25', 10, 'w199', 1536),
('z49', 1, 'w199', 1537),
('z42', 2, 'w199', 1538),
('z51', 18, 'w200', 1539),
('z18', 25, 'w200', 1540),
('z32', 15, 'w200', 1541),
('z12', 8, 'w200', 1542),
('z31', 12, 'w200', 1543),
('z56', 10, 'w200', 1544),
('z25', 6, 'w200', 1545),
('z17', 4, 'w200', 1546),
('z49', 1, 'w200', 1547),
('z42', 2, 'w200', 1548),
('z51', 25, 'w201', 1549),
('z18', 8, 'w201', 1550),
('z32', 15, 'w201', 1551),
('z11', 18, 'w201', 1552),
('z27', 12, 'w201', 1553),
('z12', 10, 'w201', 1554),
('z36', 6, 'w201', 1555),
('z2', 2, 'w201', 1556),
('z33', 1, 'w201', 1557),
('z17', 4, 'w201', 1558),
('z51', 18, 'w202', 1559),
('z32', 15, 'w202', 1560),
('z11', 25, 'w202', 1561),
('z27', 12, 'w202', 1562),
('z12', 10, 'w202', 1563),
('z36', 8, 'w202', 1564),
('z31', 2, 'w202', 1565),
('z33', 4, 'w202', 1566),
('z17', 1, 'w202', 1567),
('z50', 6, 'w202', 1568),
('z51', 12, 'w203', 1569),
('z32', 15, 'w203', 1570),
('z11', 18, 'w203', 1571),
('z27', 25, 'w203', 1572),
('z12', 10, 'w203', 1573),
('z36', 6, 'w203', 1574),
('z31', 4, 'w203', 1575),
('z2', 8, 'w203', 1576),
('z56', 1, 'w203', 1577),
('z25', 2, 'w203', 1578),
('z51', 18, 'w204', 1579),
('z18', 25, 'w204', 1580),
('z32', 10, 'w204', 1581),
('z11', 15, 'w204', 1582),
('z27', 12, 'w204', 1583),
('z12', 8, 'w204', 1584),
('z36', 2, 'w204', 1585),
('z39', 6, 'w204', 1586),
('z17', 1, 'w204', 1587),
('z49', 4, 'w204', 1588),
('z51', 25, 'w205', 1589),
('z18', 15, 'w205', 1590),
('z32', 18, 'w205', 1591),
('z11', 12, 'w205', 1592),
('z12', 4, 'w205', 1593),
('z36', 8, 'w205', 1594),
('z31', 10, 'w205', 1595),
('z2', 6, 'w205', 1596),
('z56', 2, 'w205', 1597),
('z41', 1, 'w205', 1598),
('z51', 25, 'w206', 1599),
('z18', 18, 'w206', 1600),
('z11', 15, 'w206', 1601),
('z27', 12, 'w206', 1602),
('z12', 8, 'w206', 1603),
('z31', 10, 'w206', 1604),
('z39', 4, 'w206', 1605),
('z17', 6, 'w206', 1606),
('z49', 1, 'w206', 1607),
('z4', 2, 'w206', 1608),
('z51', 25, 'w207', 1609),
('z18', 18, 'w207', 1610),
('z32', 15, 'w207', 1611),
('z11', 12, 'w207', 1612),
('z27', 10, 'w207', 1613),
('z12', 2, 'w207', 1614),
('z36', 6, 'w207', 1615),
('z2', 4, 'w207', 1616),
('z39', 8, 'w207', 1617),
('z50', 1, 'w207', 1618),
('z51', 15, 'w208', 1619),
('z18', 25, 'w208', 1620),
('z32', 12, 'w208', 1621),
('z11', 18, 'w208', 1622),
('z27', 10, 'w208', 1623),
('z12', 6, 'w208', 1624),
('z36', 1, 'w208', 1625),
('z31', 8, 'w208', 1626),
('z56', 2, 'w208', 1627),
('z50', 4, 'w208', 1628),
('z51', 25, 'w209', 1629),
('z18', 12, 'w209', 1630),
('z32', 15, 'w209', 1631),
('z11', 10, 'w209', 1632),
('z27', 18, 'w209', 1633),
('z12', 8, 'w209', 1634),
('z36', 4, 'w209', 1635),
('z39', 1, 'w209', 1636),
('z17', 6, 'w209', 1637),
('z49', 2, 'w209', 1638),
('z51', 25, 'w210', 1639),
('z18', 18, 'w210', 1640),
('z32', 12, 'w210', 1641),
('z11', 15, 'w210', 1642),
('z27', 6, 'w210', 1643),
('z36', 8, 'w210', 1644),
('z31', 10, 'w210', 1645),
('z2', 2, 'w210', 1646),
('z17', 4, 'w210', 1647),
('z50', 1, 'w210', 1648),
('z18', 15, 'w211', 1649),
('z32', 12, 'w211', 1650),
('z11', 18, 'w211', 1651),
('z27', 25, 'w211', 1652),
('z12', 10, 'w211', 1653),
('z36', 8, 'w211', 1654),
('z31', 6, 'w211', 1655),
('z2', 4, 'w211', 1656),
('z25', 1, 'w211', 1657),
('z39', 2, 'w211', 1658),
('z51', 18, 'w212', 1659),
('z18', 15, 'w212', 1660),
('z32', 25, 'w212', 1661),
('z11', 12, 'w212', 1662),
('z12', 10, 'w212', 1663),
('z36', 6, 'w212', 1664),
('z2', 8, 'w212', 1665),
('z56', 1, 'w212', 1666),
('z25', 2, 'w212', 1667),
('z39', 4, 'w212', 1668),
('z51', 18, 'w213', 1669),
('z11', 10, 'w213', 1670),
('z26', 6, 'w213', 1671),
('z27', 15, 'w213', 1672),
('z18', 25, 'w213', 1673),
('z32', 12, 'w213', 1674),
('z50', 4, 'w213', 1675),
('z25', 8, 'w213', 1676),
('z39', 1, 'w213', 1677),
('z9', 2, 'w213', 1678),
('z11', 25, 'w214', 1679),
('z26', 10, 'w214', 1680),
('z27', 15, 'w214', 1681),
('z32', 12, 'w214', 1682),
('z50', 18, 'w214', 1683),
('z34', 2, 'w214', 1684),
('z31', 1, 'w214', 1685),
('z39', 6, 'w214', 1686),
('z4', 8, 'w214', 1687),
('z21', 4, 'w214', 1688),
('z51', 10, 'w215', 1689),
('z11', 2, 'w215', 1690),
('z27', 15, 'w215', 1691),
('z18', 18, 'w215', 1692),
('z32', 12, 'w215', 1693),
('z44', 8, 'w215', 1694),
('z36', 25, 'w215', 1695),
('z25', 1, 'w215', 1696),
('z41', 4, 'w215', 1697),
('z4', 6, 'w215', 1698),
('z51', 25, 'w216', 1699),
('z11', 6, 'w216', 1700),
('z26', 18, 'w216', 1701),
('z27', 4, 'w216', 1702),
('z32', 12, 'w216', 1703),
('z12', 2, 'w216', 1704),
('z44', 15, 'w216', 1705),
('z36', 10, 'w216', 1706),
('z31', 1, 'w216', 1707),
('z39', 8, 'w216', 1708),
('z51', 8, 'w217', 1709),
('z11', 18, 'w217', 1710),
('z26', 15, 'w217', 1711),
('z27', 4, 'w217', 1712),
('z18', 2, 'w217', 1713),
('z44', 12, 'w217', 1714),
('z36', 6, 'w217', 1715),
('z34', 1, 'w217', 1716),
('z25', 10, 'w217', 1717),
('z41', 25, 'w217', 1718),
('z51', 12, 'w218', 1719),
('z11', 15, 'w218', 1720),
('z26', 2, 'w218', 1721),
('z27', 10, 'w218', 1722),
('z32', 25, 'w218', 1723),
('z12', 8, 'w218', 1724),
('z36', 18, 'w218', 1725),
('z34', 4, 'w218', 1726),
('z39', 6, 'w218', 1727),
('z4', 1, 'w218', 1728),
('z51', 12, 'w219', 1729),
('z11', 10, 'w219', 1730),
('z26', 4, 'w219', 1731),
('z27', 25, 'w219', 1732),
('z32', 6, 'w219', 1733),
('z12', 1, 'w219', 1734),
('z44', 18, 'w219', 1735),
('z36', 8, 'w219', 1736),
('z50', 15, 'w219', 1737),
('z25', 2, 'w219', 1738),
('z11', 25, 'w220', 1739),
('z26', 18, 'w220', 1740),
('z18', 4, 'w220', 1741),
('z32', 12, 'w220', 1742),
('z36', 8, 'w220', 1743),
('z50', 2, 'w220', 1744),
('z34', 10, 'w220', 1745),
('z31', 15, 'w220', 1746),
('z39', 6, 'w220', 1747),
('z4', 1, 'w220', 1748),
('z51', 15, 'w221', 1749),
('z11', 18, 'w221', 1750),
('z26', 10, 'w221', 1751),
('z27', 4, 'w221', 1752),
('z18', 1, 'w221', 1753),
('z32', 25, 'w221', 1754),
('z12', 12, 'w221', 1755),
('z44', 8, 'w221', 1756),
('z31', 6, 'w221', 1757),
('z4', 2, 'w221', 1758),
('z51', 10, 'w222', 1759),
('z11', 25, 'w222', 1760),
('z26', 15, 'w222', 1761),
('z18', 18, 'w222', 1762),
('z32', 4, 'w222', 1763),
('z36', 1, 'w222', 1764),
('z50', 8, 'w222', 1765),
('z34', 2, 'w222', 1766),
('z25', 12, 'w222', 1767),
('z31', 6, 'w222', 1768),
('z51', 12, 'w223', 1769),
('z11', 10, 'w223', 1770),
('z26', 18, 'w223', 1771),
('z27', 25, 'w223', 1772),
('z18', 8, 'w223', 1773),
('z32', 4, 'w223', 1774),
('z12', 2, 'w223', 1775),
('z44', 15, 'w223', 1776),
('z36', 1, 'w223', 1777),
('z4', 6, 'w223', 1778),
('z51', 18, 'w224', 1779),
('z26', 15, 'w224', 1780),
('z18', 25, 'w224', 1781),
('z32', 8, 'w224', 1782),
('z12', 10, 'w224', 1783),
('z34', 12, 'w224', 1784),
('z31', 6, 'w224', 1785),
('z39', 1, 'w224', 1786),
('z21', 4, 'w224', 1787),
('z9', 2, 'w224', 1788),
('z11', 15, 'w225', 1789),
('z26', 10, 'w225', 1790),
('z27', 25, 'w225', 1791),
('z12', 12, 'w225', 1792),
('z36', 6, 'w225', 1793),
('z50', 18, 'w225', 1794),
('z25', 2, 'w225', 1795),
('z31', 8, 'w225', 1796),
('z39', 4, 'w225', 1797),
('z4', 1, 'w225', 1798),
('z51', 25, 'w226', 1799),
('z11', 15, 'w226', 1800),
('z26', 8, 'w226', 1801),
('z18', 18, 'w226', 1802),
('z12', 4, 'w226', 1803),
('z44', 6, 'w226', 1804),
('z36', 10, 'w226', 1805),
('z50', 1, 'w226', 1806),
('z39', 12, 'w226', 1807),
('z9', 2, 'w226', 1808),
('z51', 25, 'w227', 1809),
('z26', 8, 'w227', 1810),
('z27', 10, 'w227', 1811),
('z18', 12, 'w227', 1812),
('z32', 2, 'w227', 1813),
('z12', 18, 'w227', 1814),
('z34', 6, 'w227', 1815),
('z25', 15, 'w227', 1816),
('z41', 4, 'w227', 1817),
('z9', 1, 'w227', 1818),
('z51', 25, 'w228', 1819),
('z11', 15, 'w228', 1820),
('z26', 10, 'w228', 1821),
('z27', 1, 'w228', 1822),
('z32', 18, 'w228', 1823),
('z12', 12, 'w228', 1824),
('z44', 6, 'w228', 1825),
('z34', 8, 'w228', 1826),
('z21', 4, 'w228', 1827),
('z9', 2, 'w228', 1828),
('z51', 25, 'w229', 1829),
('z11', 18, 'w229', 1830),
('z26', 6, 'w229', 1831),
('z27', 12, 'w229', 1832),
('z18', 10, 'w229', 1833),
('z32', 15, 'w229', 1834),
('z12', 8, 'w229', 1835),
('z44', 2, 'w229', 1836),
('z34', 4, 'w229', 1837),
('z4', 1, 'w229', 1838),
('z51', 15, 'w230', 1839),
('z11', 18, 'w230', 1840),
('z26', 25, 'w230', 1841),
('z18', 12, 'w230', 1842),
('z12', 6, 'w230', 1843),
('z25', 8, 'w230', 1844),
('z39', 2, 'w230', 1845),
('z41', 10, 'w230', 1846),
('z4', 4, 'w230', 1847),
('z9', 1, 'w230', 1848),
('z51', 18, 'w231', 1849),
('z11', 15, 'w231', 1850),
('z26', 8, 'w231', 1851),
('z27', 25, 'w231', 1852),
('z18', 10, 'w231', 1853),
('z12', 12, 'w231', 1854),
('z44', 6, 'w231', 1855),
('z34', 4, 'w231', 1856),
('z41', 2, 'w231', 1857),
('z4', 1, 'w231', 1858),
('z51', 8, 'w232', 1859),
('z11', 18, 'w232', 1860),
('z26', 1, 'w232', 1861),
('z18', 25, 'w232', 1862),
('z32', 12, 'w232', 1863),
('z12', 15, 'w232', 1864),
('z34', 10, 'w232', 1865),
('z25', 2, 'w232', 1866),
('z31', 6, 'w232', 1867),
('z21', 4, 'w232', 1868);

-- --------------------------------------------------------

--
-- Table structure for table `wyscigi`
--

CREATE TABLE `wyscigi` (
  `Id_wyscigu` varchar(255) NOT NULL,
  `Rok` int(11) NOT NULL,
  `GrandPrix` varchar(255) NOT NULL
) ENGINE=InnoDB DEFAULT CHARSET=utf8mb4 COLLATE=utf8mb4_polish_ci;

--
-- Dumping data for table `wyscigi`
--

INSERT INTO `wyscigi` (`Id_wyscigu`, `Rok`, `GrandPrix`) VALUES
('w1', 2000, 'Australia'),
('w10', 2000, 'Austria'),
('w100', 2005, 'Wlochy'),
('w101', 2005, 'Belgia'),
('w102', 2005, 'Brazylia'),
('w103', 2005, 'Japonia'),
('w104', 2005, 'Chiny'),
('w105', 2006, 'Bahrain'),
('w106', 2006, 'Malezja'),
('w107', 2006, 'Australia'),
('w108', 2006, 'San Marino'),
('w109', 2006, 'Europa'),
('w11', 2000, 'Niemcy'),
('w110', 2006, 'Hiszpania'),
('w111', 2006, 'Monako'),
('w112', 2006, 'Wielka Brytania'),
('w113', 2006, 'Kanada'),
('w114', 2006, 'USA'),
('w115', 2006, 'Francja'),
('w116', 2006, 'Niemcy'),
('w117', 2006, 'Wegry'),
('w118', 2006, 'Turcja'),
('w119', 2006, 'Wlochy'),
('w12', 2000, 'Wegry'),
('w120', 2006, 'Chiny'),
('w121', 2006, 'Japonia'),
('w122', 2006, 'Brazylia'),
('w123', 2007, 'Australia'),
('w124', 2007, 'Malezja'),
('w125', 2007, 'Bahrain'),
('w126', 2007, 'Hiszpania'),
('w127', 2007, 'Monako'),
('w128', 2007, 'Kanada'),
('w129', 2007, 'USA'),
('w13', 2000, 'Belgia'),
('w130', 2007, 'Francja'),
('w131', 2007, 'Wielka Brytania'),
('w132', 2007, 'Europa'),
('w133', 2007, 'Wegry'),
('w134', 2007, 'Turcja'),
('w135', 2007, 'Wlochy'),
('w136', 2007, 'Belgia'),
('w137', 2007, 'Japonia'),
('w138', 2007, 'Chiny'),
('w139', 2007, 'Brazylia'),
('w14', 2000, 'Wlochy'),
('w140', 2008, 'Australia'),
('w141', 2008, 'Malezja'),
('w142', 2008, 'Bahrain'),
('w143', 2008, 'Hiszpania'),
('w144', 2008, 'Turcja'),
('w145', 2008, 'Monako'),
('w146', 2008, 'Kanada'),
('w147', 2008, 'Francja'),
('w148', 2008, 'Wielka Brytania'),
('w149', 2008, 'Niemcy'),
('w15', 2000, 'USA'),
('w150', 2008, 'Wegry'),
('w151', 2008, 'Europa'),
('w152', 2008, 'Belgia'),
('w153', 2008, 'Wlochy'),
('w154', 2008, 'Singapur'),
('w155', 2008, 'Japonia'),
('w156', 2008, 'Chiny'),
('w157', 2008, 'Brazylia'),
('w158', 2009, 'Australia'),
('w159', 2009, 'Malezja'),
('w16', 2000, 'Japonia'),
('w160', 2009, 'Chiny'),
('w161', 2009, 'Bahrain'),
('w162', 2009, 'Hiszpania'),
('w163', 2009, 'Monako'),
('w164', 2009, 'Turcja'),
('w165', 2009, 'Wielka Brytania'),
('w166', 2009, 'Niemcy'),
('w167', 2009, 'Wegry'),
('w168', 2009, 'Europa'),
('w169', 2009, 'Belgia'),
('w17', 2000, 'Malezja'),
('w170', 2009, 'Wlochy'),
('w171', 2009, 'Singapur'),
('w172', 2009, 'Japonia'),
('w173', 2009, 'Brazylia'),
('w174', 2009, 'Abu Dhabi'),
('w175', 2010, 'Bahrain'),
('w176', 2010, 'Australia'),
('w177', 2010, 'Malezja'),
('w178', 2010, 'Chiny'),
('w179', 2010, 'Hiszpania'),
('w18', 2001, 'Australia'),
('w180', 2010, 'Monako'),
('w181', 2010, 'Turcja'),
('w182', 2010, 'Kanada'),
('w183', 2010, 'Europa'),
('w184', 2010, 'Wielka Brytania'),
('w185', 2010, 'Niemcy'),
('w186', 2010, 'Wegry'),
('w187', 2010, 'Belgia'),
('w188', 2010, 'Wlochy'),
('w189', 2010, 'Singapur'),
('w19', 2001, 'Malezja'),
('w190', 2010, 'Japonia'),
('w191', 2010, 'Korea Poludniowa'),
('w192', 2010, 'Brazylia'),
('w193', 2010, 'Abu Dhabi'),
('w194', 2011, 'Australia'),
('w195', 2011, 'Malezja'),
('w196', 2011, 'Chiny'),
('w197', 2011, 'Turcja'),
('w198', 2011, 'Hiszpania'),
('w199', 2011, 'Monako'),
('w2', 2000, 'Brazylia'),
('w20', 2001, 'Brazylia'),
('w200', 2011, 'Kanada'),
('w201', 2011, 'Europa'),
('w202', 2011, 'Wielka Brytania'),
('w203', 2011, 'Niemcy'),
('w204', 2011, 'Wegry'),
('w205', 2011, 'Belgia'),
('w206', 2011, 'Wlochy'),
('w207', 2011, 'Singapur'),
('w208', 2011, 'Japonia'),
('w209', 2011, 'Korea Poludniowa'),
('w21', 2001, 'San Marino'),
('w210', 2011, 'Indie'),
('w211', 2011, 'Abu Dhabi'),
('w212', 2011, 'Brazylia'),
('w213', 2012, 'Australia'),
('w214', 2012, 'Malezja'),
('w215', 2012, 'Chiny'),
('w216', 2012, 'Bahrain'),
('w217', 2012, 'Hiszpania'),
('w218', 2012, 'Monako'),
('w219', 2012, 'Kanada'),
('w22', 2001, 'Hiszpania'),
('w220', 2012, 'Europa'),
('w221', 2012, 'Wielka Brytania'),
('w222', 2012, 'Niemcy'),
('w223', 2012, 'Wegry'),
('w224', 2012, 'Belgia'),
('w225', 2012, 'Wlochy'),
('w226', 2012, 'Singapur'),
('w227', 2012, 'Japonia'),
('w228', 2012, 'Korea Poludniowa'),
('w229', 2012, 'Indie'),
('w23', 2001, 'Austria'),
('w230', 2012, 'Abu Dhabi'),
('w231', 2012, 'USA'),
('w232', 2012, 'Brazylia'),
('w24', 2001, 'Monako'),
('w25', 2001, 'Kanada'),
('w26', 2001, 'Europa'),
('w27', 2001, 'Francja'),
('w28', 2001, 'Wielka Brytania'),
('w29', 2001, 'Niemcy'),
('w3', 2000, 'San Marino'),
('w30', 2001, 'Wegry'),
('w31', 2001, 'Belgia'),
('w32', 2001, 'Wlochy'),
('w33', 2001, 'USA'),
('w34', 2001, 'Japonia'),
('w35', 2002, 'Australia'),
('w36', 2002, 'Malezja'),
('w37', 2002, 'Brazylia'),
('w38', 2002, 'San Marino'),
('w39', 2002, 'Hiszpania'),
('w4', 2000, 'Wielka Brytania'),
('w40', 2002, 'Austria'),
('w41', 2002, 'Monako'),
('w42', 2002, 'Kanada'),
('w43', 2002, 'Europa'),
('w44', 2002, 'Wielka Brytania'),
('w45', 2002, 'Francja'),
('w46', 2002, 'Niemcy'),
('w47', 2002, 'Wegry'),
('w48', 2002, 'Belgia'),
('w49', 2002, 'Wlochy'),
('w5', 2000, 'Hiszpania'),
('w50', 2002, 'USA'),
('w51', 2002, 'Japonia'),
('w52', 2003, 'Australia'),
('w53', 2003, 'Malezja'),
('w54', 2003, 'Brazylia'),
('w55', 2003, 'San Marino'),
('w56', 2003, 'Hiszpania'),
('w57', 2003, 'Austria'),
('w58', 2003, 'Monako'),
('w59', 2003, 'Kanada'),
('w6', 2000, 'Europa'),
('w60', 2003, 'Europa'),
('w61', 2003, 'Francja'),
('w62', 2003, 'Wielka Brytania'),
('w63', 2003, 'Niemcy'),
('w64', 2003, 'Wegry'),
('w65', 2003, 'Wlochy'),
('w66', 2003, 'USA'),
('w67', 2003, 'Japonia'),
('w68', 2004, 'Australia'),
('w69', 2004, 'Malezja'),
('w7', 2000, 'Monako'),
('w70', 2004, 'Bahrain'),
('w71', 2004, 'San Marino'),
('w72', 2004, 'Hiszpania'),
('w73', 2004, 'Monako'),
('w74', 2004, 'Europa'),
('w75', 2004, 'Kanada'),
('w76', 2004, 'USA'),
('w77', 2004, 'Francja'),
('w78', 2004, 'Wielka Brytania'),
('w79', 2004, 'Niemcy'),
('w8', 2000, 'Kanada'),
('w80', 2004, 'Wegry'),
('w81', 2004, 'Belgia'),
('w82', 2004, 'Wlochy'),
('w83', 2004, 'Chiny'),
('w84', 2004, 'Japonia'),
('w85', 2004, 'Brazylia'),
('w86', 2005, 'Australia'),
('w87', 2005, 'Malezja'),
('w88', 2005, 'Bahrain'),
('w89', 2005, 'San Marino'),
('w9', 2000, 'Francja'),
('w90', 2005, 'Hiszpania'),
('w91', 2005, 'Monako'),
('w92', 2005, 'Europa'),
('w93', 2005, 'Kanada'),
('w94', 2005, 'USA'),
('w95', 2005, 'Francja'),
('w96', 2005, 'Wielka Brytania'),
('w97', 2005, 'Niemcy'),
('w98', 2005, 'Wegry'),
('w99', 2005, 'Turcja');

--
-- Indexes for dumped tables
--

--
-- Indexes for table `kierowcy`
--
ALTER TABLE `kierowcy`
  ADD PRIMARY KEY (`Id_kierowcy`);

--
-- Indexes for table `wyniki`
--
ALTER TABLE `wyniki`
  ADD PRIMARY KEY (`Id_wyniku`),
  ADD KEY `Id_kierowcy` (`Id_kierowcy`),
  ADD KEY `Id_wyscigu` (`Id_wyscigu`);

--
-- Indexes for table `wyscigi`
--
ALTER TABLE `wyscigi`
  ADD PRIMARY KEY (`Id_wyscigu`);

--
-- AUTO_INCREMENT for dumped tables
--

--
-- AUTO_INCREMENT for table `wyniki`
--
ALTER TABLE `wyniki`
  MODIFY `Id_wyniku` int(11) NOT NULL AUTO_INCREMENT, AUTO_INCREMENT=2048;
COMMIT;

/*!40101 SET CHARACTER_SET_CLIENT=@OLD_CHARACTER_SET_CLIENT */;
/*!40101 SET CHARACTER_SET_RESULTS=@OLD_CHARACTER_SET_RESULTS */;
/*!40101 SET COLLATION_CONNECTION=@OLD_COLLATION_CONNECTION */;
