-- phpMyAdmin SQL Dump
-- version 5.2.1
-- https://www.phpmyadmin.net/
--
-- Host: localhost
-- Generation Time: Feb 24, 2025 at 12:56 AM
-- Server version: 10.4.28-MariaDB
-- PHP Version: 8.2.4

SET SQL_MODE = "NO_AUTO_VALUE_ON_ZERO";
START TRANSACTION;
SET time_zone = "+00:00";


/*!40101 SET @OLD_CHARACTER_SET_CLIENT=@@CHARACTER_SET_CLIENT */;
/*!40101 SET @OLD_CHARACTER_SET_RESULTS=@@CHARACTER_SET_RESULTS */;
/*!40101 SET @OLD_COLLATION_CONNECTION=@@COLLATION_CONNECTION */;
/*!40101 SET NAMES utf8mb4 */;

--
-- Database: `formula2015czerwiec2016`
--

-- --------------------------------------------------------

--
-- Table structure for table `maturzysta`
--

CREATE TABLE `maturzysta` (
  `Id_zdajacego` int(11) NOT NULL,
  `Nazwisko` varchar(255) NOT NULL,
  `Imie` varchar(255) NOT NULL,
  `PESEL` varchar(255) NOT NULL,
  `Data_urodzenia` date NOT NULL
) ENGINE=InnoDB DEFAULT CHARSET=utf8mb4 COLLATE=utf8mb4_polish_ci;

--
-- Dumping data for table `maturzysta`
--

INSERT INTO `maturzysta` (`Id_zdajacego`, `Nazwisko`, `Imie`, `PESEL`, `Data_urodzenia`) VALUES
(1, 'Nizinska', 'Ewelina', '94011301221', '1994-01-13'),
(2, 'Bek', 'Jan', '94032901531', '1994-03-29'),
(3, 'Marciniak', 'Anna', '95070301788', '1995-07-03'),
(4, 'Bajda', 'Maria', '95080701123', '1995-08-07'),
(5, 'Szymanski', 'Marcin', '95060702332', '1995-06-07'),
(6, 'Pietrzyk', 'Zofia', '94090706443', '1994-09-07'),
(7, 'Kos', 'Adam', '93053108576', '1993-05-31'),
(8, 'Bosman', 'Kinga', '95111501663', '1995-11-15'),
(9, 'Czacki', 'Dawid', '95121603571', '1995-12-16'),
(10, 'Sycowski', 'Tadeusz', '95092506237', '1995-09-25'),
(11, 'Makowicz', 'Magda', '95082205323', '1995-08-22'),
(12, 'Helska', 'Marzena', '93041102445', '1993-04-11'),
(13, 'Mielecki', 'Adam', '95070101113', '1995-07-01'),
(14, 'Pietruszka', 'Paulina', '93052303127', '1993-05-23'),
(15, 'Baran', 'Marcin', '95042708476', '1995-04-27'),
(16, 'Szczygielski', 'Tomasz', '95021202332', '1995-02-12'),
(17, 'Nowak', 'Pawel', '94112802579', '1994-11-28'),
(18, 'Otwinowska', 'Tekla', '94072703223', '1994-07-27'),
(19, 'Banasik', 'Stefan', '95062106477', '1995-06-21'),
(20, 'Walec', 'Piotr', '95080809278', '1995-08-08'),
(21, 'Banasik', 'Ewelina', '95081702465', '1995-08-17'),
(22, 'Zak', 'Ewa', '95010501227', '1995-01-05'),
(23, 'Podlaski', 'Adam', '95091008231', '1995-09-10'),
(24, 'Sitarek', 'Jan', '95100806556', '1995-10-08'),
(25, 'Zalicki', 'Marcin', '95102302135', '1995-10-23'),
(26, 'Goslawska', 'Ewelina', '96052803881', '1996-05-28'),
(27, 'Augustyn', 'Paulina', '95061809645', '1995-06-18'),
(28, 'Domek', 'Grzegorz', '95120901679', '1995-12-09'),
(29, 'Domanski', 'Ludwik', '95041006436', '1995-04-10'),
(30, 'Celej', 'Krzysztof', '95030603118', '1995-03-06'),
(31, 'Adamski', 'Michal', '94031502897', '1994-03-15'),
(32, 'Jasiak', 'Stefan', '95040808338', '1995-04-08'),
(33, 'Lasota', 'Ewa', '95032609685', '1995-03-26'),
(34, 'Malec', 'Antoni', '96022801675', '1996-02-28'),
(35, 'Badowski', 'Norbert', '95122202891', '1995-12-22'),
(36, 'Mech', 'Borys', '95100105336', '1995-10-01'),
(37, 'Bugajska', 'Dorota', '94030609565', '1994-03-06'),
(38, 'Wysocka', 'Justyna', '95011201447', '1995-01-12'),
(39, 'Baranska', 'Joanna', '96080702225', '1996-08-07'),
(40, 'Misztal', 'Zofia', '95020306588', '1995-02-03'),
(41, 'Henrykowski', 'Henryk', '93121103431', '1993-12-11'),
(42, 'Lipka', 'Maja', '94012008664', '1994-01-20'),
(43, 'Rybicka', 'Maria', '94012702345', '1994-01-27'),
(44, 'Bosman', 'Andrzej', '95031606336', '1995-03-16'),
(45, 'Lipowski', 'Konrad', '93032601894', '1993-03-26'),
(46, 'Barszcz', 'Tomasz', '95112101335', '1995-11-21'),
(47, 'Aderek', 'Ewa', '93080501262', '1993-08-05'),
(48, 'Nowakowski', 'Marek', '96092202316', '1996-09-22'),
(49, 'Czerwinski', 'Edward', '94031706676', '1994-03-17'),
(50, 'Anusz', 'Adam', '95122203012', '1995-12-22'),
(51, 'Badowski', 'Fryderyk', '95021101033', '1995-02-11'),
(52, 'Bartkowski', 'Tomasz', '94011301211', '1994-01-13'),
(53, 'Bartlet', 'Jan', '94032901531', '1994-03-29'),
(54, 'Bartlewicz', 'Karol', '95070301718', '1995-07-03'),
(55, 'Bartlomiejczak', 'Aleksandra', '95080701123', '1995-08-07'),
(56, 'Bartosik', 'Tomasz', '95060702332', '1995-06-07'),
(57, 'Bartosik', 'Waclaw', '94090706433', '1994-09-07'),
(58, 'Bartosinska', 'Krystyna', '93053108546', '1993-05-31'),
(59, 'Bartosinski', 'Marceli', '95111501633', '1995-11-15'),
(60, 'Bartosz', 'Beata', '95121603521', '1995-12-16'),
(61, 'Bartosz', 'Maria', '95092506227', '1995-09-25'),
(62, 'Jablko', 'Irena', '95082205323', '1995-08-22'),
(63, 'Jablonka', 'Anna', '93041102445', '1993-04-11'),
(64, 'Jablonowska', 'Maria', '95070101123', '1995-07-01'),
(65, 'Jablonowska', 'Natalia', '93052303127', '1993-05-23'),
(66, 'Jablonowski', 'Juliusz', '95042708476', '1995-04-27'),
(67, 'Jablonski', 'Ryszard', '95021202332', '1995-02-12'),
(68, 'Malachowski', 'Waclaw', '94112802579', '1994-11-28'),
(69, 'Malecki', 'Tomasz', '94072703213', '1994-07-27'),
(70, 'Malaczek', 'Jan', '95062106477', '1995-06-21'),
(71, 'Malaczewska', 'Teresa', '95080809228', '1995-08-08'),
(72, 'Malafiej', 'Bogdan', '95081702435', '1995-08-17'),
(73, 'Malanowska', 'Maria', '95010501227', '1995-01-05'),
(74, 'Malas', 'Piotr', '95091008231', '1995-09-10'),
(75, 'Malasiuk', 'Alicja', '95100806526', '1995-10-08'),
(76, 'Malaszek', 'Tomasz', '95102302135', '1995-10-23'),
(77, 'Malaszewicz', 'Robert', '96052803811', '1996-05-28'),
(78, 'Malaszewska', 'Irena', '95061809645', '1995-06-18'),
(79, 'Malaszkiewicz', 'Piotr', '95120901679', '1995-12-09'),
(80, 'Malawy', 'Borys', '95041006436', '1995-04-10'),
(81, 'Malcuzynski', 'Karol', '95030603118', '1995-03-06'),
(82, 'Malczak', 'Piotr', '94031502897', '1994-03-15'),
(83, 'Malczewski', 'Max', '95040808338', '1995-04-08'),
(84, 'Malczuk', 'Janina', '95032609685', '1995-03-26'),
(85, 'Malczynska', 'Magdalena', '96022801625', '1996-02-28'),
(86, 'Malachowski', 'Witold', '95122202891', '1995-12-22'),
(87, 'Maleczek', 'Jakub', '95100105336', '1995-10-01'),
(88, 'Wiliczewska', 'Teresa', '94030609565', '1994-03-06'),
(89, 'Poranowska', 'Maria', '95011201447', '1995-01-12'),
(90, 'Malas', 'Jan', '96080702215', '1996-08-07'),
(91, 'Malasik', 'Aldona', '95020306588', '1995-02-03'),
(92, 'Malaszek', 'Kamil', '93121103431', '1993-12-11'),
(93, 'Malaszewicz', 'Jan', '94012008614', '1994-01-20'),
(94, 'Malaszewska', 'Natalia', '94012702345', '1994-01-27'),
(95, 'Malasz', 'Piotr', '95031606336', '1995-03-16'),
(96, 'Malcha', 'Eugeniusz', '93032601894', '1993-03-26'),
(97, 'Malecki', 'Konrad', '95112101335', '1995-11-21'),
(98, 'Maly', 'Piotr', '93080501212', '1993-08-05'),
(99, 'Kownacki', 'Zbigniew', '96091002316', '1996-09-10'),
(100, 'Kownas', 'Krzysztof', '94031706676', '1994-03-17'),
(101, 'Kowrigin', 'Michal', '95122203012', '1995-12-22'),
(102, 'Kowrus', 'Grazyna', '95021101023', '1995-02-11'),
(103, 'Kowtun', 'Jerzy', '95031606336', '1995-03-16'),
(104, 'Kowzan', 'Franciszek', '93032601894', '1993-03-26'),
(105, 'Pilacki', 'Marek', '95112101335', '1995-11-21'),
(106, 'Pilak', 'Pawel', '93080501212', '1993-08-05'),
(107, 'Pilarczyk', 'Arkadiusz', '96090102316', '1996-09-01'),
(108, 'Pilarek', 'Natalia', '94031706626', '1994-03-17'),
(109, 'Pilarowski', 'Stanislaw', '95122203012', '1995-12-22'),
(110, 'Pilars', 'Jan', '95021101033', '1995-02-11'),
(111, 'Pilarska', 'Maria', '94011301221', '1994-01-13'),
(112, 'Nowocin', 'Stefania', '94032901521', '1994-03-29'),
(113, 'Nowocinski', 'Krzysztof', '95070301718', '1995-07-03'),
(114, 'Nowodworski', 'Jerzy', '95080701113', '1995-08-07'),
(115, 'Nowogorska', 'Barbara', '95060702322', '1995-06-07'),
(116, 'Nowogorski', 'Jan', '94090706433', '1994-09-07'),
(117, 'Nowogrodzka', 'Maria', '93053108546', '1993-05-31'),
(118, 'Nowojewska', 'Elzbieta', '95111501623', '1995-11-15'),
(119, 'Nowomiejska', 'Malgorzata', '95121603521', '1995-12-16'),
(120, 'Nowomiejski', 'Janusz', '95092506217', '1995-09-25'),
(121, 'Nowominski', 'Dariusz', '95082205313', '1995-08-22'),
(122, 'Nowopolska', 'Maria', '93041102445', '1993-04-11'),
(123, 'Nowosad', 'Aleksander', '95070101113', '1995-07-01'),
(124, 'Nowowjejska', 'Sylwia', '93052303127', '1993-05-23'),
(125, 'Nowotko', 'Krzysztof', '95042708476', '1995-04-27'),
(126, 'Nowy', 'Jan', '95021202332', '1995-02-12'),
(127, 'Nowodzinski', 'Karol', '94112802579', '1994-11-28'),
(128, 'Nowina', 'Beata', '94072703223', '1994-07-27'),
(129, 'Nowa', 'Maria', '95062106427', '1995-06-21'),
(130, 'Nowicka', 'Ewelina', '95080809228', '1995-08-08'),
(131, 'Nowinska', 'Magda', '95081702445', '1995-08-17'),
(132, 'Nowicki', 'Jonasz', '95010501237', '1995-01-05'),
(133, 'Nowinski', 'Donat', '95091008231', '1995-09-10'),
(134, 'Nowopilska', 'Marta', '95100806526', '1995-10-08'),
(135, 'Noworyta', 'Karol', '95102302135', '1995-10-23'),
(136, 'Noworyta', 'Lena', '96052803841', '1996-05-28'),
(139, 'Nowosad', 'Ewelina', '95041006446', '1995-04-10'),
(140, 'Nowosad', 'Antoni', '95030603118', '1995-03-06'),
(141, 'Zaslona', 'Henryk', '94031502897', '1994-03-15'),
(142, 'Zaslonka', 'Aleksander', '95040808338', '1995-04-08'),
(143, 'Zason', 'Marek', '95032609635', '1995-03-26'),
(144, 'Zastawny', 'Adam', '96022801635', '1996-02-28'),
(145, 'Zastawski', 'Wojciech', '95122202891', '1995-12-22'),
(146, 'Zastepinski', 'Jan', '95100105336', '1995-10-01'),
(147, 'Zasucha', 'Marek', '94030609535', '1994-03-06'),
(148, 'Zasun', 'Marcin', '95011201437', '1995-01-12'),
(149, 'Zasuwik', 'Andrzej', '96080702215', '1996-08-07'),
(150, 'Zaszczynski', 'Aleksander', '95020306538', '1995-02-03'),
(151, 'Zaszewski', 'Lech', '93121103431', '1993-12-11'),
(152, 'Zaszkiewicz', 'Marcin', '94012008614', '1994-01-20'),
(153, 'Zasztoft', 'Stanislaw', '94012702335', '1994-01-27'),
(154, 'Zatarski', 'Marek', '95031606336', '1995-03-16'),
(155, 'Zateplinski', 'Marcin', '93032601894', '1993-03-26'),
(156, 'Zatkalik', 'Jadwiga', '95112101345', '1995-11-21'),
(157, 'Maciej', 'Jan', '93080501212', '1993-08-05'),
(158, 'Sandacz', 'Anna', '96091002346', '1996-09-10'),
(159, 'Sandecka', 'Elzbieta', '94031706606', '1994-03-17'),
(160, 'Sandel', 'Ernestyna', '95122203002', '1995-12-22'),
(161, 'Sandomierska', 'Teresa', '95021101023', '1995-02-11'),
(162, 'Sandomierski', 'Adam', '94011301211', '1994-01-13'),
(163, 'Sandomierz', 'Andrzej', '94032901531', '1994-03-29'),
(164, 'Sandowicz', 'Michal', '95070301718', '1995-07-03'),
(165, 'Sandowska', 'Teresa', '95080701123', '1995-08-07'),
(166, 'Sandowski', 'Filip', '95060702332', '1995-06-07'),
(167, 'Sandulowic', 'Nikolas', '94090706413', '1994-09-07'),
(168, 'Sanecka', 'Zofia', '93053108526', '1993-05-31'),
(169, 'Sanello', 'Marcin', '95111501613', '1995-11-15'),
(170, 'Sanetra', 'Adrian', '95121603571', '1995-12-16'),
(171, 'Saniawa', 'Jan', '95092506237', '1995-09-25'),
(172, 'Sanicki', 'Adrian', '95082205313', '1995-08-22'),
(173, 'Saniewicz', 'Ireneusz', '93041102415', '1993-04-11'),
(174, 'Dobiasz', 'Anna', '95070101123', '1995-07-01'),
(175, 'Dobiecka', 'Henryka', '93052303127', '1993-05-23'),
(176, 'Dobiecki', 'Iwan', '95042708476', '1995-04-27'),
(177, 'Dobielinski', 'Adam', '95021202332', '1995-02-12'),
(178, 'Dobierski', 'Jan', '94112802579', '1994-11-28'),
(179, 'Dobies', 'Apolonia', '94072703223', '1994-07-27'),
(180, 'Dobiesz', 'Adrian', '95062106477', '1995-06-21'),
(181, 'Dobieszak', 'Ryszard', '95080809278', '1995-08-08'),
(182, 'Dobieszewska', 'Krystyna', '95081702465', '1995-08-17'),
(183, 'Dobieszynski', 'Wojciech', '95010501217', '1995-01-05'),
(184, 'Dobija', 'Kamil', '95091008231', '1995-09-10'),
(185, 'Dobijanski', 'Wladyslaw', '95100806556', '1995-10-08'),
(186, 'Dobilis', 'Alicja', '95102302105', '1995-10-23'),
(187, 'Dobinski', 'Edward', '96052803811', '1996-05-28'),
(188, 'Dobiszewski', 'Julian', '95061809615', '1995-06-18'),
(189, 'Dobjasz', 'Iga', '95120901629', '1995-12-09'),
(190, 'Dobke', 'Kamil', '95041006436', '1995-04-10'),
(191, 'Dobkowska', 'Aleksandra', '95030603128', '1995-03-06'),
(192, 'Dobkowska', 'Daria', '94031502827', '1994-03-15'),
(193, 'Dobosiewicz', 'Szymon', '95040808338', '1995-04-08'),
(194, 'Dobosz', 'Anna', '93053108546', '1993-05-31'),
(195, 'Abram', 'Elzbieta', '95111501623', '1995-11-15'),
(196, 'Abram', 'Jan', '95121603511', '1995-12-16'),
(197, 'Abramczuk', 'Ewa', '95092506227', '1995-09-25'),
(198, 'Abramczyk', 'Janusz', '95082205313', '1995-08-22'),
(199, 'Abramowicz', 'Alicja', '93041102445', '1993-04-11'),
(200, 'Abramowska', 'Liliana', '95070101123', '1995-07-01'),
(201, 'Rabczenko', 'Andrzej', '93052303117', '1993-05-23'),
(202, 'Rabczynska', 'Anna', '95042708426', '1995-04-27'),
(203, 'Rabczynska', 'Romana', '95021202322', '1995-02-12'),
(204, 'Rabecki', 'Michal', '94112802579', '1994-11-28'),
(205, 'Rabel', 'Adrian', '94072703213', '1994-07-27'),
(206, 'Rabenda', 'Iwona', '95062106427', '1995-06-21'),
(207, 'Rabiak', 'Michal', '95080809218', '1995-08-08'),
(208, 'Rabij', 'Kamil', '95081702435', '1995-08-17'),
(209, 'Rabijewski', 'Adam', '95010501217', '1995-01-05'),
(210, 'Rabikowska', 'Maria', '95091008221', '1995-09-10'),
(211, 'Rabinska', 'Elzbieta', '95100806526', '1995-10-08'),
(212, 'Raboj', 'Kamil', '95102302135', '1995-10-23'),
(213, 'Rachalski', 'Andrzej', '96052803811', '1996-05-28'),
(214, 'Rachanska', 'Ewa', '95061809645', '1995-06-18'),
(215, 'Rachelski', 'Jerzy', '95120901679', '1995-12-09'),
(216, 'Rachemba', 'Antoni', '95041006436', '1995-04-10'),
(217, 'Rachlewicz', 'Elzbieta', '95030603128', '1995-03-06'),
(218, 'Rachon', 'Borys', '94031502897', '1994-03-15'),
(219, 'Rachowka', 'Krystyna', '95040808328', '1995-04-08'),
(220, 'Rachtan', 'Danuta', '95032609685', '1995-03-26'),
(221, 'Zegarska', 'Elzbieta', '96022801625', '1996-02-28'),
(222, 'Zegarska', 'Ewa', '95122202821', '1995-12-22'),
(223, 'Zegzula', 'Andrzej', '95100105336', '1995-10-01'),
(224, 'Zejdler', 'Lilianna', '94030609565', '1994-03-06'),
(225, 'Zejmowicz', 'Miroslaw', '95011201417', '1995-01-12'),
(226, 'Zelech', 'Maria', '96080702225', '1996-08-07'),
(227, 'Zelek', 'Maria', '95020306588', '1995-02-03'),
(228, 'Zelent', 'Witold', '93121103431', '1993-12-11'),
(229, 'Zelga', 'Andrzej', '94012008614', '1994-01-20'),
(230, 'Zeliasz', 'Krzysztof', '94012702315', '1994-01-27'),
(231, 'Zelichow', 'Aleksander', '95031606336', '1995-03-16'),
(232, 'Zelkowicz', 'Helena', '93032601884', '1993-03-26'),
(233, 'Zeller', 'Marek', '95112101335', '1995-11-21'),
(234, 'Zeller', 'Piotr', '93080501212', '1993-08-05'),
(235, 'Zagar', 'Natalia', '96091002326', '1996-09-10'),
(236, 'Zegier', 'Stanislaw', '94031706676', '1994-03-17'),
(237, 'Zega', 'Adrian', '95122203012', '1995-12-22'),
(238, 'Zejmer', 'Lila', '95021101023', '1995-02-11'),
(239, 'Zemowicz', 'Marcin', '95031606336', '1995-03-16'),
(240, 'Rybaczyk', 'Grzegorz', '93032601894', '1993-03-26'),
(241, 'Rybak', 'Andrzej', '95112101335', '1995-11-21'),
(242, 'Rybakiewicz', 'Jadwiga', '93080501222', '1993-08-05'),
(243, 'Rybakowski', 'Hilary', '96092002316', '1996-09-20'),
(244, 'Rybaltowski', 'Konrad', '95111501613', '1995-11-15'),
(245, 'Rybaniec', 'Jan', '95121603511', '1995-12-16'),
(246, 'Rybarczyk', 'Aleksander', '95092506237', '1995-09-25'),
(247, 'Rybarkiwicz', 'Alicja', '95082205343', '1995-08-22'),
(248, 'Rybarski', 'Juliusz', '93041102435', '1993-04-11'),
(249, 'Rybczynska', 'Zofia', '95070101123', '1995-07-01'),
(250, 'Rybczynski', 'Adam', '93052303117', '1993-05-23'),
(251, 'Rybczynski', 'Jan', '95042708436', '1995-04-27'),
(252, 'Rybeczko', 'Tomasz', '95021202332', '1995-02-12'),
(253, 'Rybialek', 'Joanna', '94112802549', '1994-11-28'),
(254, 'Rybicka', 'Anna', '94072703243', '1994-07-27'),
(255, 'Rybicka', 'Edyta', '95062106427', '1995-06-21'),
(256, 'Tabaczynska', 'Helena', '95080809248', '1995-08-08'),
(257, 'Tabaczynski', 'Andrzej', '95081702435', '1995-08-17'),
(258, 'Tabak', 'Michal', '95010501217', '1995-01-05'),
(259, 'Tabaka', 'Adam', '95091008231', '1995-09-10'),
(260, 'Tabakiernik', 'Karol', '95100806536', '1995-10-08'),
(261, 'Tabako', 'Maria', '95102302145', '1995-10-23'),
(262, 'Tabakowska', 'Irena', '96052803841', '1996-05-28'),
(263, 'Tabaszewska', 'Ewa', '95061809645', '1995-06-18'),
(264, 'Taber', 'Malgorzata', '95120901629', '1995-12-09'),
(265, 'Tabernacki', 'Andrzej', '95041006436', '1995-04-10'),
(266, 'Taberski', 'Jerzy', '95030603138', '1995-03-06'),
(267, 'Tabecki', 'Michal', '94031502897', '1994-03-15'),
(268, 'Tabor', 'Aniela', '95040808328', '1995-04-08'),
(269, 'Taborek', 'Jan', '95032609635', '1995-03-26'),
(270, 'Taborka', 'Donatylda', '96022801625', '1996-02-28'),
(271, 'Taboryski', 'Michal', '95122202811', '1995-12-22'),
(272, 'Taciak', 'Andrzej', '95100105336', '1995-10-01'),
(273, 'Czech', 'Wanda', '94030609565', '1994-03-06'),
(274, 'Czechanski', 'Michal', '95011201417', '1995-01-12'),
(275, 'Czechmanski', 'Zbigniew', '96080702215', '1996-08-07'),
(276, 'Czechowicz', 'Andrzej', '95020306518', '1995-02-03'),
(277, 'Czechowicz', 'Joanna', '93121103421', '1993-12-11'),
(278, 'Czechowska', 'Ewa', '94012008624', '1994-01-20'),
(279, 'Jaranowski', 'Michal', '94012702315', '1994-01-27'),
(280, 'Jarczewska', 'Julia', '95031606326', '1995-03-16'),
(281, 'Jarczuk', 'Jaroslaw', '93032601814', '1993-03-26'),
(282, 'Jarczyn', 'Emilia', '95112101325', '1995-11-21'),
(283, 'Jarczynska', 'Wiktoria', '93080501222', '1993-08-05'),
(284, 'Jarczynski', 'Janusz', '96091002316', '1996-09-10'),
(285, 'Jarecki', 'Adam', '94031706676', '1994-03-17'),
(286, 'Jarek', 'Edward', '95122203012', '1995-12-22'),
(287, 'Jarema', 'Michal', '95021101013', '1995-02-11'),
(288, 'Jaremczak', 'Teresa', '95031606326', '1995-03-16'),
(289, 'Jaremczuk', 'Piotr', '93032601814', '1993-03-26'),
(290, 'Jaremek', 'Marcin', '95112101335', '1995-11-21'),
(291, 'Jaremko', 'Karol', '95112101315', '1995-11-21'),
(292, 'Jargosz', 'Helena', '93080501222', '1993-08-05'),
(293, 'Jarka', 'Danuta', '96081002346', '1996-08-10'),
(294, 'Jarkiewicz', 'Marcin', '94031706616', '1994-03-17'),
(295, 'Jarkiewicz', 'Beata', '95122203002', '1995-12-22'),
(296, 'Jarkowska', 'Helena', '95021101023', '1995-02-11'),
(297, 'Jaraczynska', 'Zofia', '94011301221', '1994-01-13'),
(298, 'Jarmakowska', 'Helena', '94032901521', '1994-03-29'),
(299, 'Jarmakowska', 'Lucja', '95070301728', '1995-07-03'),
(300, 'Jarmolinska', 'Aleksandra', '95080701123', '1995-08-07'),
(301, 'Jarmolowicz', 'Marcin', '95060702332', '1995-06-07'),
(302, 'Jarmul', 'Maksymilian', '94090706413', '1994-09-07'),
(303, 'Jarmulewska', 'Teresa', '93053108526', '1993-05-31'),
(304, 'Jarmul', 'Marcin', '95111501613', '1995-11-15'),
(305, 'Jarmulowicz', 'Danuta', '95121603561', '1995-12-16');

-- --------------------------------------------------------

--
-- Table structure for table `przedmioty`
--

CREATE TABLE `przedmioty` (
  `Id_przedmiotu` int(11) NOT NULL,
  `Nazwa_przedmiotu` varchar(255) NOT NULL,
  `Data` date NOT NULL,
  `Godzina` time NOT NULL,
  `Typ` varchar(255) NOT NULL
) ENGINE=InnoDB DEFAULT CHARSET=utf8mb4 COLLATE=utf8mb4_polish_ci;

--
-- Dumping data for table `przedmioty`
--

INSERT INTO `przedmioty` (`Id_przedmiotu`, `Nazwa_przedmiotu`, `Data`, `Godzina`, `Typ`) VALUES
(1, 'jezyk polski', '2014-05-05', '09:00:00', 'obowiazkowy'),
(2, 'matematyka', '2014-05-06', '09:00:00', 'obowiazkowy'),
(3, 'jezyk lacinski i kultura antyczna', '2014-05-06', '14:00:00', 'dodatkowy'),
(4, 'jezyk angielski', '2014-05-07', '09:00:00', 'obowiazkowy'),
(5, 'wiedza o spoleczenstwie', '2014-05-08', '14:00:00', 'dodatkowy'),
(6, 'biologia', '2014-05-11', '09:00:00', 'dodatkowy'),
(7, 'jezyk niemiecki', '2014-05-12', '09:00:00', 'obowiazkowy'),
(8, 'geografia', '2014-05-13', '09:00:00', 'dodatkowy'),
(9, 'historia sztuki', '2014-05-13', '14:00:00', 'dodatkowy'),
(10, 'jezyk rosyjski', '2014-05-14', '09:00:00', 'obowiazkowy'),
(11, 'filozofia', '2014-05-14', '14:00:00', 'dodatkowy'),
(12, 'chemia', '2014-05-15', '09:00:00', 'dodatkowy'),
(13, 'fizyka', '2014-05-15', '14:00:00', 'dodatkowy'),
(14, 'jezyk francuski', '2014-05-18', '09:00:00', 'obowiazkowy'),
(15, 'informatyka', '2014-05-19', '09:00:00', 'dodatkowy'),
(16, 'historia', '2014-05-19', '14:00:00', 'dodatkowy'),
(17, 'jezyk hiszpanski', '2014-05-20', '14:00:00', 'obowiazkowy'),
(18, 'jezyk wloski', '2014-05-21', '14:00:00', 'obowiazkowy'),
(19, 'historia muzyki', '2014-05-22', '09:00:00', 'dodatkowy');

-- --------------------------------------------------------

--
-- Table structure for table `zdaje`
--

CREATE TABLE `zdaje` (
  `Id_zdajacego` int(11) NOT NULL,
  `Id_przedmiotu` int(11) NOT NULL,
  `Lp` int(11) NOT NULL
) ENGINE=InnoDB DEFAULT CHARSET=utf8mb4 COLLATE=utf8mb4_polish_ci;

--
-- Dumping data for table `zdaje`
--

INSERT INTO `zdaje` (`Id_zdajacego`, `Id_przedmiotu`, `Lp`) VALUES
(1, 1, 1),
(2, 1, 2),
(3, 1, 3),
(4, 1, 4),
(5, 1, 5),
(6, 1, 6),
(7, 1, 7),
(8, 1, 8),
(9, 1, 9),
(10, 1, 10),
(11, 1, 11),
(12, 1, 12),
(13, 1, 13),
(14, 1, 14),
(15, 1, 15),
(16, 1, 16),
(17, 1, 17),
(18, 1, 18),
(19, 1, 19),
(20, 1, 20),
(21, 1, 21),
(22, 1, 22),
(23, 1, 23),
(24, 1, 24),
(25, 1, 25),
(26, 1, 26),
(27, 1, 27),
(28, 1, 28),
(29, 1, 29),
(30, 1, 30),
(31, 1, 31),
(32, 1, 32),
(33, 1, 33),
(34, 1, 34),
(35, 1, 35),
(36, 1, 36),
(37, 1, 37),
(38, 1, 38),
(39, 1, 39),
(40, 1, 40),
(41, 1, 41),
(42, 1, 42),
(43, 1, 43),
(44, 1, 44),
(45, 1, 45),
(46, 1, 46),
(47, 1, 47),
(48, 1, 48),
(49, 1, 49),
(50, 1, 50),
(51, 1, 51),
(1, 2, 52),
(2, 2, 53),
(3, 2, 54),
(4, 2, 55),
(5, 2, 56),
(6, 2, 57),
(7, 2, 58),
(8, 2, 59),
(9, 2, 60),
(10, 2, 61),
(11, 2, 62),
(12, 2, 63),
(13, 2, 64),
(14, 2, 65),
(15, 2, 66),
(16, 2, 67),
(17, 2, 68),
(18, 2, 69),
(19, 2, 70),
(20, 2, 71),
(21, 2, 72),
(22, 2, 73),
(23, 2, 74),
(24, 2, 75),
(25, 2, 76),
(26, 2, 77),
(27, 2, 78),
(28, 2, 79),
(29, 2, 80),
(30, 2, 81),
(31, 2, 82),
(32, 2, 83),
(33, 2, 84),
(34, 2, 85),
(35, 2, 86),
(36, 2, 87),
(37, 2, 88),
(38, 2, 89),
(39, 2, 90),
(40, 2, 91),
(41, 2, 92),
(42, 2, 93),
(43, 2, 94),
(44, 2, 95),
(45, 2, 96),
(46, 2, 97),
(47, 2, 98),
(48, 2, 99),
(49, 2, 100),
(50, 2, 101),
(51, 2, 102),
(1, 4, 103),
(2, 4, 104),
(3, 4, 105),
(4, 7, 106),
(5, 4, 107),
(6, 4, 108),
(7, 4, 109),
(8, 10, 110),
(9, 7, 111),
(10, 4, 112),
(11, 4, 113),
(12, 14, 114),
(13, 4, 115),
(14, 4, 116),
(15, 4, 117),
(16, 14, 118),
(17, 4, 119),
(18, 4, 120),
(19, 4, 121),
(20, 4, 122),
(21, 17, 123),
(22, 7, 124),
(23, 4, 125),
(24, 4, 126),
(25, 4, 127),
(26, 4, 128),
(27, 14, 129),
(28, 4, 130),
(29, 4, 131),
(30, 4, 132),
(31, 4, 133),
(32, 4, 134),
(33, 7, 135),
(34, 4, 136),
(35, 4, 137),
(36, 17, 138),
(37, 4, 139),
(38, 4, 140),
(39, 18, 141),
(40, 4, 142),
(41, 4, 143),
(42, 4, 144),
(43, 7, 145),
(44, 4, 146),
(45, 14, 147),
(46, 4, 148),
(47, 4, 149),
(48, 7, 150),
(49, 4, 151),
(50, 4, 152),
(51, 4, 153),
(1, 9, 154),
(2, 6, 155),
(3, 13, 156),
(4, 5, 157),
(6, 12, 158),
(7, 13, 159),
(8, 6, 160),
(9, 6, 161),
(10, 9, 162),
(11, 15, 163),
(12, 9, 164),
(13, 6, 165),
(15, 13, 166),
(16, 9, 167),
(17, 15, 168),
(18, 9, 169),
(19, 16, 170),
(20, 6, 171),
(4, 9, 172),
(4, 11, 173),
(21, 16, 174),
(22, 12, 175),
(23, 12, 176),
(25, 12, 177),
(26, 19, 178),
(27, 12, 179),
(28, 13, 180),
(31, 8, 181),
(32, 5, 182),
(33, 5, 183),
(34, 8, 184),
(35, 12, 185),
(36, 5, 186),
(37, 9, 187),
(38, 5, 188),
(39, 19, 189),
(40, 5, 190),
(42, 5, 191),
(43, 15, 192),
(46, 15, 193),
(47, 6, 194),
(48, 15, 195),
(50, 8, 196),
(51, 15, 197),
(25, 8, 198),
(26, 8, 199),
(25, 13, 200),
(38, 15, 201),
(39, 16, 202),
(39, 13, 203),
(9, 5, 204),
(12, 12, 205),
(52, 1, 206),
(53, 1, 207),
(54, 1, 208),
(55, 1, 209),
(56, 1, 210),
(57, 1, 211),
(58, 1, 212),
(59, 1, 213),
(60, 1, 214),
(61, 1, 215),
(62, 1, 216),
(63, 1, 217),
(64, 1, 218),
(65, 1, 219),
(66, 1, 220),
(67, 1, 221),
(68, 1, 222),
(69, 1, 223),
(70, 1, 224),
(71, 1, 225),
(72, 1, 226),
(73, 1, 227),
(74, 1, 228),
(75, 1, 229),
(76, 1, 230),
(77, 1, 231),
(78, 1, 232),
(79, 1, 233),
(80, 1, 234),
(81, 1, 235),
(82, 1, 236),
(83, 1, 237),
(84, 1, 238),
(85, 1, 239),
(86, 1, 240),
(87, 1, 241),
(88, 1, 242),
(89, 1, 243),
(90, 1, 244),
(91, 1, 245),
(92, 1, 246),
(93, 1, 247),
(94, 1, 248),
(95, 1, 249),
(96, 1, 250),
(97, 1, 251),
(98, 1, 252),
(99, 1, 253),
(100, 1, 254),
(101, 1, 255),
(102, 1, 256),
(103, 1, 257),
(104, 1, 258),
(105, 1, 259),
(106, 1, 260),
(107, 1, 261),
(108, 1, 262),
(109, 1, 263),
(110, 1, 264),
(111, 1, 265),
(112, 1, 266),
(113, 1, 267),
(114, 1, 268),
(115, 1, 269),
(116, 1, 270),
(117, 1, 271),
(118, 1, 272),
(119, 1, 273),
(120, 1, 274),
(121, 1, 275),
(122, 1, 276),
(123, 1, 277),
(124, 1, 278),
(125, 1, 279),
(126, 1, 280),
(127, 1, 281),
(128, 1, 282),
(129, 1, 283),
(130, 1, 284),
(131, 1, 285),
(132, 1, 286),
(133, 1, 287),
(134, 1, 288),
(135, 1, 289),
(136, 1, 290),
(139, 1, 291),
(140, 1, 292),
(141, 1, 293),
(142, 1, 294),
(143, 1, 295),
(144, 1, 296),
(145, 1, 297),
(146, 1, 298),
(147, 1, 299),
(148, 1, 300),
(149, 1, 301),
(150, 1, 302),
(151, 1, 303),
(152, 1, 304),
(153, 1, 305),
(154, 1, 306),
(155, 1, 307),
(156, 1, 308),
(157, 1, 309),
(158, 1, 310),
(159, 1, 311),
(160, 1, 312),
(161, 1, 313),
(162, 1, 314),
(163, 1, 315),
(164, 1, 316),
(165, 1, 317),
(166, 1, 318),
(167, 1, 319),
(168, 1, 320),
(169, 1, 321),
(170, 1, 322),
(171, 1, 323),
(172, 1, 324),
(173, 1, 325),
(174, 1, 326),
(175, 1, 327),
(176, 1, 328),
(177, 1, 329),
(178, 1, 330),
(179, 1, 331),
(180, 1, 332),
(181, 1, 333),
(182, 1, 334),
(183, 1, 335),
(184, 1, 336),
(185, 1, 337),
(186, 1, 338),
(187, 1, 339),
(188, 1, 340),
(189, 1, 341),
(190, 1, 342),
(191, 1, 343),
(192, 1, 344),
(193, 1, 345),
(194, 1, 346),
(195, 1, 347),
(196, 1, 348),
(197, 1, 349),
(198, 1, 350),
(199, 1, 351),
(200, 1, 352),
(201, 1, 353),
(202, 1, 354),
(203, 1, 355),
(204, 1, 356),
(205, 1, 357),
(206, 1, 358),
(207, 1, 359),
(208, 1, 360),
(209, 1, 361),
(210, 1, 362),
(211, 1, 363),
(212, 1, 364),
(213, 1, 365),
(214, 1, 366),
(215, 1, 367),
(216, 1, 368),
(217, 1, 369),
(218, 1, 370),
(219, 1, 371),
(220, 1, 372),
(221, 1, 373),
(222, 1, 374),
(223, 1, 375),
(224, 1, 376),
(225, 1, 377),
(226, 1, 378),
(227, 1, 379),
(228, 1, 380),
(229, 1, 381),
(230, 1, 382),
(231, 1, 383),
(232, 1, 384),
(233, 1, 385),
(234, 1, 386),
(235, 1, 387),
(236, 1, 388),
(237, 1, 389),
(238, 1, 390),
(239, 1, 391),
(240, 1, 392),
(241, 1, 393),
(242, 1, 394),
(243, 1, 395),
(244, 1, 396),
(245, 1, 397),
(246, 1, 398),
(247, 1, 399),
(248, 1, 400),
(249, 1, 401),
(250, 1, 402),
(251, 1, 403),
(252, 1, 404),
(253, 1, 405),
(254, 1, 406),
(255, 1, 407),
(256, 1, 408),
(257, 1, 409),
(258, 1, 410),
(259, 1, 411),
(260, 1, 412),
(261, 1, 413),
(262, 1, 414),
(263, 1, 415),
(264, 1, 416),
(265, 1, 417),
(266, 1, 418),
(267, 1, 419),
(268, 1, 420),
(269, 1, 421),
(270, 1, 422),
(271, 1, 423),
(272, 1, 424),
(273, 1, 425),
(274, 1, 426),
(275, 1, 427),
(276, 1, 428),
(277, 1, 429),
(278, 1, 430),
(279, 1, 431),
(280, 1, 432),
(281, 1, 433),
(282, 1, 434),
(283, 1, 435),
(284, 1, 436),
(285, 1, 437),
(286, 1, 438),
(287, 1, 439),
(288, 1, 440),
(289, 1, 441),
(290, 1, 442),
(291, 1, 443),
(292, 1, 444),
(293, 1, 445),
(294, 1, 446),
(295, 1, 447),
(296, 1, 448),
(297, 1, 449),
(298, 1, 450),
(299, 1, 451),
(300, 1, 452),
(301, 1, 453),
(302, 1, 454),
(303, 1, 455),
(304, 1, 456),
(305, 1, 457),
(52, 2, 458),
(53, 2, 459),
(54, 2, 460),
(55, 2, 461),
(56, 2, 462),
(57, 2, 463),
(58, 2, 464),
(59, 2, 465),
(60, 2, 466),
(61, 2, 467),
(62, 2, 468),
(63, 2, 469),
(64, 2, 470),
(65, 2, 471),
(66, 2, 472),
(67, 2, 473),
(68, 2, 474),
(69, 2, 475),
(70, 2, 476),
(71, 2, 477),
(72, 2, 478),
(73, 2, 479),
(74, 2, 480),
(75, 2, 481),
(76, 2, 482),
(77, 2, 483),
(78, 2, 484),
(79, 2, 485),
(80, 2, 486),
(81, 2, 487),
(82, 2, 488),
(83, 2, 489),
(84, 2, 490),
(85, 2, 491),
(86, 2, 492),
(87, 2, 493),
(88, 2, 494),
(89, 2, 495),
(90, 2, 496),
(91, 2, 497),
(92, 2, 498),
(93, 2, 499),
(94, 2, 500),
(95, 2, 501),
(96, 2, 502),
(97, 2, 503),
(98, 2, 504),
(99, 2, 505),
(100, 2, 506),
(101, 2, 507),
(102, 2, 508),
(103, 2, 509),
(104, 2, 510),
(105, 2, 511),
(106, 2, 512),
(107, 2, 513),
(108, 2, 514),
(109, 2, 515),
(110, 2, 516),
(111, 2, 517),
(112, 2, 518),
(113, 2, 519),
(114, 2, 520),
(115, 2, 521),
(116, 2, 522),
(117, 2, 523),
(118, 2, 524),
(119, 2, 525),
(120, 2, 526),
(121, 2, 527),
(122, 2, 528),
(123, 2, 529),
(124, 2, 530),
(125, 2, 531),
(126, 2, 532),
(127, 2, 533),
(128, 2, 534),
(129, 2, 535),
(130, 2, 536),
(131, 2, 537),
(132, 2, 538),
(133, 2, 539),
(134, 2, 540),
(135, 2, 541),
(136, 2, 542),
(139, 2, 543),
(140, 2, 544),
(141, 2, 545),
(142, 2, 546),
(143, 2, 547),
(144, 2, 548),
(145, 2, 549),
(146, 2, 550),
(147, 2, 551),
(148, 2, 552),
(149, 2, 553),
(150, 2, 554),
(151, 2, 555),
(152, 2, 556),
(153, 2, 557),
(154, 2, 558),
(155, 2, 559),
(156, 2, 560),
(157, 2, 561),
(158, 2, 562),
(159, 2, 563),
(160, 2, 564),
(161, 2, 565),
(162, 2, 566),
(163, 2, 567),
(164, 2, 568),
(165, 2, 569),
(166, 2, 570),
(167, 2, 571),
(168, 2, 572),
(169, 2, 573),
(170, 2, 574),
(171, 2, 575),
(172, 2, 576),
(173, 2, 577),
(174, 2, 578),
(175, 2, 579),
(176, 2, 580),
(177, 2, 581),
(178, 2, 582),
(179, 2, 583),
(180, 2, 584),
(181, 2, 585),
(182, 2, 586),
(183, 2, 587),
(184, 2, 588),
(185, 2, 589),
(186, 2, 590),
(187, 2, 591),
(188, 2, 592),
(189, 2, 593),
(190, 2, 594),
(191, 2, 595),
(192, 2, 596),
(193, 2, 597),
(194, 2, 598),
(195, 2, 599),
(196, 2, 600),
(197, 2, 601),
(198, 2, 602),
(199, 2, 603),
(200, 2, 604),
(201, 2, 605),
(202, 2, 606),
(203, 2, 607),
(204, 2, 608),
(205, 2, 609),
(206, 2, 610),
(207, 2, 611),
(208, 2, 612),
(209, 2, 613),
(210, 2, 614),
(211, 2, 615),
(212, 2, 616),
(213, 2, 617),
(214, 2, 618),
(215, 2, 619),
(216, 2, 620),
(217, 2, 621),
(218, 2, 622),
(219, 2, 623),
(220, 2, 624),
(221, 2, 625),
(222, 2, 626),
(223, 2, 627),
(224, 2, 628),
(225, 2, 629),
(226, 2, 630),
(227, 2, 631),
(228, 2, 632),
(229, 2, 633),
(230, 2, 634),
(231, 2, 635),
(232, 2, 636),
(233, 2, 637),
(234, 2, 638),
(235, 2, 639),
(236, 2, 640),
(237, 2, 641),
(238, 2, 642),
(239, 2, 643),
(240, 2, 644),
(241, 2, 645),
(242, 2, 646),
(243, 2, 647),
(244, 2, 648),
(245, 2, 649),
(246, 2, 650),
(247, 2, 651),
(248, 2, 652),
(249, 2, 653),
(250, 2, 654),
(251, 2, 655),
(252, 2, 656),
(253, 2, 657),
(254, 2, 658),
(255, 2, 659),
(256, 2, 660),
(257, 2, 661),
(258, 2, 662),
(259, 2, 663),
(260, 2, 664),
(261, 2, 665),
(262, 2, 666),
(263, 2, 667),
(264, 2, 668),
(265, 2, 669),
(266, 2, 670),
(267, 2, 671),
(268, 2, 672),
(269, 2, 673),
(270, 2, 674),
(271, 2, 675),
(272, 2, 676),
(273, 2, 677),
(274, 2, 678),
(275, 2, 679),
(276, 2, 680),
(277, 2, 681),
(278, 2, 682),
(279, 2, 683),
(280, 2, 684),
(281, 2, 685),
(282, 2, 686),
(283, 2, 687),
(284, 2, 688),
(285, 2, 689),
(286, 2, 690),
(287, 2, 691),
(288, 2, 692),
(289, 2, 693),
(290, 2, 694),
(291, 2, 695),
(292, 2, 696),
(293, 2, 697),
(294, 2, 698),
(295, 2, 699),
(296, 2, 700),
(297, 2, 701),
(298, 2, 702),
(299, 2, 703),
(300, 2, 704),
(301, 2, 705),
(302, 2, 706),
(303, 2, 707),
(304, 2, 708),
(305, 2, 709),
(52, 4, 710),
(53, 4, 711),
(54, 4, 712),
(55, 4, 713),
(56, 4, 714),
(57, 4, 715),
(58, 4, 716),
(59, 4, 717),
(60, 4, 718),
(61, 4, 719),
(62, 4, 720),
(63, 4, 721),
(64, 4, 722),
(65, 4, 723),
(66, 4, 724),
(67, 4, 725),
(68, 4, 726),
(69, 4, 727),
(70, 4, 728),
(71, 4, 729),
(72, 4, 730),
(73, 4, 731),
(74, 4, 732),
(75, 4, 733),
(76, 4, 734),
(77, 4, 735),
(78, 4, 736),
(79, 4, 737),
(80, 4, 738),
(81, 4, 739),
(82, 4, 740),
(83, 4, 741),
(84, 4, 742),
(85, 4, 743),
(86, 4, 744),
(87, 4, 745),
(88, 4, 746),
(89, 4, 747),
(90, 4, 748),
(91, 4, 749),
(92, 4, 750),
(93, 4, 751),
(94, 4, 752),
(95, 4, 753),
(96, 4, 754),
(97, 4, 755),
(98, 4, 756),
(99, 4, 757),
(100, 4, 758),
(101, 4, 759),
(102, 4, 760),
(103, 4, 761),
(104, 4, 762),
(105, 4, 763),
(106, 4, 764),
(107, 4, 765),
(108, 4, 766),
(109, 4, 767),
(110, 4, 768),
(111, 4, 769),
(112, 4, 770),
(113, 4, 771),
(114, 4, 772),
(115, 4, 773),
(116, 4, 774),
(117, 4, 775),
(118, 4, 776),
(119, 4, 777),
(120, 4, 778),
(121, 4, 779),
(122, 4, 780),
(123, 4, 781),
(124, 4, 782),
(125, 4, 783),
(126, 4, 784),
(127, 4, 785),
(128, 4, 786),
(129, 4, 787),
(130, 4, 788),
(131, 4, 789),
(132, 4, 790),
(133, 4, 791),
(134, 4, 792),
(135, 4, 793),
(136, 4, 794),
(139, 4, 795),
(140, 4, 796),
(141, 4, 797),
(142, 4, 798),
(143, 4, 799),
(144, 4, 800),
(145, 4, 801),
(146, 4, 802),
(147, 4, 803),
(148, 4, 804),
(149, 4, 805),
(150, 4, 806),
(151, 4, 807),
(152, 4, 808),
(153, 4, 809),
(154, 4, 810),
(155, 4, 811),
(156, 4, 812),
(157, 4, 813),
(158, 4, 814),
(159, 4, 815),
(160, 4, 816),
(161, 4, 817),
(162, 4, 818),
(163, 4, 819),
(164, 4, 820),
(165, 4, 821),
(166, 4, 822),
(167, 4, 823),
(168, 4, 824),
(169, 4, 825),
(170, 4, 826),
(171, 4, 827),
(172, 4, 828),
(173, 4, 829),
(174, 4, 830),
(175, 4, 831),
(176, 4, 832),
(177, 4, 833),
(178, 4, 834),
(179, 4, 835),
(180, 4, 836),
(181, 4, 837),
(182, 4, 838),
(183, 4, 839),
(184, 4, 840),
(185, 4, 841),
(186, 4, 842),
(187, 4, 843),
(188, 4, 844),
(189, 4, 845),
(190, 4, 846),
(191, 4, 847),
(192, 4, 848),
(193, 4, 849),
(194, 4, 850),
(195, 4, 851),
(196, 4, 852),
(197, 4, 853),
(198, 4, 854),
(199, 4, 855),
(200, 4, 856),
(201, 4, 857),
(202, 4, 858),
(203, 4, 859),
(204, 4, 860),
(205, 4, 861),
(206, 4, 862),
(207, 4, 863),
(208, 4, 864),
(209, 4, 865),
(210, 4, 866),
(211, 4, 867),
(212, 4, 868),
(213, 4, 869),
(214, 4, 870),
(215, 4, 871),
(216, 4, 872),
(217, 4, 873),
(218, 4, 874),
(219, 4, 875),
(220, 4, 876),
(221, 4, 877),
(222, 4, 878),
(223, 4, 879),
(224, 4, 880),
(225, 4, 881),
(226, 4, 882),
(227, 4, 883),
(228, 4, 884),
(229, 4, 885),
(230, 4, 886),
(231, 4, 887),
(232, 4, 888),
(233, 4, 889),
(234, 4, 890),
(235, 4, 891),
(236, 4, 892),
(237, 4, 893),
(238, 4, 894),
(239, 4, 895),
(240, 4, 896),
(241, 4, 897),
(242, 4, 898),
(243, 4, 899),
(244, 4, 900),
(245, 4, 901),
(246, 4, 902),
(247, 4, 903),
(248, 4, 904),
(249, 4, 905),
(250, 4, 906),
(251, 4, 907),
(252, 4, 908),
(253, 4, 909),
(254, 4, 910),
(255, 4, 911),
(256, 4, 912),
(257, 4, 913),
(258, 4, 914),
(259, 4, 915),
(260, 4, 916),
(261, 4, 917),
(262, 4, 918),
(263, 4, 919),
(264, 4, 920),
(265, 4, 921),
(266, 4, 922),
(267, 4, 923),
(268, 4, 924),
(269, 4, 925),
(270, 4, 926),
(271, 4, 927),
(272, 4, 928),
(273, 4, 929),
(274, 4, 930),
(275, 4, 931),
(276, 4, 932),
(277, 4, 933),
(278, 4, 934),
(279, 4, 935),
(280, 4, 936),
(281, 4, 937),
(282, 4, 938),
(283, 4, 939),
(284, 4, 940),
(285, 4, 941),
(286, 4, 942),
(287, 4, 943),
(288, 4, 944),
(289, 4, 945),
(290, 4, 946),
(291, 4, 947),
(292, 4, 948),
(293, 4, 949),
(294, 4, 950),
(295, 4, 951),
(296, 4, 952),
(297, 4, 953),
(298, 4, 954),
(299, 4, 955),
(300, 4, 956),
(301, 4, 957),
(302, 4, 958),
(303, 4, 959),
(304, 4, 960),
(305, 4, 961);

--
-- Indexes for dumped tables
--

--
-- Indexes for table `maturzysta`
--
ALTER TABLE `maturzysta`
  ADD PRIMARY KEY (`Id_zdajacego`);

--
-- Indexes for table `przedmioty`
--
ALTER TABLE `przedmioty`
  ADD PRIMARY KEY (`Id_przedmiotu`);

--
-- Indexes for table `zdaje`
--
ALTER TABLE `zdaje`
  ADD PRIMARY KEY (`Lp`),
  ADD KEY `Id_przedmiotu` (`Id_przedmiotu`),
  ADD KEY `Id_zdajacego` (`Id_zdajacego`);

--
-- AUTO_INCREMENT for dumped tables
--

--
-- AUTO_INCREMENT for table `zdaje`
--
ALTER TABLE `zdaje`
  MODIFY `Lp` int(11) NOT NULL AUTO_INCREMENT, AUTO_INCREMENT=1024;
COMMIT;

/*!40101 SET CHARACTER_SET_CLIENT=@OLD_CHARACTER_SET_CLIENT */;
/*!40101 SET CHARACTER_SET_RESULTS=@OLD_CHARACTER_SET_RESULTS */;
/*!40101 SET COLLATION_CONNECTION=@OLD_COLLATION_CONNECTION */;
